file,group,index,id,type,title,tooltip,text,region,place,coordinates,image,switchTo,flyTo,flyToId
js/markers.js,portals,0,"""""",overworld_portal_lsp,Portal to Lotor's Summer Palace,Portal to Lotor's Summer Palace,"""""",Western Isles,Party Island,"{""x"":439,""y"":119}",images/markers/Party_Island_to_LSP_Portal.png,"""""","""""",""""""
js/markers.js,portals,1,"""""",overworld_portal_lsp,Portal to Leave Valinor,Portal to Leave Valinor,"""""",Valinor,Valinor,"{""x"":775,""y"":99}",images/markers/Valinor_to_Leave_Valinor_Portal.png,"""""","""""",""""""
js/markers.js,portals,2,"""""",overworld_portal_small,Portal to Arena Viewing Area,Portal to Arena Viewing Area,"""""",Valinor,Valinor,"{""x"":775,""y"":167}",images/markers/Valinor_to_Arena_Viewing_Area_Portal.png,"""""","""""",""""""
js/markers.js,portals,3,"""""",overworld_portal_lsp,Portal to Lotor's Summer Palace,Portal to Lotor's Summer Palace,"""""",Silvest Valley,Silvest,"{""x"":999,""y"":1337}",images/portals/Lotors_Summer_Palace_Portal.png,"""""","""""",""""""
js/markers.js,portals,4,"""""",overworld_portal_small,Portal to Lotor's Jail,Portal to Lotor's Jail,"""""",Krythan,Lotor's Castle,"{""x"":263,""y"":1181}",images/portals/Lotors_Jail_Portal.png,"""""","""""",""""""
js/markers.js,portals,5,"""""",overworld_portal_small,Portal to Outside Lotor's Castle,Portal to Outside Lotor's Castle,"""""",Krythan,Lotor's Castle,"{""x"":232,""y"":1161}",images/portals/Lotors_Jail_Portal.png,"""""","""""",""""""
js/markers.js,portals,6,"""""",overworld_portal_small,Portal to Outside Lotor's Prison,Portal to Outside Lotor's Prison,"""""",Krythan,Lotor's Castle,"{""x"":235,""y"":1150}",images/portals/Lotors_Prison_Portal.png,"""""","""""",""""""
js/markers.js,portals,7,"""""",overworld_portal_blue,Portal to Highlands West of Parian,Portal to Highlands West of Parian,"""""",Krythan,Krythan Fields,"{""x"":584,""y"":1496}",images/markers/Krythan_to_Highlands_West_of_Parian_Portal.png,"""""","""""",""""""
js/markers.js,portals,8,"""""",overworld_portal_blue,Portal to Darkwoods North of Josody,Portal to Darkwoods North of Josody,"""""",Krythan,Krythan Fields,"{""x"":184,""y"":1465}",images/markers/Krythan_to_Darkwoods_North_of_Josody_Portal.png,"""""","""""",""""""
js/markers.js,portals,9,"""""",overworld_portal_small,Portal to Hell,Portal to Hell,"""""",Krythan,Krythan Fields,"{""x"":472,""y"":1895}",images/markers/Krythan_to_Hell_Portal.png,"""""","""""",""""""
js/markers.js,portals,10,"""""",overworld_portal_small,Portal to Scarab Island,Portal to Scarab Island,"""""",Krythan,Krythan Fields,"{""x"":712,""y"":1752}",images/markers/Krythan_to_Scarab_Island_Portal.png,"""""","""""",""""""
js/markers.js,portals,11,"""""",overworld_portal_small,Portal to Krythan Region,Portal to Krythan Region,"""""",Western Isles,Scarab Island,"{""x"":472,""y"":2183}",images/markers/Scarab_Island_to_Krythan_Region_Portal.png,"""""","""""",""""""
js/markers.js,portals,12,"""""",overworld_portal_blue,Portal to Krythan Island (West of New Korelth),Portal to Krythan Island (West of New Korelth),"""""",Darkwoods,Darkwoods,"{""x"":1351,""y"":2439}",images/markers/Darkwoods_to_Krythan_Island_West_of_New_Korelth_Portal.png,"""""","""""",""""""
js/markers.js,portals,13,"""""",overworld_portal_lsp,Portal to Lotor's Summer Palace,Portal to Lotor's Summer Palace,"""""",Darkwoods,Josody,"{""x"":1254,""y"":2518}",images/markers/Darkwoods_to_LSP_Portal.png,"""""","""""",""""""
js/markers.js,portals,14,"""""",overworld_portal_blue,Portal to Highlands (Southeast of Parian),Portal to Highlands (Southeast of Parian),"""""",Darkwoods,Darkwoods,"{""x"":808,""y"":2838}",images/markers/Darkwoods_to_Highlands_Southeast_of_Parian_Portal.png,"""""","""""",""""""
js/markers.js,portals,15,"""""",overworld_portal_small,Portal to Mnemmon,Portal to Mnemmon,"""""",Darkwoods,Mnemmon Gaol,"{""x"":867,""y"":3417}",images/markers/Darkwoods_to_Mnemmon_Portal.png,"""""","""""",""""""
js/markers.js,portals,16,"""""",overworld_portal_small,Portal to Mnemmon Gaol,Portal to Mnemmon Gaol,"""""",Darkwoods,Mnemmon,"{""x"":909,""y"":3259}",images/markers/Darkwoods_to_Mnemmon_Gaol_Portal.png,"""""","""""",""""""
js/markers.js,portals,17,"""""",overworld_portal_lsp,Portal to Lotor's Summer Palace,Portal to Lotor's Summer Palace,"""""",Darkwoods,Whisperdale,"{""x"":472,""y"":3481}",images/markers/Darkwoods_to_LSP_Portal.png,"""""","""""",""""""
js/markers.js,portals,18,"""""",overworld_portal_small,Portal to Scorched Island,Portal to Scorched Island,"""""",Battle Plains,Battle Plains,"{""x"":1600,""y"":3077}",images/markers/Scorched_Island_to_Battle_Plains_Portal.png,"""""","""""",""""""
js/markers.js,portals,19,"""""",overworld_portal_lsp,Portal to Proudblood Valley,Portal to Proudblood Valley,"""""",Battle Plains,Battle Plains,"{""x"":2263,""y"":3705}",images/markers/Scorched_Island_to_Proudblood_Valley_Portal.png,"""""","""""",""""""
js/markers.js,portals,20,"""""",overworld_portal_small,Exit Proudblood Valley,Exit Proudblood Valley,"""""",Battle Plains,Proudblood Valley,"{""x"":1963,""y"":3651}",images/markers/Exit_Proudblood_Valley_Portal.png,"""""","""""",""""""
js/markers.js,portals,21,"""""",overworld_portal_lsp,Portal to Lotor's Summer Palace,Portal to Lotor's Summer Palace,"""""",Black Swamp,Krog,"{""x"":3110,""y"":3686}",images/markers/Black_Swamp_to_LSP_Portal.png,"""""","""""",""""""
js/markers.js,portals,22,"""""",overworld_portal_small,Portal to Minotaur Island,Portal to Minotaur Island,"""""",Highlands,Ancient Site of Minos,"{""x"":2935,""y"":3191}",images/markers/Minotaur_Island_Portal.png,"""""","""""",""""""
js/markers.js,portals,23,"""""",overworld_portal_small,Portal to Southern Highlands (Northeast of Grell),Portal to Southern Highlands (Northeast of Grell),"""""",Highlands,Highlands,"{""x"":3335,""y"":2808}",images/markers/Highlands_to_Southern_Highlands_Northeast_of_Grell_Portal.png,"""""","""""",""""""
js/markers.js,portals,24,"""""",overworld_portal_small,Portal to Highlands (North of Parian),Portal to Highlands (North of Parian),"""""",Highlands,Highlands,"{""x"":3081,""y"":3548}",images/markers/Highlands_to_Highlands_North_of_Parian_Portal.png,"""""","""""",""""""
js/markers.js,portals,25,"""""",overworld_portal_blue,Portal to Darkwoods (East of Redwake),Portal to Darkwoods (East of Redwake),"""""",Highlands,Highlands,"{""x"":3768,""y"":3239}",images/markers/Darkwoods_to_Highlands_East_of_Redwake_Portal.png,"""""","""""",""""""
js/markers.js,portals,26,"""""",overworld_portal_blue,Portal to Krythan Island (West of New Korelth),Portal to Krythan Island (West of New Korelth),"""""",Highlands,Highlands,"{""x"":3304,""y"":3015}",images/markers/Krythan_to_Scarab_Island_Portal.png,"""""","""""",""""""
js/markers.js,portals,27,"""""",overworld_portal_lsp,Portal to Lotor's Summer Palace,Portal to Lotor's Summer Palace,"""""",Highlands,Parian,"{""x"":3415,""y"":2919}",images/markers/Parian_to_LSP_Portal.png,"""""","""""",""""""
js/markers.js,portals,38,"""""",overworld_portal_lsp,Portal to Lotor's Summer Palace,Portal to Lotor's Summer Palace,"""""",Krythan,Real Estate Island,"{""x"":662,""y"":731}",images/markers/Real_Estate_Island_to_LSP_Portal.png,"""""","""""",""""""
js/markers.js,portals,39,"""""",overworld_portal_blue,Portal to Ancient Site of Minos,Portal to Ancient Site of Minos,"""""",Western Isles,Minotaur Island,"{""x"":136,""y"":247}",images/markers/Minotaur_Island_to_Ancient_Site_of_Minos_Portal.png,"""""","""""",""""""
js/markers.js,portals,40,"""""",overworld_portal_small,Portal to Battle Plains,Portal to Battle Plains,"""""",Western Isles,Scorched Island,"{""x"":630,""y"":2101}",images/markers/Scorched_Island_to_Battle_Plains_Portal.png,"""""","""""",""""""
js/markers.js,portals,41,"""""",overworld_portal_small,Portal to Hell,Portal to Hell,"""""",Western Isles,Scorched Island,"{""x"":719,""y"":1963}",images/markers/Scorched_Island_to_Hell_Portal.png,"""""","""""",""""""
js/markers.js,portals,42,"""""",overworld_portal_small,Portal to Lotor's Castle Jail,Portal to Lotor's Castle Jail,"""""",Western Isles,Lotor's Prison,"{""x"":1485,""y"":631}",images/markers/Lotors_Castle_Jail_Portal.png,"""""","""""",""""""
js/markers.js,portals,43,"""""",overworld_portal_small,Portal to Scorched Island,Portal to Scorched Island,"""""",Hell,Hell,"{""x"":1051,""y"":3288}",images/markers/Scorched_Island_to_Battle_Plains_Portal.png,"""""","""""",""""""
js/markers.js,portals,44,"""""",overworld_portal_small,Portal to Krythan Island,Portal to Krythan Island,"""""",Hell,Hell,"{""x"":1177,""y"":3289}",images/markers/Krythan_to_Scarab_Island_Portal.png,"""""","""""",""""""
js/markers.js,portals,45,"""""",overworld_portal_lsp,Portal to Lotor's Summer Palace,Portal to Lotor's Summer Palace,"""""",Heartwood Coast,Valmond,"{""x"":2788,""y"":2135}",images/markers/Heartwood_Coast_to_LSP_Portal.png,"""""","""""",""""""
js/markers.js,portals,46,"""""",overworld_portal_lsp,Portal to Lotor's Summer Palace,Portal to Northern Frost Giant Island,"""""",Tundria,Northwest Tundria,"{""x"":1688,""y"":152}",images/markers/Northern_Frost_Giant_Island_to_LSP_Portal.png,"""""","""""",""""""
js/markers.js,portals,47,"""""",overworld_portal_lsp,Portal to Lotor's Summer Palace,Portal to Lotor's Summer Palace,"""""",Sands of Creation,Ruhura,"{""x"":470,""y"":4037}",images/markers/Lotor's_Summer_Palace_to_Ruhura_Portal.png,"""""","""""",""""""
js/markers.js,portals,48,"""""",overworld_portal_blue,Portal to Dragon Lair (Blue Dragons),Portal to Dragon Lair (Blue Dragons),"""""",Sands of Creation,Ruhura,"{""x"":112,""y"":3476}",images/markers/Portal_to_Dragon_Lair_(Blue_Dragons).png,"""""","""""",""""""
js/markers.js,portals,49,"""""",overworld_portal_lsp,Portal to Lotor's Summer Palace,Portal to Lotor's Summer Palace,"""""",Sands of Creation,Khafra,"{""x"":200,""y"":2856}",images/markers/Lotor's_Summer_Palace_to_Khafra_Portal.png,"""""","""""",""""""
js/markers.js,portals,50,"""""",overworld_portal_lsp,Portal to Artonian Island,Portal to Artonian Island,"""""",Sands of Creation,Khafra,"{""x"":25,""y"":3413}",images/markers/Portal_to_Artonian_Island.png,"""""","""""",""""""
js/markers.js,portals,51,"""""",overworld_portal_lsp,Portal to Khafra,Portal to Khafra,"""""",Sands of Creation,Khafra,"{""x"":215,""y"":3385}",images/markers/Portal_to_Khafra.png,"""""","""""",""""""
js/markers.js,portals,52,"""""",overworld_portal_housing,Portal to House Realm,Portal to House Realm,"""""",Darkwoods,Josody,"{""x"":1271,""y"":2512}",images/markers/Darkwoods_to_House_Realm_Portal.png,"""""","""""",""""""
js/markers.js,portals,53,"""""",overworld_portal_housing,Portal to Housing Realm,Portal to Housing Realm,"""""",Black Swamp,Krog,"{""x"":3122,""y"":3730}",images/portals/Krog_Housing_Realm_Portal.png,"""""","""""",""""""
js/markers.js,portals,54,"""""",overworld_portal_housing,Portal to Housing Realm,Portal to Housing Realm,"""""",Highlands,Parian,"{""x"":3465,""y"":3133}",images/portals/Parian_Housing_Realm_Portal.png,"""""","""""",""""""
js/markers.js,portals,56,"""""",overworld_portal_whirlpool,Whirlpool to Obsidian Lake,Whirlpool to Obsidian Lake,"""""",Broken Finger,Obsidian Lake,"{""x"":1468,""y"":3713}",images/markers/Exit_Proudblood_Valley_Portal.png,"""""","""""",""""""
js/markers.js,portals,57,"""""",overworld_portal_whirlpool,Whirlpool to Broken Lake,Whirlpool to Broken Lake,"""""",Broken Finger,Obsidian Lake,"{""x"":1538,""y"":3696}",images/markers/Whirlpool_to_Broken_Lake.png,"""""","""""",""""""
js/markers.js,portals,58,"""""",overworld_portal_whirlpool,Whirlpool to Proudblood Sound,Whirlpool to Proudblood Sound,"""""",Broken Finger,Obsidian Lake,"{""x"":1077,""y"":3533}",images/markers/Whirlpool_to_Proudblood_Sound.png,"""""","""""",""""""
js/markers.js,portals,59,"""""",overworld_portal_whirlpool,Whirlpool to Obsidian Lake,Whirlpool to Obsidian Lake,"""""",Broken Finger,Proudblood Sound,"{""x"":2310,""y"":3723}",images/markers/Whirlpool_to_Obsidian_Lake.png,"""""","""""",""""""
js/markers.js,portals,60,"""""",overworld_portal_whirlpool,Whirlpool to Lotor's Prison,Whirlpool to Lotor's Prison,"""""",Battle Plains,Chlera Bay,"{""x"":2556,""y"":3666}",images/markers/Whirlpool_to_Lotor's_Prison.png,"""""","""""",""""""
js/markers.js,portals,61,"""""",overworld_portal_whirlpool,Whirlpool to Jeel Docks,Whirlpool to Jeel Docks,"""""",Western Isles,Test Island,"{""x"":4000,""y"":4000}",images/markers/Whirlpool_to_Jeel_Docks.png,"""""","""""",""""""
js/markers.js,portals,62,"""""",overworld_portal_whirlpool,Whirlpool to Silvest Bay,Whirlpool to Silvest Bay,"""""",Western Isles,PVP Island,"{""x"":4014,""y"":2425}",images/markers/Whirlpool_to_Silvest_Bay.png,"""""","""""",""""""
js/markers.js,portals,63,"""""",overworld_portal_whirlpool,Whirlpool to Tundria East of Duremar,Whirlpool to Tundria East of Duremar,"""""",Western Isles,Scarab Island,"{""x"":30,""y"":2227}",images/markers/Whirlpool_to_Tundria_East_of_Duremar.png,"""""","""""",""""""
js/markers.js,portals,64,"""""",overworld_portal_whirlpool,Whirlpool to East Highlands of Death Tyrant Valley,Whirlpool to East Highlands of Death Tyrant Valley,"""""",Krythan,Silvest Valley,"{""x"":1242,""y"":1548}",images/markers/Whirlpool_to_East_Highlands_of_Death_Tyrant_Valley.png,"""""","""""",""""""
js/markers.js,portals,65,"""""",overworld_portal_whirlpool,Whirlpool to South of Test Island,Whirlpool to South of Test Island,"""""",Krythan,Guild Arena Island,"{""x"":63,""y"":847}",images/markers/Whirlpool_to_South_of_Test_Island.png,"""""","""""",""""""
js/markers.js,portals,66,"""""",overworld_portal_whirlpool,Whirlpool to Chlera Bay,Whirlpool to Chlera Bay,"""""",Krythan,Lotor's Prison,"{""x"":1471,""y"":631}",images/markers/Whirlpool_to_Chlera_Bay.png,"""""","""""",""""""
js/markers.js,portals,67,"""""",overworld_portal_whirlpool,Whirlpool to Scarab Island,Whirlpool to Scarab Island,"""""",Tundria,Tundria,"{""x"":3998,""y"":947}",images/markers/Whirlpool_to_Scarab_Island.png,"""""","""""",""""""
js/markers.js,services_npcs,0,"""""",overworld_quest,Lord Trembley,Lord Trembley,"""""",Valinor,Valinor,"{""x"":760,""y"":75}",images/markers/Lord_Trembley_Quest.png,"""""","""""",""""""
js/markers.js,services_npcs,1,"""""",overworld_quest,Duke Randolf,Duke Randolf,"""""",Valinor,Valinor,"{""x"":751,""y"":77}",images/markers/Duke_Randolf_Quest.png,"""""","""""",""""""
js/markers.js,services_npcs,2,"""""",overworld_quest,Sandre (Wanders),Sandre (Wanders),"""""",Valinor,Valinor,"{""x"":769,""y"":138}",images/markers/Sandre_Wanders.png,"""""","""""",""""""
js/markers.js,services_npcs,3,"""""",overworld_quest,Kumba Northern (Wanders),Kumba Northern (Wanders),"""""",Valinor,Valinor,"{""x"":758,""y"":136}",images/markers/Kumba_Northern_Wanders.png,"""""","""""",""""""
js/markers.js,services_npcs,4,"""""",overworld_quest,Mary Locksley (Wanders),Mary Locksley (Wanders),"""""",Valinor,Valinor,"{""x"":773,""y"":145}",images/markers/Mary_Locksley_Wanders.png,"""""","""""",""""""
js/markers.js,services_npcs,5,"""""",overworld_quest,Davey Logan (Wanders),Davey Logan (Wanders),"""""",Valinor,Valinor,"{""x"":746,""y"":144}",images/markers/Davey_Logan_Wanders.png,"""""","""""",""""""
js/markers.js,services_npcs,6,"""""",overworld_quest,Imica (Wanders),Imica (Wanders),"""""",Valinor,Valinor,"{""x"":743,""y"":136}",images/markers/Imica_Wanders.png,"""""","""""",""""""
js/markers.js,services_npcs,7,"""""",overworld_quest,Timothy Jager (Wanders),Timothy Jager (Wanders),"""""",Valinor,Valinor,"{""x"":733,""y"":136}",images/markers/Timothy_Jager_Wanders.png,"""""","""""",""""""
js/markers.js,services_npcs,8,"""""",overworld_quest,Sandre (Wanders),Sandre (Wanders),"""""",Valinor,Valinor,"{""x"":749,""y"":105}",images/markers/Sandre_Wanders.png,"""""","""""",""""""
js/markers.js,services_npcs,9,"""""",overworld_quest,Hereward (Wanders),Hereward (Wanders),"""""",Valinor,Valinor,"{""x"":765,""y"":144}",images/markers/Hereward_Wanders.png,"""""","""""",""""""
js/markers.js,services_npcs,10,"""""",overworld_quest,Topacia (Wanders),Topacia (Wanders),"""""",Valinor,Valinor,"{""x"":771,""y"":109}",images/markers/Topacia_Wanders.png,"""""","""""",""""""
js/markers.js,services_npcs,11,"""""",overworld_quest,Alchemist Baki,Alchemist Baki,"""""",Valinor,Valinor,"{""x"":781,""y"":115}",images/markers/Alchemist_Baki.png,"""""","""""",""""""
js/markers.js,services_npcs,12,"""""",overworld_quest,Sarah Bent,Sarah Bent,"""""",Valinor,Valinor,"{""x"":782,""y"":120}",images/markers/Sarah_Bent.png,"""""","""""",""""""
js/markers.js,services_npcs,13,"""""",overworld_quest,Serina Wilcut,Serina Wilcut,"""""",Valinor,Valinor,"{""x"":782,""y"":122}",images/markers/Serina_Wilcut.png,"""""","""""",""""""
js/markers.js,services_npcs,14,"""""",overworld_quest,Knight Bastrop,Knight Bastrop,"""""",Valinor,Valinor,"{""x"":780,""y"":124}",images/markers/Knight_Bastrop.png,"""""","""""",""""""
js/markers.js,services_npcs,15,"""""",overworld_quest,Eustacius (Wanders),Eustacius (Wanders),"""""",Valinor,Valinor,"{""x"":786,""y"":126}",images/markers/Eustacius_Wanders.png,"""""","""""",""""""
js/markers.js,services_npcs,16,"""""",overworld_quest,Curtis Leabu (Wanders),Curtis Leabu (Wanders),"""""",Valinor,Valinor,"{""x"":787,""y"":96}",images/markers/Curtis_Leabu_Wanders.png,"""""","""""",""""""
js/markers.js,services_npcs,17,"""""",overworld_quest,Hasculf (Wanders),Hasculf (Wanders),"""""",Valinor,Valinor,"{""x"":783,""y"":94}",images/markers/Hasculf_Wanders.png,"""""","""""",""""""
js/markers.js,services_npcs,18,"""""",overworld_quest,A Young Maid (Wanders),A Young Maid (Wanders),"""""",Valinor,Valinor,"{""x"":795,""y"":157}",images/markers/A_Young_Maid_Wanders.png,"""""","""""",""""""
js/markers.js,services_npcs,19,"""""",overworld_quest,Eastern Gate Lieutenant,Eastern Gate Lieutenant,"""""",Valinor,Valinor,"{""x"":886,""y"":137}",images/markers/Eastern_Gate_Lieutenant.png,"""""","""""",""""""
js/markers.js,services_npcs,20,"""""",overworld_quest,Roger Duncan,Roger Duncan,"""""",Valinor,Valinor,"{""x"":647,""y"":180}",images/markers/Roger_Duncan.png,"""""","""""",""""""
js/markers.js,services_npcs,21,"""""",overworld_quest,Paula Duncan,Paula Duncan,"""""",Valinor,Valinor,"{""x"":647,""y"":188}",images/markers/Paula_Duncan.png,"""""","""""",""""""
js/markers.js,services_npcs,22,"""""",overworld_quest,Klaresh Quest,Klaresh,"""""",Krythan,Lotor's Castle,"{""x"":258,""y"":1151}",images/markers/Klaresh_Quest.png,"""""","""""",""""""
js/markers.js,services_npcs,23,"""""",overworld_quest,Mose Quest,Mose,"""""",Krythan,Vrethpool,"{""x"":660,""y"":1671}",images/markers/Mose_Quest.png,"""""","""""",""""""
js/markers.js,services_npcs,24,"""""",overworld_quest,Cliff Brown Quest,Cliff Brown,"""""",Krythan,Vrethpool,"{""x"":660,""y"":1697}",images/markers/Cliff_Brown_Quest.png,"""""","""""",""""""
js/markers.js,services_npcs,25,"""""",overworld_quest,Gareth Demonhunter Quest,Gareth Demonhunter,"""""",Krythan,Vrethpool,"{""x"":653,""y"":1708}",images/markers/Gareth_Demonhunter_Quest.png,"""""","""""",""""""
js/markers.js,services_npcs,26,"""""",overworld_quest,Mukk Quest,Mukk,"""""",Krythan,Vrethpool,"{""x"":521,""y"":1640}",images/markers/Mukk_Quest.png,"""""","""""",""""""
js/markers.js,services_npcs,27,"""""",overworld_quest,Corgeryn Quest,Corgeryn,"""""",Darkwoods,Dunmarrow,"{""x"":1388,""y"":3181}",images/markers/Corgeryn_Quest.png,"""""","""""",""""""
js/markers.js,services_npcs,28,"""""",overworld_quest,Bonden Quest,Bonden,"""""",Darkwoods,Dunmarrow,"{""x"":1374,""y"":3226}",images/markers/Bonden_Quest.png,"""""","""""",""""""
js/markers.js,services_npcs,29,"""""",overworld_quest,Henian Quest,Henian,"""""",Darkwoods,Dunmarrow,"{""x"":1372,""y"":3197}",images/markers/Henian_Quest.png,"""""","""""",""""""
js/markers.js,services_npcs,30,"""""",overworld_quest,Lord Malgoth Quest,Lord Malgoth,"""""",Darkwoods,Dunmarrow,"{""x"":1379,""y"":3181}",images/markers/Lord_Malgoth_Quest.png,"""""","""""",""""""
js/markers.js,services_npcs,31,"""""",overworld_quest,Lady Belarafyn Quest,Lady Belarafyn,"""""",Darkwoods,Dunmarrow,"{""x"":1373,""y"":3183}",images/markers/Lady_Belarafyn_Quest.png,"""""","""""",""""""
js/markers.js,services_npcs,32,"""""",overworld_quest,Gabryll Quest,Gabryll,"""""",Darkwoods,Dunmarrow,"{""x"":1420,""y"":3220}",images/markers/Gabryll_Quest.png,"""""","""""",""""""
js/markers.js,services_npcs,33,"""""",overworld_quest,Periza Quest,Periza (Wanders),"""""",Darkwoods,Whisperdale,"{""x"":371,""y"":3456}",images/markers/Periza_Quest.png,"""""","""""",""""""
js/markers.js,services_npcs,34,"""""",overworld_quest,Varios Quest,Varios (Wanders),"""""",Darkwoods,Whisperdale,"{""x"":389,""y"":3443}",images/markers/Varios_Quest.png,"""""","""""",""""""
js/markers.js,services_npcs,35,"""""",overworld_quest,Jarkam Quest,Jarkam (Wanders),"""""",Darkwoods,Whisperdale,"{""x"":388,""y"":3461}",images/markers/Jarkam_Quest.png,"""""","""""",""""""
js/markers.js,services_npcs,36,"""""",overworld_quest,Tilis Oakwoven Quest,Tilis Oakwoven (Wanders),"""""",Darkwoods,Whisperdale,"{""x"":382,""y"":3460}",images/markers/Tilis_Oakwoven_Quest.png,"""""","""""",""""""
js/markers.js,services_npcs,37,"""""",overworld_quest,Zarowyn Quest,Zarowyn (Wanders),"""""",Darkwoods,Whisperdale,"{""x"":391,""y"":3462}",images/markers/Zarowyn_Quest.png,"""""","""""",""""""
js/markers.js,services_npcs,38,"""""",overworld_quest,Zerev Quest,Zerev,"""""",Darkwoods,Whisperdale,"{""x"":441,""y"":3476}",images/markers/Zerev_Quest.png,"""""","""""",""""""
js/markers.js,services_npcs,39,"""""",overworld_quest,Legrant Quest,Legrant,"""""",Darkwoods,Whisperdale,"{""x"":405,""y"":3482}",images/markers/Legrant_Quest.png,"""""","""""",""""""
js/markers.js,services_npcs,40,"""""",overworld_quest,Paezer Quest,Paezer,"""""",Darkwoods,Whisperdale,"{""x"":345,""y"":3484}",images/markers/Paezer_Quest.png,"""""","""""",""""""
js/markers.js,services_npcs,41,"""""",overworld_quest,Azulum Quest,Azulum,"""""",Darkwoods,Whisperdale,"{""x"":394,""y"":3479}",images/markers/Azulum_Quest.png,"""""","""""",""""""
js/markers.js,services_npcs,42,"""""",overworld_quest,Vesos Quest,Vesos (Wanders),"""""",Darkwoods,Autumn,"{""x"":588,""y"":3401}",images/markers/Vesos_Quest.png,"""""","""""",""""""
js/markers.js,services_npcs,43,"""""",overworld_quest,Rydyl Quest,Rydyl (Wanders),"""""",Darkwoods,Autumn,"{""x"":582,""y"":3409}",images/markers/Rydyl_Quest.png,"""""","""""",""""""
js/markers.js,services_npcs,44,"""""",overworld_quest,Jhulara Quest,Jhulara (Wanders),"""""",Darkwoods,Autumn,"{""x"":592,""y"":3402}",images/markers/Jhulara_Quest.png,"""""","""""",""""""
js/markers.js,services_npcs,45,"""""",overworld_quest,Galun Quest,Galun,"""""",Darkwoods,Autumn,"{""x"":676,""y"":3403}",images/markers/Galun_Quest.png,"""""","""""",""""""
js/markers.js,services_npcs,46,"""""",overworld_quest,Burslord Quest,Burslord (Wanders),"""""",Darkwoods,Autumn,"{""x"":682,""y"":3407}",images/markers/Burslord_Quest.png,"""""","""""",""""""
js/markers.js,services_npcs,47,"""""",overworld_quest,Kimnuug Quest,Kimnuug (Wanders),"""""",Darkwoods,Redwake,"{""x"":456,""y"":2836}",images/markers/Kimnuug_Quest.png,"""""","""""",""""""
js/markers.js,services_npcs,48,"""""",overworld_quest,Marla Moculous Quest,Marla Moculous (Wanders),"""""",Darkwoods,Redwake,"{""x"":466,""y"":2873}",images/markers/Marla_Moculous_Quest.png,"""""","""""",""""""
js/markers.js,services_npcs,49,"""""",overworld_quest,Wilco Thatter Quest,Wilco Thatter,"""""",Darkwoods,Redwake,"{""x"":452,""y"":2870}",images/markers/Wilco_Thatter_Quest.png,"""""","""""",""""""
js/markers.js,services_npcs,50,"""""",overworld_quest,Rineguile Quest,Rineguile (Wanders),"""""",Darkwoods,Gulley,"{""x"":1103,""y"":2760}",images/markers/Rineguile_Quest.png,"""""","""""",""""""
js/markers.js,services_npcs,51,"""""",overworld_quest,Farmer Obrien Quest,Farmer Obrien (Wanders),"""""",Darkwoods,Gulley,"{""x"":1117,""y"":2790}",images/markers/Farmer_Obrien_Quest.png,"""""","""""",""""""
js/markers.js,services_npcs,52,"""""",overworld_quest,Scrotore Quest,Scrotore (Wanders),"""""",Darkwoods,Gulley,"{""x"":1112,""y"":2772}",images/markers/Scrotore_Quest.png,"""""","""""",""""""
js/markers.js,services_npcs,53,"""""",overworld_quest,Scrotore Quest,Samual Green (Wanders),"""""",Darkwoods,Gulley,"{""x"":1108,""y"":2793}",images/markers/Scrotore_Quest.png,"""""","""""",""""""
js/markers.js,services_npcs,54,"""""",overworld_quest,Enderic,Enderic,"""""",Battle Plains,Chlera,"{""x"":2470,""y"":3563}",images/markers/Dawat_Worker_Quest.png,"""""","""""",""""""
js/markers.js,services_npcs,55,"""""",overworld_quest,Dawat Worker,Dawat Worker,"""""",Black Swamp,Black Swamp,"{""x"":2737,""y"":3306}",images/markers/Dawat_Worker_Quest.png,"""""","""""",""""""
js/markers.js,services_npcs,56,"""""",overworld_quest,Targon,Targon,"""""",Black Swamp,Krog,"{""x"":3076,""y"":3763}",images/markers/Targon_Quest.png,"""""","""""",""""""
js/markers.js,services_npcs,57,"""""",overworld_quest,Ambassador to Krog,Ambassador to Krog,"""""",Black Swamp,Krog,"{""x"":3074,""y"":3765}",images/markers/Ambassador_to_Krog_Quest.png,"""""","""""",""""""
js/markers.js,services_npcs,58,"""""",overworld_quest,Alchemist Singaford,Alchemist Singaford,"""""",Black Swamp,Krog,"{""x"":3080,""y"":3765}",images/markers/Alchemist_Singaford_Quest.png,"""""","""""",""""""
js/markers.js,services_npcs,59,"""""",overworld_quest,Warrog,Warrog,"""""",Black Swamp,Krog,"{""x"":3080,""y"":3765}",images/markers/Warrog_Quest.png,"""""","""""",""""""
js/markers.js,services_npcs,60,"""""",overworld_quest,Ivogur,Ivogur (Wanders),"""""",Black Swamp,Krog,"{""x"":3131,""y"":3798}",images/markers/Ivogur_Quest.png,"""""","""""",""""""
js/markers.js,services_npcs,61,"""""",overworld_quest,Haburt,Haburt,"""""",Black Swamp,Krog,"{""x"":3121,""y"":3763}",images/markers/Haburt_Quest.png,"""""","""""",""""""
js/markers.js,services_npcs,62,"""""",overworld_quest,Jessicugh,Jessicugh (Wanders),"""""",Black Swamp,Krog,"{""x"":3104,""y"":3780}",images/markers/Jessicugh_Quest.png,"""""","""""",""""""
js/markers.js,services_npcs,63,"""""",overworld_quest,Oonga,Oonga,"""""",Black Swamp,Krog,"{""x"":3150,""y"":3743}",images/markers/Oonga_Quest.png,"""""","""""",""""""
js/markers.js,services_npcs,64,"""""",overworld_quest,Rumpda,Rumpda (Wanders),"""""",Black Swamp,Krog,"{""x"":3141,""y"":3763}",images/markers/Rumpda_Quest.png,"""""","""""",""""""
js/markers.js,services_npcs,65,"""""",overworld_quest,Bograhk Dargarkh,Bograhk Dargarkh (Wanders),"""""",Black Swamp,Krog,"{""x"":3105,""y"":3755}",images/markers/Bograhk_Dargarkh_Quest.png,"""""","""""",""""""
js/markers.js,services_npcs,66,"""""",overworld_quest,Moklad's Journal,Moklad's Journal,"""""",Black Swamp,Krog,"{""x"":2884,""y"":3498}",images/markers/Moklads_Journal_Quest.png,"""""","""""",""""""
js/markers.js,services_npcs,67,"""""",overworld_quest,Kobold Prisoner,Kobold Prisoner,"""""",Black Swamp,Krog,"{""x"":3273,""y"":3780}",images/markers/Kobold_Prisoner_Quest.png,"""""","""""",""""""
js/markers.js,services_npcs,68,"""""",overworld_quest,Jeqa,Jeqa (Wanders),"""""",Black Swamp,Samad,"{""x"":2648,""y"":3524}",images/markers/Jeqa_Quest.png,"""""","""""",""""""
js/markers.js,services_npcs,69,"""""",overworld_quest,Kongodo,Kongodo (Wanders),"""""",Black Swamp,Dawat,"{""x"":3088,""y"":3366}",images/markers/Kongodo_Quest.png,"""""","""""",""""""
js/markers.js,services_npcs,70,"""""",overworld_quest,Kudah,Kudah,"""""",Black Swamp,Dawat,"{""x"":3085,""y"":3360}",images/markers/Kudah_Quest.png,"""""","""""",""""""
js/markers.js,services_npcs,71,"""""",overworld_quest,Shargar,Shargar,"""""",Black Swamp,Dawat,"{""x"":3089,""y"":3362}",images/markers/Shargar_Quest.png,"""""","""""",""""""
js/markers.js,services_npcs,72,"""""",overworld_quest,Hapuna,Hapuna,"""""",Black Swamp,Dawat,"{""x"":3076,""y"":3364}",images/markers/Hapuna_Quest.png,"""""","""""",""""""
js/markers.js,services_npcs,73,"""""",overworld_quest,Sweetness,Sweetness,"""""",Black Swamp,Dawat,"{""x"":3116,""y"":3374}",images/markers/Sweetness_Quest.png,"""""","""""",""""""
js/markers.js,services_npcs,74,"""""",overworld_quest,Basil,Basil,"""""",Highlands,Parian,"{""x"":3464,""y"":2998}",images/markers/Basil_Quest.png,"""""","""""",""""""
js/markers.js,services_npcs,75,"""""",overworld_quest,Claricia Forence,Claricia Forence,"""""",Highlands,Parian,"{""x"":3430,""y"":2957}",images/markers/Claricia_Forence_Quest.png,"""""","""""",""""""
js/markers.js,services_npcs,76,"""""",overworld_quest,Warlord Isbraen,Warlord Isbraen (Archery Trainer),"""""",Highlands,Parian,"{""x"":3432,""y"":3051}",images/markers/Warlord_Isbraen_Quest.png,"""""","""""",""""""
js/markers.js,services_npcs,77,"""""",overworld_quest,Warlord Isbraen,Warlord Uerog (Warrior Trainer),"""""",Highlands,Parian,"{""x"":3430,""y"":3045}",images/markers/Warlord_Uerog_Quest.png,"""""","""""",""""""
js/markers.js,services_npcs,78,"""""",overworld_quest,Warlord Cheroth,Warlord Cheroth (Mage Trainer),"""""",Highlands,Parian,"{""x"":3435,""y"":3043}",images/markers/Warlord_Uerog_Quest.png,"""""","""""",""""""
js/markers.js,services_npcs,79,"""""",overworld_quest,Lloyd Dogen,Lloyd Dogen (Wanders),"""""",Highlands,Parian,"{""x"":3607,""y"":3001}",images/markers/Lloyd_Dogen_Quest.png,"""""","""""",""""""
js/markers.js,services_npcs,80,"""""",overworld_quest,Chadwell,Chadwell,"""""",Highlands,Parian,"{""x"":3513,""y"":3052}",images/markers/Chadwell_Quest.png,"""""","""""",""""""
js/markers.js,services_npcs,81,"""""",overworld_quest,Heudekka,Heudekka,"""""",Highlands,Parian,"{""x"":3433,""y"":3032}",images/markers/Heudekka_Quest.png,"""""","""""",""""""
js/markers.js,services_npcs,82,"""""",overworld_quest,The Redeemer,The Redeemer,"""""",Highlands,Emporium Abbey,"{""x"":2772,""y"":3169}",images/markers/The_Redeemer_Quest.png,"""""","""""",""""""
js/markers.js,services_npcs,83,"""""",overworld_quest,Father Gweedo,Father Gweedo (Wanders),"""""",Highlands,Emporium Abbey,"{""x"":2775,""y"":3172}",images/markers/Father_Gweedo_Quest.png,"""""","""""",""""""
js/markers.js,services_npcs,84,"""""",overworld_quest,Ragged Travler,Ragged Travler (Wanders),"""""",Highlands,Emporium Abbey,"{""x"":2768,""y"":3191}",images/markers/Ragged_Travler_Quest.png,"""""","""""",""""""
js/markers.js,services_npcs,85,"""""",overworld_quest,Maid Nelly,Maid Nelly (Wanders),"""""",Highlands,Emporium Abbey,"{""x"":2760,""y"":3170}",images/markers/Maid_Nelly_Quest.png,"""""","""""",""""""
js/markers.js,services_npcs,86,"""""",overworld_quest,Pegi,Pegi,"""""",Highlands,Ethera Palace,"{""x"":3538,""y"":3698}",images/markers/Pegi_Quest.png,"""""","""""",""""""
js/markers.js,services_npcs,87,"""""",overworld_quest,Eldrid,Eldrid,"""""",Highlands,Ethera Palace,"{""x"":3610,""y"":3639}",images/markers/Eldrid_Quest.png,"""""","""""",""""""
js/markers.js,services_npcs,88,"""""",overworld_quest,Lord Belski,Lord Belski,"""""",Highlands,Ethera Palace,"{""x"":3551,""y"":3652}",images/markers/Lord_Belski_Quest.png,"""""","""""",""""""
js/markers.js,services_npcs,93,"""""",overworld_inn_keeper,Jeel Innkeeper,Jeel Innkeeper,"""""",Krythan,Jeel,"{""x"":301,""y"":859}",images/markers/Jeel_Innkeeper.png,"""""","""""",""""""
js/markers.js,services_npcs,94,"""""",overworld_inn_keeper,Lotor's Castle Innkeeper,Lotor's Castle Innkeeper,"""""",Krythan,Lotor's Castle,"{""x"":234,""y"":1136}",images/markers/Lotor's_Castle_Innkeeper.png,"""""","""""",""""""
js/markers.js,services_npcs,95,"""""",overworld_inn_keeper,Vrethpool Innkeeper,Vrethpool Innkeeper,"""""",Krythan,Vrethpool,"{""x"":668,""y"":1674}",images/markers/Verthpool_Innkeeper.png,"""""","""""",""""""
js/markers.js,services_npcs,96,"""""",overworld_inn_keeper,Redwake Innkeeper,Redwake Innkeeper,"""""",Darkwoods,Redwake,"{""x"":457,""y"":2873}",images/markers/Redwake_Innkeeper.png,"""""","""""",""""""
js/markers.js,services_npcs,97,"""""",overworld_inn_keeper,Dunmarrow Innkeeper,Dunmarrow Innkeeper,"""""",Darkwoods,Dunmarrow,"{""x"":1373,""y"":3219}",images/markers/Dunmarrow_Innkeeper.png,"""""","""""",""""""
js/markers.js,services_npcs,98,"""""",overworld_inn_keeper,Chlera Innkeeper,Chlera Innkeeper,"""""",Battle Plains,Chlera,"{""x"":2386,""y"":3598}",images/markers/Chlera_Innkeeper.png,"""""","""""",""""""
js/markers.js,services_npcs,99,"""""",overworld_inn_keeper,Parian Innkeeper,Parian Innkeeper,"""""",Highlands,Parian,"{""x"":3475,""y"":3006}",images/markers/Parian_Innkeeper.png,"""""","""""",""""""
js/markers.js,services_npcs,100,"""""",overworld_inn_keeper,Ethera Palace Innkeeper,Ethera Palace Innkeeper,"""""",Highlands,Parian,"{""x"":3519,""y"":3692}",images/markers/Ethera_Palace_Innkeeper.png,"""""","""""",""""""
js/markers.js,services_npcs,101,"""""",overworld_inn_keeper,Innkeeper Elros,Innkeeper Elros,"""""",Highlands,Valmond,"{""x"":2682,""y"":2186}",images/markers/Innkeeper_Elros.png,"""""","""""",""""""
js/markers.js,services_npcs,102,"""""",overworld_inn_keeper,Innkeeper Felice,Innkeeper Felice,"""""",Highlands,Valmond,"{""x"":2614,""y"":2133}",images/markers/Innkeeper_Felice.png,"""""","""""",""""""
js/markers.js,services_npcs,103,"""""",overworld_inn_keeper,Ruhura Innkeeper,Ruhura Innkeeper,"""""",Sands of Creation,Ruhura,"{""x"":343,""y"":4037}",images/markers/Ruhura_Innkeeper.png,"""""","""""",""""""
js/markers.js,services_npcs,104,"""""",overworld_inn_keeper,Khafra Innkeeper,Khafra Innkeeper,"""""",Sands of Creation,Khafra,"{""x"":228,""y"":2753}",images/markers/Khafra_Innkeeper.png,"""""","""""",""""""
js/markers.js,services_npcs,105,"""""",overworld_inn_keeper,Roycroft Innkeeper,Roycroft Innkeeper,"""""",Breakwater,Roycroft,"{""x"":2497,""y"":2421}",images/markers/Roycroft_Innkeeper.png,"""""","""""",""""""
js/markers.js,services_npcs,106,"""""",overworld_inn_keeper,New Town Innkeeper,New Town Innkeeper,"""""",Breakwater,New Town,"{""x"":1958,""y"":1951}",images/markers/New_Town_Innkeeper.png,"""""","""""",""""""
js/markers.js,services_npcs,107,"""""",overworld_inn_keeper,New Royale Innkeeper,New Royale Innkeeper,"""""",Breakwater,New Royale,"{""x"":1453,""y"":2015}",images/markers/New_Royale_Innkeeper.png,"""""","""""",""""""
js/markers.js,services_npcs,108,"""""",overworld_dock,Silvest Northern Island Dock,Silvest Northern Island Dock,"""""",Krythan,Silvest Valley,"{""x"":448,""y"":601}",images/markers/Silvest_Northern_Island_Dock.png,"""""","""""",""""""
js/markers.js,services_npcs,109,"""""",overworld_dock,Fort Eastwatch Dock,Fort Eastwatch Dock,"""""",Krythan,Fort Eastwatch,"{""x"":1352,""y"":1288}",images/markers/Fort_Eastwatch_Dock.png,"""""","""""",""""""
js/markers.js,services_npcs,110,"""""",overworld_dock,Silvest Dock,Silvest Dock,"""""",Krythan,Silvest,"{""x"":1133,""y"":1472}",images/markers/Silvest_Dock.png,"""""","""""",""""""
js/markers.js,services_npcs,111,"""""",overworld_dock,Silvest Island Dock,Silvest Island Dock,"""""",Krythan,Silvest,"{""x"":1097,""y"":1515}",images/markers/Silvest_Island_Dock.png,"""""","""""",""""""
js/markers.js,services_npcs,112,"""""",overworld_dock,Jeel Dock,Jeel Dock,"""""",Krythan,Jeel,"{""x"":265,""y"":822}",images/markers/Jeel_Dock.png,"""""","""""",""""""
js/markers.js,services_npcs,113,"""""",overworld_dock,Lotor's Castle Dock,Lotor's Castle Dock,"""""",Krythan,Lotor's Castle,"{""x"":211,""y"":1128}",images/markers/Lotor's_Castle_Dock.png,"""""","""""",""""""
js/markers.js,services_npcs,114,"""""",overworld_dock,New Korelth Dock,New Korelth Dock,"""""",Krythan,New Korelth,"{""x"":430,""y"":1464}",images/markers/New_Korelth_Dock.png,"""""","""""",""""""
js/markers.js,services_npcs,115,"""""",overworld_dock,Tallem'im House Dock,Tallem'im House Dock,"""""",Krythan,Krythan Fields,"{""x"":70,""y"":1515}",images/markers/Tallemim_House_Dock.png,"""""","""""",""""""
js/markers.js,services_npcs,116,"""""",overworld_dock,Karzak Cove Dock,Karzak Cove Dock,"""""",Krythan,Krythan Fields,"{""x"":1408,""y"":1097}",images/markers/Karzak_Cove_Dock.png,"""""","""""",""""""
js/markers.js,services_npcs,117,"""""",overworld_dock,Karzak Cove Dock,Karzak Cove Dock,"""""",Krythan,Krythan Fields,"{""x"":1372,""y"":1115}",images/markers/Karzak_Cove_Dock.png,"""""","""""",""""""
js/markers.js,services_npcs,118,"""""",overworld_dock,Josody Dock,Josody Dock,"""""",Darkwoods,Darkwoods,"{""x"":1406,""y"":2518}",images/markers/Josody_Dock.png,"""""","""""",""""""
js/markers.js,services_npcs,119,"""""",overworld_dock,Redwake Dock,Redwake Dock,"""""",Darkwoods,Darkwoods,"{""x"":403,""y"":2868}",images/markers/Redwake_Dock.png,"""""","""""",""""""
js/markers.js,services_npcs,120,"""""",overworld_dock,Dragoon Dock,Dragoon Dock,"""""",Darkwoods,Darkwoods,"{""x"":403,""y"":3221}",images/markers/Dragoon_Dock.png,"""""","""""",""""""
js/markers.js,services_npcs,121,"""""",overworld_dock,Whisperdale Dock,Whisperdale Dock,"""""",Darkwoods,Darkwoods,"{""x"":344,""y"":3491}",images/markers/Whisperdale_Dock.png,"""""","""""",""""""
js/markers.js,services_npcs,122,"""""",overworld_dock,Darkfell Dock,Darkfell Dock,"""""",Darkwoods,Darkwoods,"{""x"":912,""y"":3121}",images/markers/Darkfell_Dock.png,"""""","""""",""""""
js/markers.js,services_npcs,123,"""""",overworld_dock,Dunmarrow Dock,Dunmarrow Dock,"""""",Darkwoods,Darkwoods,"{""x"":1364,""y"":3247}",images/markers/Dunmarrow_Dock.png,"""""","""""",""""""
js/markers.js,services_npcs,124,"""""",overworld_dock,Wandering Spirit Dock,Wandering Spirit Dock,"""""",Battle Plains,Battle Plains,"{""x"":2010,""y"":2633}",images/markers/Wandering_Spirit_Dock.png,"""""","""""",""""""
js/markers.js,services_npcs,125,"""""",overworld_dock,Chlera Dock,Chlera Dock,"""""",Battle Plains,Battle Plains,"{""x"":2488,""y"":3641}",images/markers/Chlera_Dock.png,"""""","""""",""""""
js/markers.js,services_npcs,126,"""""",overworld_dock,Battle Plains Dock,Battle Plains Dock,"""""",Battle Plains,Battle Plains,"{""x"":2599,""y"":3508}",images/markers/Battle_Plains_Dock.png,"""""","""""",""""""
js/markers.js,services_npcs,127,"""""",overworld_dock,Maraket Dock,Maraket Dock,"""""",Battle Plains,Battle Plains,"{""x"":3109,""y"":4021}",images/markers/Maraket_Dock.png,"""""","""""",""""""
js/markers.js,services_npcs,128,"""""",overworld_dock,Samad Dock,Samad Dock,"""""",Black Swamp,Samad,"{""x"":2612,""y"":3513}",images/markers/Samad_Dock.png,"""""","""""",""""""
js/markers.js,services_npcs,129,"""""",overworld_dock,Ethera Palace Dock,Ethera Palace Dock,"""""",Highlands,Ethera Palace,"{""x"":3597,""y"":3705}",images/markers/Ethera_Palace_Dock.png,"""""","""""",""""""
js/markers.js,services_npcs,130,"""""",overworld_dock,Ethera Mining Company Dock,Ethera Mining Company Dock,"""""",Highlands,Ethera Mining Company,"{""x"":3613,""y"":3645}",images/markers/Ethera_Mining_Company_Dock.png,"""""","""""",""""""
js/markers.js,services_npcs,131,"""""",overworld_dock,Highlands East Dock - East of Parian,Highlands East Dock - East of Parian,"""""",Highlands,Highlands,"{""x"":3688,""y"":3158}",images/markers/Highlands_East_Dock.png,"""""","""""",""""""
js/markers.js,services_npcs,132,"""""",overworld_dock,Glamara McPlum's Dock,Glamara McPlum's Dock,"""""",Highlands,Highlands,"{""x"":3861,""y"":2581}",images/markers/Glamara_McPlums_Dock.png,"""""","""""",""""""
js/markers.js,services_npcs,133,"""""",overworld_dock,North Highlands Dock,North Highlands Dock,"""""",Highlands,Highlands,"{""x"":3541,""y"":1582}",images/markers/North_Highlands_Dock.png,"""""","""""",""""""
js/markers.js,services_npcs,134,"""""",overworld_dock,Ettin Island Dock,Ettin Island Dock,"""""",Western Isles,Ettin Island,"{""x"":1707,""y"":1837}",images/markers/Ettin_Island_Dock.png,"""""","""""",""""""
js/markers.js,services_npcs,135,"""""",overworld_dock,Palace Dock,Palace Dock,"""""",Western Isles,Lotor's Summer Palace,"{""x"":792,""y"":582}",images/markers/Lotors_Summer_Palace_Dock.png,"""""","""""",""""""
js/markers.js,services_npcs,136,"""""",overworld_dock,LSP Dock,LSP Dock,"""""",Western Isles,Lotor's Summer Palace,"{""x"":855,""y"":726}",images/markers/LSP_Dock.png,"""""","""""",""""""
js/markers.js,services_npcs,137,"""""",overworld_dock,Valmond East Dock,Valmond East Dock,"""""",Heartwood Coast,Valmond,"{""x"":2592,""y"":2180}",images/markers/Valmond_East_Dock.png,"""""","""""",""""""
js/markers.js,services_npcs,138,"""""",overworld_dock,Valmond East Dock,Valmond East Dock,"""""",Heartwood Coast,Valmond,"{""x"":2592,""y"":2192}",images/markers/Valmond_East_Dock.png,"""""","""""",""""""
js/markers.js,services_npcs,139,"""""",overworld_dock,Valmond North Dock,Valmond North Dock,"""""",Heartwood Coast,Valmond,"{""x"":2655,""y"":2113}",images/markers/Valmond_North_Dock.png,"""""","""""",""""""
js/markers.js,services_npcs,140,"""""",overworld_dock,Valmond North Dock,Valmond North Dock,"""""",Heartwood Coast,Valmond,"{""x"":2662,""y"":2128}",images/markers/Valmond_North_Dock_2.png,"""""","""""",""""""
js/markers.js,services_npcs,141,"""""",overworld_dock,Valmond North Dock,Valmond North Dock,"""""",Heartwood Coast,Valmond,"{""x"":2678,""y"":2128}",images/markers/Valmond_North_Dock_3.png,"""""","""""",""""""
js/markers.js,services_npcs,142,"""""",overworld_dock,Teylon Dock,Teylon Dock,"""""",Heartwood Coast,Teylon,"{""x"":2423,""y"":1641}",images/markers/Teylon_Dock.png,"""""","""""",""""""
js/markers.js,services_npcs,143,"""""",overworld_dock,Heartwood North Dock (Northeast of Syldural),Heartwood North Dock (Northeast of Syldural),"""""",Heartwood Coast,Heartwood Coast,"{""x"":3513,""y"":1570}",images/markers/Heartwood_North_Dock.png,"""""","""""",""""""
js/markers.js,services_npcs,144,"""""",overworld_dock,Duremar Dock,Duremar Dock,"""""",Tundria,Tundria,"{""x"":3726,""y"":953}",images/markers/Duremar_Dock.png,"""""","""""",""""""
js/markers.js,services_npcs,145,"""""",overworld_dock,Southeast Tundria Dock,Southeast Tundria Dock,"""""",Tundria,Tundria,"{""x"":3621,""y"":1331}",images/markers/Southeast_Tundria_Dock.png,"""""","""""",""""""
js/markers.js,services_npcs,146,"""""",overworld_dock,Bridge Dock,Bridge Dock,"""""",Tundria,Tundria,"{""x"":2030,""y"":1048}",images/markers/Bridge_Dock.png,"""""","""""",""""""
js/markers.js,services_npcs,147,"""""",overworld_dock,Maroven North Dock,Maroven North Dock,"""""",Tundria,Maroven,"{""x"":2030,""y"":1240}",images/markers/Maroven_North_Dock.png,"""""","""""",""""""
js/markers.js,services_npcs,148,"""""",overworld_dock,Maroven Dock,Maroven Dock,"""""",Tundria,Maroven,"{""x"":1977,""y"":1266}",images/markers/Maroven_Dock.png,"""""","""""",""""""
js/markers.js,services_npcs,149,"""""",overworld_dock,Maroven Dock,Maroven Dock,"""""",Tundria,Maroven,"{""x"":1988,""y"":1266}",images/markers/Maroven_Dock.png,"""""","""""",""""""
js/markers.js,services_npcs,150,"""""",overworld_dock,Maroven Dock,Maroven Dock,"""""",Tundria,Maroven,"{""x"":1997,""y"":1280}",images/markers/Maroven_Dock.png,"""""","""""",""""""
js/markers.js,services_npcs,151,"""""",overworld_dock,Ruins of Osgarl Dock,Ruins of Osgarl Dock,"""""",Tundria,Ruins of Osgarl,"{""x"":2500,""y"":381}",images/markers/Ruins_of_Osgarl_Dock.png,"""""","""""",""""""
js/markers.js,services_npcs,152,"""""",overworld_dock,Tundria Northern Dock,Tundria Northern Dock,"""""",Tundria,Tundria Big Finger,"{""x"":1971,""y"":390}",images/markers/Tundria_Northern_Dock.png,"""""","""""",""""""
js/markers.js,services_npcs,153,"""""",overworld_dock,Lopal Dock,Lopal Dock,"""""",Western Isles,Scarab Island,"{""x"":344,""y"":2270}",images/markers/Lopal_Dock.png,"""""","""""",""""""
js/markers.js,services_npcs,154,"""""",overworld_dock,Ruhura Dock,Ruhura Dock,"""""",Sands of Creation,Ruhura,"{""x"":360,""y"":4062}",images/markers/Ruhura_Dock.png,"""""","""""",""""""
js/markers.js,services_npcs,155,"""""",overworld_dock,Greater Dragon Island Dock,Greater Dragon Island Dock,"""""",Sands of Creation,Greater Dragon Island,"{""x"":280,""y"":3919}",images/markers/Greater_Dragon_Island_Dock.png,"""""","""""",""""""
js/markers.js,services_npcs,156,"""""",overworld_dock,Khafra Fishing Outpost Dock,Khafra Fishing Outpost Dock,"""""",Sands of Creation,Khafra,"{""x"":87,""y"":2692}",images/markers/Khafra_Fishing_Outpost_Dock.png,"""""","""""",""""""
js/markers.js,services_npcs,157,"""""",overworld_dock,Khafra Dock,Khafra Dock,"""""",Sands of Creation,Khafra,"{""x"":211,""y"":2752}",images/markers/Khafra_Dock.png,"""""","""""",""""""
js/markers.js,services_npcs,158,"""""",overworld_dock,New Town Dock,New Town Dock,"""""",Breakwater,New Town Island,"{""x"":1974,""y"":1904}",images/markers/New_Town_Dock.png,"""""","""""",""""""
js/markers.js,services_npcs,159,"""""",overworld_dock,New Town Dock,New Town Dock,"""""",Breakwater,New Town Island,"{""x"":1974,""y"":1909}",images/markers/New_Town_Dock.png,"""""","""""",""""""
js/markers.js,services_npcs,160,"""""",overworld_dock,Undead Dwarven Dock,Undead Dwarven Dock,"""""",Breakwater,New Town Island,"{""x"":1841,""y"":1751}",images/markers/Undead_Dwarven_Dock.png,"""""","""""",""""""
js/markers.js,services_npcs,161,"""""",overworld_dock,Deadman Island Dock,Deadman Island Dock,"""""",Breakwater,New Town Island,"{""x"":1796,""y"":1707}",images/markers/Deadman_Island_Dock.png,"""""","""""",""""""
js/markers.js,services_npcs,162,"""""",overworld_dock,Roycroft North Dock,Roycroft North Dock,"""""",Breakwater,Roycroft Island,"{""x"":2516,""y"":2416}",images/markers/Roycroft_North_Dock.png,"""""","""""",""""""
js/markers.js,services_npcs,163,"""""",overworld_dock,Roycroft South Dock,Roycroft South Dock,"""""",Breakwater,Roycroft Island,"{""x"":2450,""y"":2517}",images/markers/Roycroft_South_Dock.png,"""""","""""",""""""
js/markers.js,services_npcs,164,"""""",overworld_dock,Roycroft South Dock,Roycroft South Dock,"""""",Breakwater,Roycroft Island,"{""x"":2459,""y"":2517}",images/markers/Roycroft_South_Dock.png,"""""","""""",""""""
js/markers.js,services_npcs,165,"""""",overworld_dock,Roycroft South Dock,Roycroft South Dock,"""""",Breakwater,Roycroft Island,"{""x"":2468,""y"":2517}",images/markers/Roycroft_South_Dock.png,"""""","""""",""""""
js/markers.js,services_npcs,166,"""""",overworld_dock,Pirate Raider's Dock,Pirate Raider's Dock,"""""",Breakwater,New Royale Island,"{""x"":1334,""y"":1767}",images/markers/Pirate_Raiders_Dock.png,"""""","""""",""""""
js/markers.js,services_npcs,167,"""""",overworld_dock,New Royal North Dock,New Royal North Dock,"""""",Breakwater,New Royale Island,"{""x"":1439,""y"":1928}",images/markers/New_Royal_North_Dock.png,"""""","""""",""""""
js/markers.js,services_npcs,168,"""""",overworld_dock,New Royal South Dock,New Royal South Dock,"""""",Breakwater,New Royale Island,"{""x"":1657,""y"":2301}",images/markers/New_Royal_South_Dock.png,"""""","""""",""""""
js/markers.js,services_npcs,169,"""""",overworld_dock,New Royal Island South Dock,New Royal Island South Dock,"""""",Breakwater,New Royale Island,"{""x"":1299,""y"":2027}",images/markers/New_Royal_Island_South_Dock.png,"""""","""""",""""""
js/markers.js,services_npcs,170,"""""",overworld_dock,New Royal Island South Dock,Crab Island Dock,"""""",Breakwater,Crab Island,"{""x"":1058,""y"":2074}",images/markers/Crab_Island_Dock.png,"""""","""""",""""""
js/markers.js,services_npcs,171,"""""",overworld_dock,Broken Finger Town Dock,Broken Finger Town Dock,"""""",Broken Finger,Broken Finger,"{""x"":1147,""y"":3770}",images/markers/Broken_Finger_Town_Dock.png,"""""","""""",""""""
js/markers.js,services_npcs,172,"""""",overworld_dock,Broken Finger Island Dock,Broken Finger Island Dock,"""""",Broken Finger,Broken Finger,"{""x"":1427,""y"":3837}",images/markers/Broken_Finger_Island_Dock.png,"""""","""""",""""""
js/markers.js,services_npcs,173,"""""",overworld_information_npc,Mage of Lotor,Mage of Lotor,"""""",Silvest Valley,Silvest,"{""x"":1165,""y"":1362}",images/markers/Silvest_Mage_of_Lotor.png,"""""","""""",""""""
js/markers.js,services_npcs,174,"""""",overworld_information_npc,Mage of Lotor,Mage of Lotor,"""""",Darkwoods,Redwake,"{""x"":466,""y"":2886}",images/markers/Redwake_Mage_of_Lotor.png,"""""","""""",""""""
js/markers.js,services_npcs,175,"""""",overworld_information_npc,Mage of Lotor,Mage of Lotor,"""""",Darkwoods,Whisperdale,"{""x"":402,""y"":3432}",images/markers/Whisperdale_Mage_of_Lotor.png,"""""","""""",""""""
js/markers.js,services_npcs,176,"""""",overworld_information_npc,Mage of Lotor,Mage of Lotor,"""""",Black Swamp,Krog,"{""x"":3072,""y"":3766}",images/markers/Krog_Mage_of_Lotor.png,"""""","""""",""""""
js/markers.js,services_npcs,177,"""""",overworld_information_npc,Sage Haritod,Sage Haritod,"""""",Valinor,Valinor,"{""x"":758,""y"":100}",images/markers/Sage_Haritod_Information.png,"""""","""""",""""""
js/markers.js,services_npcs,178,"""""",overworld_information_npc,Tides of Fate Raft Offer,Tides of Fate Raft Offer,"""""",Darkwoods,Redwake,"{""x"":420,""y"":2867}",images/markers/Redwake_Tides_of_Fate_Raft_Offer.png,"""""","""""",""""""
js/markers.js,services_npcs,179,"""""",overworld_information_npc,Lord Vezryl,Lord Vezryl,"""""",Darkwoods,Whisperdale,"{""x"":409,""y"":3429}",images/markers/Whisperdale_Lord_Vezryl.png,"""""","""""",""""""
js/markers.js,services_npcs,180,"""""",overworld_information_npc,Rabak,Rabak,"""""",Black Swamp,Krog,"{""x"":3079,""y"":3769}",images/markers/Krog_Rabak.png,"""""","""""",""""""
js/markers.js,services_npcs,186,"""""",overworld_information_npc,Grim Demonhunter,Grim Demonhunter,"""""",Krythan,Vrethpool,"{""x"":648,""y"":1710}",images/markers/Grim_Demonhunter.png,"""""","""""",""""""
js/markers.js,services_npcs,187,"""""",overworld_information_npc,The Utopia Shard,The Utopia Shard,"""""",Darkwoods,Darkwoods,"{""x"":1193,""y"":2904}",images/markers/The_Utopia_Shard.png,"""""","""""",""""""
js/markers.js,services_npcs,189,"""""",overworld_town_steward,Whisperdale Steward,Whisperdale Steward,"""""",Darkwoods,Whisperdale,"{""x"":393,""y"":3458}",images/markers/Whisperdale_Steward.png,"""""","""""",""""""
js/markers.js,services_npcs,190,"""""",overworld_town_steward,Town Steward (Krog),Town Steward (Krog),"""""",Black Swamp,Krog,"{""x"":3099,""y"":3756}",images/markers/Krog_Town_Steward.png,"""""","""""",""""""
js/markers.js,services_npcs,191,"""""",overworld_town_guardian,Town Guardian,Town Guardian (Hothbra),"""""",Darkwoods,Hothbra,"{""x"":531,""y"":1094}",images/markers/Hothbra_Town_Guardian.png,"""""","""""",""""""
js/markers.js,services_npcs,192,"""""",overworld_town_guardian,Town Guardian,Town Guardian (Jeel),"""""",Krythan,Jeel,"{""x"":331,""y"":862}",images/markers/Jeel_Town_Guardian.png,"""""","""""",""""""
js/markers.js,services_npcs,193,"""""",overworld_town_guardian,Town Guardian,Town Guardian (Vrethpool),"""""",Darkwoods,Vrethpool,"{""x"":658,""y"":1700}",images/markers/Verthpool_Town_Guardian.png,"""""","""""",""""""
js/markers.js,services_npcs,194,"""""",overworld_town_guardian,Town Guardian,Town Guardian (Josody),"""""",Darkwoods,Josody,"{""x"":1322,""y"":2483}",images/markers/Josody_Town_Guardian.png,"""""","""""",""""""
js/markers.js,services_npcs,195,"""""",overworld_town_guardian,Town Guardian,Town Guardian (Gulley),"""""",Darkwoods,Gulley,"{""x"":1113,""y"":2767}",images/markers/Gulley_Town_Guardian.png,"""""","""""",""""""
js/markers.js,services_npcs,196,"""""",overworld_town_guardian,Town Guardian,Town Guardian (Dunmarrow),"""""",Darkwoods,Dunmarrow,"{""x"":1370,""y"":3184}",images/markers/Dunmarrow_Town_Guardian.png,"""""","""""",""""""
js/markers.js,services_npcs,197,"""""",overworld_town_guardian,Town Guardian,Town Guardian (Chlera),"""""",Battle Plains,Chlera,"{""x"":2415,""y"":3562}",images/markers/Chlera_Town_Guardian.png,"""""","""""",""""""
js/markers.js,services_npcs,198,"""""",overworld_town_guardian,Town Guardian,Town Guardian (Chlera),"""""",Battle Plains,Chlera,"{""x"":2415,""y"":3562}",images/markers/Chlera_Town_Guardian.png,"""""","""""",""""""
js/markers.js,services_npcs,199,"""""",overworld_town_guardian,Town Guardian,Town Guardian (Desprail),"""""",Battle Plains,Desprail,"{""x"":2196,""y"":3190}",images/markers/Desprail_Town_Guardian.png,"""""","""""",""""""
js/markers.js,services_npcs,200,"""""",overworld_town_guardian,Town Guardian,Town Guardian (Ethera Palace),"""""",Highlands,Ethera Palace,"{""x"":3553,""y"":3651}",images/markers/Ethera_Palace_Town_Guardian.png,"""""","""""",""""""
js/markers.js,services_npcs,201,"""""",overworld_town_guardian,Town Guardian,Town Guardian (Parian),"""""",Highlands,Parian,"{""x"":3434,""y"":3031}",images/markers/Parian_Town_Guardian.png,"""""","""""",""""""
js/markers.js,services_npcs,202,"""""",overworld_town_guardian,Town Guardian,Town Guardian (Arda),"""""",Highlands,Arda,"{""x"":3389,""y"":3470}",images/markers/Arda_Town_Guardian.png,"""""","""""",""""""
js/markers.js,services_npcs,203,"""""",overworld_town_wizard_of_insight,Town Wizard of Insight,Town Wizard of Insight (Vrethpool),"""""",Darkwoods,Vrethpool,"{""x"":664,""y"":1673}",images/markers/Verthpool_Town_Wizard_of_Insight.png,"""""","""""",""""""
js/markers.js,services_npcs,204,"""""",overworld_town_wizard_of_insight,Town Wizard of Insight,Town Wizard of Insight (Josody),"""""",Darkwoods,Josody,"{""x"":1352,""y"":2516}",images/markers/Josody_Town_Wizard_of_Insight.png,"""""","""""",""""""
js/markers.js,services_npcs,205,"""""",overworld_town_wizard_of_insight,Town Wizard of Insight,Town Wizard of Insight (Gulley),"""""",Darkwoods,Gulley,"{""x"":1110,""y"":2791}",images/markers/Gulley_Town_Wizard_of_Insight.png,"""""","""""",""""""
js/markers.js,services_npcs,206,"""""",overworld_town_wizard_of_insight,Town Wizard of Insight,Town Wizard of Insight (Dunmarrow),"""""",Darkwoods,Dunmarrow,"{""x"":1344,""y"":3200}",images/markers/Dunmarrow_Town_Wizard_of_Insight.png,"""""","""""",""""""
js/markers.js,services_npcs,207,"""""",overworld_town_wizard_of_insight,Town Wizard of Insight,Town Wizard of Insight (Chlera),"""""",Battle Plains,Chlera,"{""x"":2383,""y"":3574}",images/markers/Chlera_Town_Wizard_of_Insight.png,"""""","""""",""""""
js/markers.js,services_npcs,208,"""""",overworld_town_wizard_of_insight,Town Wizard of Insight,Town Wizard of Insight (Chlera),"""""",Battle Plains,Chlera,"{""x"":2179,""y"":3203}",images/markers/Chlera_Town_Wizard_of_Insight.png,"""""","""""",""""""
js/markers.js,services_npcs,209,"""""",overworld_town_wizard_of_insight,Town Wizard of Insight,Town Wizard of Insight (Dawat),"""""",Highlands,Dawat,"{""x"":3075,""y"":3384}",images/markers/Dawat_Town_Wizard_of_Insight.png,"""""","""""",""""""
js/markers.js,services_npcs,210,"""""",overworld_town_wizard_of_insight,Town Wizard of Insight,Town Wizard of Insight (Arda),"""""",Highlands,Arda,"{""x"":3419,""y"":3475}",images/markers/Arda_Town_Wizard_of_Insight.png,"""""","""""",""""""
js/markers.js,services_npcs,211,"""""",overworld_town_wizard_of_insight,Town Wizard of Insight,Town Wizard of Insight (Ethera Palace),"""""",Highlands,Ethera Palace,"{""x"":3543,""y"":3696}",images/markers/Ethera_Palace_Town_Wizard_of_Insight.png,"""""","""""",""""""
js/markers.js,services_npcs,213,"""""",overworld_game_of_chance,Jairn's Demon Eye Game (Wanders),Jairn's Demon Eye Game (Wanders),"""""",Battle Plains,Chlera,"{""x"":2405,""y"":3585}",images/markers/Jairn_Demon_Eye_Game.png,"""""","""""",""""""
js/markers.js,services_npcs,214,"""""",overworld_game_of_chance,Trinde's Demon Eye Game,Trinde's Demon Eye Game,"""""",Krythan,Parian,"{""x"":3516,""y"":3041}",images/markers/Trinde_Demon_Eye_Game.png,"""""","""""",""""""
js/markers.js,services_npcs,215,"""""",overworld_game_of_chance,Baldrus's Demon Eye Game,Baldrus's Demon Eye Game (Wanders),"""""",Krythan,Parian,"{""x"":3478,""y"":3015}",images/markers/Baldrus_Demon_Eye_Game.png,"""""","""""",""""""
js/markers.js,services_npcs,216,"""""",overworld_game_of_chance,Moponi's Demon Eye Game,Moponi's Demon Eye Game (Wanders),"""""",Sand of Creation,Ruhura,"{""x"":399,""y"":4033}",images/markers/Moponi_Demon_Eye_Game.png,"""""","""""",""""""
js/markers.js,services_npcs,217,"""""",overworld_game_of_chance,Lopal Demon Eye,Lopal Demon Eye,"""""",Western Isles,Scarab Island,"{""x"":422,""y"":2198}",images/markers/Lopal_Demon_Eye.png,"""""","""""",""""""
js/markers.js,services_npcs,218,"""""",overworld_event_ticket,Armsmaster,Armsmaster (The Guantlet Challenge),"""""",Western Isles,Lotor's Summer Palace,"{""x"":3470,""y"":3077}",images/markers/Armsmaster.png,"""""","""""",""""""
js/markers.js,services_npcs,221,"""""",overworld_obelisk,Obelisk Island Obelisk,Obelisk Island Obelisk,"""""",Western Isles,Obelisk Island,"{""x"":2108,""y"":2733}",images/markers/Obelisk_Island_Obelisk.png,"""""","""""",""""""
js/markers.js,services_npcs,222,"""""",overworld_obelisk,Hell Rune Spire,Hell Rune Spire,"""""",Hell,Hell,"{""x"":1032,""y"":3482}",images/markers/Hell_Rune_Spire.png,"""""","""""",""""""
js/markers.js,services_npcs,223,"""""",overworld_obelisk,Northwest Tundria Obelisk,Northwest Tundria Obelisk,"""""",Tundria,Northwest Tundria,"{""x"":1638,""y"":120}",images/markers/Northwest_Tundria_Obelisk.png,"""""","""""",""""""
js/markers.js,services_npcs,224,"""""",overworld_obelisk,Hammerfist Obelisk,Hammerfist Obelisk,"""""",Tundria,Tundria,"{""x"":2959,""y"":989}",images/markers/Hammerfist_Obelisk.png,"""""","""""",""""""
js/markers.js,services_npcs,225,"""""",overworld_obelisk,Hammerfist Obelisk,Tundria Rune Spire,"""""",Tundria,West of Trapdoor to Hammerfist,"{""x"":2966,""y"":648}",images/markers/Tundria_Rune_Spire.png,"""""","""""",""""""
js/markers.js,services_npcs,226,"""""",overworld_altar,Evil Altar,Evil Altar,"""""",Western Isles,Hell,"{""x"":1004,""y"":3322}",images/markers/Evil_Altar.png,"""""","""""",""""""
js/markers.js,services_npcs,227,"""""",overworld_bank,Bank,Bank,"""""",Valinor,Valinor,"{""x"":743,""y"":99}",images/markers/Valinor_Island_Bank.png,"""""","""""",""""""
js/markers.js,services_npcs,229,"""""",overworld_bank,Bank,Bank,"""""",Krythan,Hothbra,"{""x"":530,""y"":1067}",images/markers/Hothbra_Bank.png,"""""","""""",""""""
js/markers.js,services_npcs,230,"""""",overworld_bank,Bank,Bank,"""""",Krythan,Jeel,"{""x"":281,""y"":870}",images/markers/Jeel_Bank.png,"""""","""""",""""""
js/markers.js,services_npcs,231,"""""",overworld_bank,Bank,Bank,"""""",Krythan,Lotor's Castle,"{""x"":262,""y"":1152}",images/markers/Lotors_Castle_Bank.png,"""""","""""",""""""
js/markers.js,services_npcs,236,"""""",overworld_bank,Bank,Bank,"""""",Krythan,Vrethpool,"{""x"":672,""y"":1701}",images/markers/Vrethpool_Bank.png,"""""","""""",""""""
js/markers.js,services_npcs,237,"""""",overworld_bank,Josody Bank,Bank,"""""",Darkwoods,Josody,"{""x"":1303,""y"":2509}",images/markers/Josody_Bank.png,"""""","""""",""""""
js/markers.js,services_npcs,238,"""""",overworld_bank,Gulley Bank,Bank,"""""",Darkwoods,Gulley,"{""x"":1103,""y"":2774}",images/markers/Gulley_Bank.png,"""""","""""",""""""
js/markers.js,services_npcs,239,"""""",overworld_bank,Redwake Bank,Drax's Bank,"""""",Darkwoods,Redwake,"{""x"":444,""y"":2873}",images/markers/Redwake_Bank.png,"""""","""""",""""""
js/markers.js,services_npcs,240,"""""",overworld_bank,Darkfell Bank,Bank,"""""",Darkwoods,Darkfell,"{""x"":884,""y"":3079}",images/markers/Darkfell_Bank.png,"""""","""""",""""""
js/markers.js,services_npcs,241,"""""",overworld_bank,Dunmarrow Bank,Bank,"""""",Darkwoods,Dunmarrow,"{""x"":1402,""y"":3201}",images/markers/Dunmarrow_Bank.png,"""""","""""",""""""
js/markers.js,services_npcs,242,"""""",overworld_bank,Dunmarrow Bank,Wythwyvn's Bank,"""""",Darkwoods,Dunmarrow,"{""x"":1394,""y"":3208}",images/markers/Wythwyvn_Dunmarrow_Bank.png,"""""","""""",""""""
js/markers.js,services_npcs,243,"""""",overworld_bank,Autumn Bank,Kezvorik's Bank,"""""",Darkwoods,Autumn,"{""x"":604,""y"":3420}",images/markers/Autumn_Bank.png,"""""","""""",""""""
js/markers.js,services_npcs,244,"""""",overworld_bank,Whisperdale Bank,Bank,"""""",Darkwoods,Whisperdale,"{""x"":381,""y"":3433}",images/markers/Whisperdale_Bank.png,"""""","""""",""""""
js/markers.js,services_npcs,245,"""""",overworld_bank,Bank,Bank,"""""",Battle Plains,Chlera,"{""x"":2391,""y"":3567}",images/markers/Chlera_Bank.png,"""""","""""",""""""
js/markers.js,services_npcs,246,"""""",overworld_bank,Bank,Bank,"""""",Battle Plains,Desprail,"{""x"":2204,""y"":3194}",images/markers/Desprail_Bank.png,"""""","""""",""""""
js/markers.js,services_npcs,247,"""""",overworld_bank,Feraxid's Bank,Feraxid's Bank,"""""",Battle Plains,Desprail,"{""x"":2205,""y"":3180}",images/markers/Feraxid_Bank.png,"""""","""""",""""""
js/markers.js,services_npcs,248,"""""",overworld_bank,Bank,Bank,"""""",Black Swamp,Maraket,"{""x"":3076,""y"":4007}",images/markers/Maraket_Bank.png,"""""","""""",""""""
js/markers.js,services_npcs,249,"""""",overworld_bank,Bank,Bank,"""""",Black Swamp,Samad,"{""x"":2641,""y"":3517}",images/markers/Samad_Bank.png,"""""","""""",""""""
js/markers.js,services_npcs,250,"""""",overworld_bank,Bank,Bank,"""""",Black Swamp,Dawat,"{""x"":3093,""y"":3377}",images/markers/Dawat_Bank.png,"""""","""""",""""""
js/markers.js,services_npcs,251,"""""",overworld_bank,North Bank,North Bank,"""""",Highlands,Parian,"{""x"":3441,""y"":2957}",images/markers/Parian_North_Bank.png,"""""","""""",""""""
js/markers.js,services_npcs,252,"""""",overworld_bank,East Bank,East Bank,"""""",Highlands,Parian,"{""x"":3497,""y"":3025}",images/markers/Parian_North_Bank.png,"""""","""""",""""""
js/markers.js,services_npcs,253,"""""",overworld_bank,South Bank,South Bank,"""""",Highlands,Parian,"{""x"":3451,""y"":3073}",images/markers/Parian_North_Bank.png,"""""","""""",""""""
js/markers.js,services_npcs,255,"""""",overworld_bank,Bank,Bank,"""""",Highlands,Ethera Palace,"{""x"":3518,""y"":3709}",images/markers/Ethera_Palace_Bank.png,"""""","""""",""""""
js/markers.js,services_npcs,256,"""""",overworld_bank,Bank,Bank,"""""",Western Isles,Scarab Island,"{""x"":418,""y"":2219}",images/markers/Lopal_Bank.png,"""""","""""",""""""
js/markers.js,services_npcs,257,"""""",overworld_bank,Bank,Bank,"""""",Heartwood Coast,Valmond,"{""x"":2713,""y"":2203}",images/markers/Lopal_Bank.png,"""""","""""",""""""
js/markers.js,services_npcs,258,"""""",overworld_bank,Bank,Bank,"""""",Heartwood Coast,Valmond,"{""x"":2639,""y"":2170}",images/markers/Lopal_Bank.png,"""""","""""",""""""
js/markers.js,services_npcs,259,"""""",overworld_bank,Bank,Bank,"""""",Sands of Creation,Ruhura,"{""x"":386,""y"":4014}",images/markers/Ruhura_Bank.png,"""""","""""",""""""
js/markers.js,services_npcs,260,"""""",overworld_bank,Bank,Bank,"""""",Sands of Creation,Khafra,"{""x"":237,""y"":2809}",images/markers/Khafra_Bank.png,"""""","""""",""""""
js/markers.js,services_npcs,261,"""""",overworld_bank,Bank,Bank,"""""",Breakwater,Roycroft,"{""x"":2460,""y"":2438}",images/markers/Roycroft_Bank.png,"""""","""""",""""""
js/markers.js,services_npcs,262,"""""",overworld_bank,Bank,Bank,"""""",Breakwater,Roycroft,"{""x"":1923,""y"":1944}",images/markers/Roycroft_Bank.png,"""""","""""",""""""
js/markers.js,services_npcs,263,"""""",overworld_trainer,Cooking Trainers,Cooking Trainers,"""""",Valinor,Valinor,"{""x"":753,""y"":104}",images/markers/Valinor_Cooking_Trainer.png,"""""","""""",""""""
js/markers.js,services_npcs,264,"""""",overworld_trainer,Visdel,Visdel,"""""",Valinor,Valinor,"{""x"":753,""y"":106}",images/markers/Valinor_Visdel_Trainer.png,"""""","""""",""""""
js/markers.js,services_npcs,265,"""""",overworld_trainer,Leatherworking Trainer,Leatherworking Trainer,"""""",Valinor,Valinor,"{""x"":753,""y"":108}",images/markers/Valinor_Leatherworking_Trainer.png,"""""","""""",""""""
js/markers.js,services_npcs,266,"""""",overworld_trainer,Dalembert,Dalembert,"""""",Valinor,Valinor,"{""x"":753,""y"":110}",images/markers/Valinor_Dalembert_Trainer.png,"""""","""""",""""""
js/markers.js,services_npcs,267,"""""",overworld_trainer,Blacksmith Trainer,Blacksmith Trainer,"""""",Valinor,Valinor,"{""x"":753,""y"":112}",images/markers/Valinor_Blacksmith_Trainer.png,"""""","""""",""""""
js/markers.js,services_npcs,268,"""""",overworld_trainer,Zach Trainer,Zach,"""""",Valinor,Valinor,"{""x"":753,""y"":114}",images/markers/Valinor_Zach_Trainer.png,"""""","""""",""""""
js/markers.js,services_npcs,269,"""""",overworld_trainer,Carpentry Trainer,Carpentry Trainer,"""""",Valinor,Valinor,"{""x"":753,""y"":116}",images/markers/Valinor_Carpentry_Trainer.png,"""""","""""",""""""
js/markers.js,services_npcs,270,"""""",overworld_trainer,Aylesha Trainer,Aylesha,"""""",Valinor,Valinor,"{""x"":753,""y"":118}",images/markers/Valinor_Aylesha_Trainer.png,"""""","""""",""""""
js/markers.js,services_npcs,271,"""""",overworld_trainer,Thrown Weapons Trainers,Thrown Weapons Trainers,"""""",Valinor,Valinor,"{""x"":766,""y"":103}",images/markers/Valinor_Thrown_Weapons_Trainer.png,"""""","""""",""""""
js/markers.js,services_npcs,272,"""""",overworld_trainer,Large Blades Trainer,Large Blades Trainer,"""""",Valinor,Valinor,"{""x"":766,""y"":105}",images/markers/Valinor_Large_Blades_Trainer.png,"""""","""""",""""""
js/markers.js,services_npcs,273,"""""",overworld_trainer,Small Blades Trainer,Small Blades Trainer,"""""",Valinor,Valinor,"{""x"":766,""y"":107}",images/markers/Valinor_Small_Blades_Trainer.png,"""""","""""",""""""
js/markers.js,services_npcs,274,"""""",overworld_trainer,Archery Trainer,Archery Trainer,"""""",Valinor,Valinor,"{""x"":766,""y"":109}",images/markers/Valinor_Archery_Trainer.png,"""""","""""",""""""
js/markers.js,services_npcs,275,"""""",overworld_trainer,Crossbow Trainer,Crossbow Trainer,"""""",Valinor,Valinor,"{""x"":766,""y"":111}",images/markers/Valinor_Crossbow_Trainer.png,"""""","""""",""""""
js/markers.js,services_npcs,276,"""""",overworld_trainer,Axe Trainer,Axe Trainer,"""""",Valinor,Valinor,"{""x"":766,""y"":113}",images/markers/Valinor_Axe_Trainer.png,"""""","""""",""""""
js/markers.js,services_npcs,277,"""""",overworld_trainer,Polearms Trainer,Polearms Trainer,"""""",Valinor,Valinor,"{""x"":766,""y"":115}",images/markers/Valinor_Polearms_Trainer.png,"""""","""""",""""""
js/markers.js,services_npcs,278,"""""",overworld_trainer,Blunt Weapon Trainer,Blunt Weapon Trainer,"""""",Valinor,Valinor,"{""x"":766,""y"":117}",images/markers/Valinor_Blunt_Weapon_Trainer.png,"""""","""""",""""""
js/markers.js,services_npcs,279,"""""",overworld_trainer,Warrior Apprentice,Warrior Apprentice (Wanders),"""""",Valinor,Valinor,"{""x"":760,""y"":114}",images/markers/Valinor_Warrior_Apprentice.png,"""""","""""",""""""
js/markers.js,services_npcs,280,"""""",overworld_trainer,Leadership Trainers,Leadership Trainers,"""""",Valinor,Valinor,"{""x"":763,""y"":121}",images/markers/Valinor_Leadership_Trainer.png,"""""","""""",""""""
js/markers.js,services_npcs,281,"""""",overworld_trainer,Tailoring Trainer,Tailoring Trainer,"""""",Valinor,Valinor,"{""x"":736,""y"":108}",images/markers/Valinor_Tailoring_Trainer.png,"""""","""""",""""""
js/markers.js,services_npcs,282,"""""",overworld_trainer,Farming Trainer,Farming Trainer,"""""",Valinor,Valinor,"{""x"":772,""y"":114}",images/markers/Valinor_Farming_Trainer.png,"""""","""""",""""""
js/markers.js,services_npcs,283,"""""",overworld_trainer,Ralnaka (Farming Information),Ralnaka (Farming Information),"""""",Valinor,Valinor,"{""x"":769,""y"":114}",images/markers/Ralnaka_Farming_Information.png,"""""","""""",""""""
js/markers.js,services_npcs,284,"""""",overworld_trainer,Valinor Orb Reset,Valinor Orb Reset,"""""",Valinor,Valinor,"{""x"":717,""y"":99}",images/markers/Valinor_Orb_Reset.png,"""""","""""",""""""
js/markers.js,services_npcs,285,"""""",overworld_trainer,Island Steward,Island Steward,"""""",Valinor,Valinor,"{""x"":777,""y"":102}",images/markers/Valinor_Island_Steward.png,"""""","""""",""""""
js/markers.js,services_npcs,286,"""""",overworld_trainer,Osalka Farming Expert (Wanders),Osalka Farming Expert (Wanders),"""""",Valinor,Valinor,"{""x"":779,""y"":174}",images/markers/Osalka_Farming_Expert.png,"""""","""""",""""""
js/markers.js,services_npcs,288,"""""",overworld_trainer,Champion of Lotor,Champion of Lotor,"""""",Krythan,Lotor's Castle,"{""x"":246,""y"":1123}",images/markers/Lotors_Castle_Champion_of_Lotor.png,"""""","""""",""""""
js/markers.js,services_npcs,289,"""""",overworld_trainer,Laurel the Royal Cartographer,Laurel the Royal Cartographer,"""""",Krythan,Lotor's Castle,"{""x"":240,""y"":1134}",images/markers/Lotors_Castle_Laurel_the_Royal_Cartographer.png,"""""","""""",""""""
js/markers.js,services_npcs,290,"""""",overworld_trainer,Lotorian Knight,Lotorian Knight,"""""",Krythan,Lotor's Castle,"{""x"":239,""y"":1140}",images/markers/Lotors_Castle_Lotorian_Knight.png,"""""","""""",""""""
js/markers.js,services_npcs,302,"""""",overworld_trainer,Familiar Trainer,Familiar Trainer,"""""",Darkwoods,Redwake,"{""x"":451,""y"":2873}",images/markers/Redwake_Familiar_Trainer.png,"""""","""""",""""""
js/markers.js,services_npcs,303,"""""",overworld_trainer,Henchman Trainer,Henchman Trainer,"""""",Darkwoods,Redwake,"{""x"":430,""y"":2866}",images/markers/Redwake_Henchman_Trainer.png,"""""","""""",""""""
js/markers.js,services_npcs,304,"""""",overworld_trainer,Lotorian Knight,Lotorian Knight,"""""",Darkwoods,Whisperdale,"{""x"":402,""y"":3429}",images/markers/Whisperdale_Lotorian_Knight.png,"""""","""""",""""""
js/markers.js,services_npcs,305,"""""",overworld_trainer,Carpentry Taskmaster,Carpentry Taskmaster,"""""",Western Isles,Scarab Island,"{""x"":405,""y"":2197}",images/markers/Scarab_Island_Carpentry_Taskmaster.png,"""""","""""",""""""
js/markers.js,services_npcs,306,"""""",overworld_trainer,Farming Taskmaster,Farming Taskmaster,"""""",Western Isles,Scarab Island,"{""x"":393,""y"":2197}",images/markers/Scarab_Island_Farming_Taskmaster.png,"""""","""""",""""""
js/markers.js,services_npcs,307,"""""",overworld_trainer,Tailoring Taskmaster,Tailoring Taskmaster,"""""",Western Isles,Scarab Island,"{""x"":408,""y"":2211}",images/markers/Scarab_Island_Tailoring_Taskmaster.png,"""""","""""",""""""
js/markers.js,services_npcs,308,"""""",overworld_trainer,Brewing Taskmaster,Brewing Taskmaster,"""""",Western Isles,Scarab Island,"{""x"":401,""y"":2226}",images/markers/Scarab_Island_Brewing_Taskmaster.png,"""""","""""",""""""
js/markers.js,services_npcs,309,"""""",overworld_trainer,Blacksmith Taskmaster,Blacksmith Taskmaster,"""""",Western Isles,Scarab Island,"{""x"":378,""y"":2214}",images/markers/Scarab_Island_Blacksmith_Taskmaster.png,"""""","""""",""""""
js/markers.js,services_npcs,310,"""""",overworld_trainer,Leatherworking Taskmaster,Leatherworking Taskmaster,"""""",Western Isles,Scarab Island,"{""x"":360,""y"":2208}",images/markers/Scarab_Island_Leatherworking_Taskmaster.png,"""""","""""",""""""
js/markers.js,services_npcs,311,"""""",overworld_trainer,Alchemy Taskmaster,Alchemy Taskmaster,"""""",Western Isles,Scarab Island,"{""x"":379,""y"":2235}",images/markers/Scarab_Island_Alchemy_Taskmaster.png,"""""","""""",""""""
js/markers.js,services_npcs,312,"""""",overworld_trainer,Dransik Trading Mercenary,Dransik Trading Mercenary,"""""",Breakwater,Roycroft,"{""x"":2477,""y"":2439}",images/markers/Roycroft_Dransik_Trading_Mercenary.png,"""""","""""",""""""
js/markers.js,services_npcs,313,"""""",overworld_trainer,Dransik Trading Mercenary,Dransik Trading Mercenary,"""""",Breakwater,Roycroft,"{""x"":1898,""y"":1950}",images/markers/Roycroft_Dransik_Trading_Mercenary.png,"""""","""""",""""""
js/markers.js,shops,0,"""""",overworld_shop_pub,Dalgo's Tavern,Dalgo's Tavern,"""""",Western Isles,Party Island,"{""x"":437,""y"":86}",images/markers/Dalgo's_Tavern.png,"""""","""""",""""""
js/markers.js,shops,1,"""""",overworld_shop_pub,Larodeth Lywelyn's Pub and Grub Tavern,Larodeth Lywelyn's Pub and Grub Tavern,"""""",Valinor,Valinor,"{""x"":748,""y"":115}",images/markers/Larodeth_Lywelyns_Pub_and_Grub_Tavern.png,"""""","""""",""""""
js/markers.js,shops,2,"""""",overworld_shop_weaponry,Micheal Vonda's Weaponry Shop,Micheal Vonda's Weaponry Shop,"""""",Valinor,Valinor,"{""x"":737,""y"":119}",images/markers/Micheal_Vondas_Weaponry_Shop.png,"""""","""""",""""""
js/markers.js,shops,3,"""""",overworld_shop_armory,Thomas Blackstone's Armory Shop,Thomas Blackstone's Armory Shop,"""""",Valinor,Valinor,"{""x"":732,""y"":124}",images/markers/Thomas_Blackstones_Armory_Shop.png,"""""","""""",""""""
js/markers.js,shops,4,"""""",overworld_shop_provisioner,Whiliam Rosen's Provisioner Shop,Whiliam Rosen's Provisioner Shop,"""""",Valinor,Valinor,"{""x"":734,""y"":115}",images/markers/Whiliam_Rosens_Provisioner_Shop.png,"""""","""""",""""""
js/markers.js,shops,5,"""""",overworld_shop_provisioner,Leon Elias's Provisioner Shop,Leon Elias's Provisioner Shop,"""""",Valinor,Valinor,"{""x"":771,""y"":119}",images/markers/Leon_Eliass_Provisioner_Shop.png,"""""","""""",""""""
js/markers.js,shops,6,"""""",overworld_shop_magic,Cladius Zamilus's Magic Shop,Cladius Zamilus's Magic Shop,"""""",Valinor,Valinor,"{""x"":783,""y"":114}",images/markers/Cladius_Zamiluss_Magic_Shop.png,"""""","""""",""""""
js/markers.js,shops,7,"""""",overworld_shop_carpentry,Linus Houson's Carpentry Store,Linus Houson's Carpentry Store,"""""",Valinor,Valinor,"{""x"":750,""y"":150}",images/markers/Linus_Housons_Carpentry_Store.png,"""""","""""",""""""
js/markers.js,shops,8,"""""",overworld_shop_blacksmith,Kerry Thomas' Blacksmith Shop ,Kerry Thomas' Blacksmith Shop ,"""""",Valinor,Valinor,"{""x"":750,""y"":151}",images/markers/Kerry_Thomass_Blacksmith_Shop.png,"""""","""""",""""""
js/markers.js,shops,9,"""""",overworld_shop_leather,Tina Florence's Leather Shop,Tina Florence's Leather Shop,"""""",Valinor,Valinor,"{""x"":750,""y"":152}",images/markers/Tina_Florence_Leather_Shop.png,"""""","""""",""""""
js/markers.js,shops,26,"""""",overworld_shop_pub,Timison's Pub,Timison's Pub,"""""",Silvest Valley,Fort Eastwatch,"{""x"":1341,""y"":1309}",images/markers/Timison_Pub.png,"""""","""""",""""""
js/markers.js,shops,27,"""""",overworld_shop_carpentry,Caedmon's Capenter Shop,Caedmon's Capenter Shop,"""""",Krythan,Jeel,"{""x"":330,""y"":847}",images/markers/Caedmon_Carpenter_Shop.png,"""""","""""",""""""
js/markers.js,shops,28,"""""",overworld_shop_magic,Candor's Magic Shop,Candor's Magic Shop,"""""",Krythan,Jeel,"{""x"":314,""y"":830}",images/markers/Candor_Magic_Shop.png,"""""","""""",""""""
js/markers.js,shops,29,"""""",overworld_shop_weaponry,Tolar's Weaponry Shop,Tolar's Weaponry Shop,"""""",Krythan,Jeel,"{""x"":297,""y"":841}",images/markers/Tolar_Weapon_Shop.png,"""""","""""",""""""
js/markers.js,shops,30,"""""",overworld_shop_blacksmith,Aelli's Blacksmith Shop,Aelli's Blacksmith Shop,"""""",Krythan,Jeel,"{""x"":300,""y"":836}",images/markers/Aelli_Blacksmith_Shop.png,"""""","""""",""""""
js/markers.js,shops,31,"""""",overworld_shop_provisioner,Merchant's Provisioner Shop,Merchant's Provisioner Shop,"""""",Krythan,Jeel,"{""x"":298,""y"":836}",images/markers/Merchant_Provisioner_Shop.png,"""""","""""",""""""
js/markers.js,shops,32,"""""",overworld_shop_pub,Terry O'Doul's Pub,Terry O'Doul's Pub,"""""",Krythan,Jeel,"{""x"":292,""y"":842}",images/markers/Terry_O_Doul_Pub.png,"""""","""""",""""""
js/markers.js,shops,33,"""""",overworld_shop_shipyard,Locket Kirchkin's Ship Yard,Locket Kirchkin's Ship Yard,"""""",Krythan,Jeel,"{""x"":276,""y"":821}",images/markers/Locket_Kirchkin_Ship_Yard.png,"""""","""""",""""""
js/markers.js,shops,34,"""""",overworld_shop_leather,Archos' Leather Shop,Archos' Leather Shop,"""""",Krythan,Jeel,"{""x"":262,""y"":847}",images/markers/Archos_Leather_Shop.png,"""""","""""",""""""
js/markers.js,shops,35,"""""",overworld_shop_provisioner,Tondbert's Provisioner Shop,Tondbert's Provisioner Shop,"""""",Krythan,Jeel,"{""x"":263,""y"":873}",images/markers/Tondbert_Provisioner_Shop.png,"""""","""""",""""""
js/markers.js,shops,36,"""""",overworld_shop_farming,Osuald's Farming Shop,Osuald's Farming Shop,"""""",Krythan,Jeel,"{""x"":242,""y"":883}",images/markers/Osuald_Farming_Shop.png,"""""","""""",""""""
js/markers.js,shops,37,"""""",overworld_shop_pub,Brewmaster Idmun's Pub,Brewmaster Idmun's Pub,"""""",Krythan,Lotor's Castle,"{""x"":253,""y"":1133}",images/markers/Brewmaster_Idmun_Pub.png,"""""","""""",""""""
js/markers.js,shops,38,"""""",overworld_shop_magic,Hlothere's Magic Shop,Hlothere's Magic Shop,"""""",Krythan,Lotor's Castle,"{""x"":257,""y"":1137}",images/markers/Hlothere_Magic_Shop.png,"""""","""""",""""""
js/markers.js,shops,39,"""""",overworld_shop_scrolls,Flannig Scroll Shop,Flannig Scroll Shop,"""""",Krythan,Lotor's Castle,"{""x"":253,""y"":1138}",images/markers/Flannig_Scroll_Shop.png,"""""","""""",""""""
js/markers.js,shops,40,"""""",overworld_shop_generic,VIP Store,Lotor's Castle VIP Store,"""""",Krythan,Lotor's Castle,"{""x"":253,""y"":1140}",images/markers/Lotors_Castle_VIP_Store.png,"""""","""""",""""""
js/markers.js,shops,41,"""""",overworld_shop_jewelry,Ricardo Sardi's Jewelry Shop,Ricardo Sardi's Jewelry Shop,"""""",Krythan,Lotor's Castle,"{""x"":258,""y"":1139}",images/markers/Ricardo_Sardis_Jewelry_Shop.png,"""""","""""",""""""
js/markers.js,shops,42,"""""",overworld_shop_weaponry,Hale's Weaponry Shop,Hale's Weaponry Shop,"""""",Krythan,Lotor's Castle,"{""x"":255,""y"":1156}",images/markers/Hales_Weaponry_Shop.png,"""""","""""",""""""
js/markers.js,shops,43,"""""",overworld_shop_armory,Bercthun's Armory Shop,Bercthun's Armory Shop,"""""",Krythan,Lotor's Castle,"{""x"":253,""y"":1156}",images/markers/Bercthuns_Armory_Shop.png,"""""","""""",""""""
js/markers.js,shops,44,"""""",overworld_shop_blacksmith,Swidhelm's Blacksmith Shop,Swidhelm's Blacksmith Shop,"""""",Krythan,Lotor's Castle,"{""x"":262,""y"":1155}",images/markers/Swidhelms_Blacksmith_Shop.png,"""""","""""",""""""
js/markers.js,shops,45,"""""",overworld_shop_farming,Merchant's Farm Shop,Merchant's Farm Shop,"""""",Krythan,Lotor's Castle,"{""x"":213,""y"":1146}",images/markers/Merchants_Farm_Shop.png,"""""","""""",""""""
js/markers.js,shops,46,"""""",overworld_shop_magic,Raegenhere's Magic Shop,Raegenhere's Magic Shop,"""""",Krythan,Hothbra,"{""x"":519,""y"":1068}",images/markers/Raegenhere's_Magic_Shop.png,"""""","""""",""""""
js/markers.js,shops,47,"""""",overworld_shop_pub,Cudbert's Pub,Cudbert's Pub,"""""",Krythan,Hothbra,"{""x"":505,""y"":1064}",images/markers/Cudberts_Pub.png,"""""","""""",""""""
js/markers.js,shops,48,"""""",overworld_shop_weaponry,Darbin's Weaponry Shop,Darbin's Weaponry Shop,"""""",Krythan,Hothbra,"{""x"":506,""y"":1095}",images/markers/Darbins_Weaponry_Shop.png,"""""","""""",""""""
js/markers.js,shops,49,"""""",overworld_shop_blacksmith,Darbinson's Blacksmith Shop,Darbinson's Blacksmith Shop,"""""",Krythan,Hothbra,"{""x"":510,""y"":1093}",images/markers/Darbinsons_Blacksmith_Shop.png,"""""","""""",""""""
js/markers.js,shops,50,"""""",overworld_shop_carpentry,Kedecia's Carpentry Shop,Kedecia's Carpentry Shop,"""""",Krythan,Hothbra,"{""x"":516,""y"":1086}",images/markers/Kedecias_Carpentry_Shop.png,"""""","""""",""""""
js/markers.js,shops,51,"""""",overworld_shop_provisioner,Valetrem's Provisioner Shop,Valetrem's Provisioner Shop,"""""",Krythan,Hothbra,"{""x"":521,""y"":1091}",images/markers/Valetrem_Provisioner_Shop.png,"""""","""""",""""""
js/markers.js,shops,52,"""""",overworld_shop_provisioner,Kevin Larcon's Provisioner Shop,Kevin Larcon's Provisioner Shop,"""""",Krythan,Vrethpool,"{""x"":650,""y"":1676}",images/markers/Kevin_Larcon_Provisioner_Shop.png,"""""","""""",""""""
js/markers.js,shops,53,"""""",overworld_shop_pub,Aedelred's Pub,Aedelred's Pub,"""""",Krythan,Vrethpool,"{""x"":678,""y"":1681}",images/markers/Aedelred_Pub.png,"""""","""""",""""""
js/markers.js,shops,54,"""""",overworld_shop_armory,David's Armory Shop,David's Armory Shop,"""""",Krythan,Vrethpool,"{""x"":689,""y"":1682}",images/markers/Davids_Armory_Shop.png,"""""","""""",""""""
js/markers.js,shops,55,"""""",overworld_shop_blacksmith,Dubois' Blacksmith Shop,Dubois' Blacksmith Shop,"""""",Krythan,Vrethpool,"{""x"":684,""y"":1680}",images/markers/Dubois_Blacksmith_Shop.png,"""""","""""",""""""
js/markers.js,shops,56,"""""",overworld_shop_weaponry,Andhun's Weaponry Shop,Andhun's Weaponry Shop,"""""",Krythan,Vrethpool,"{""x"":691,""y"":1698}",images/markers/Andhuns_Weaponry_Shop.png,"""""","""""",""""""
js/markers.js,shops,57,"""""",overworld_shop_evil_trinket,Gallos' Evil Trinket Shop,Gallos' Evil Trinket Shop,"""""",Krythan,Vrethpool,"{""x"":651,""y"":1706}",images/markers/Gallos_Evil_Trinket_Shop.png,"""""","""""",""""""
js/markers.js,shops,58,"""""",overworld_shop_magic,Rygor's Magic Shop,Rygor's Magic Shop,"""""",Krythan,Vrethpool,"{""x"":683,""y"":1705}",images/markers/Rygors_Magic_Shop.png,"""""","""""",""""""
js/markers.js,shops,62,"""""",overworld_shop_leather,Tegwienol's Leather Shop,Tegwienol's Leather Shop,"""""",Darkwoods,Josody,"{""x"":1306,""y"":2544}",images/markers/Tegwienols_Leather_Shop.png,"""""","""""",""""""
js/markers.js,shops,63,"""""",overworld_shop_carpentry,Zaliquon's Carpentry Shop,Zaliquon's Carpentry Shop,"""""",Darkwoods,Josody,"{""x"":1310,""y"":2539}",images/markers/Zaliquons_Carpentry_Shop.png,"""""","""""",""""""
js/markers.js,shops,64,"""""",overworld_shop_farming,Quender's Farming Shop,Quender's Farming Shop,"""""",Darkwoods,Josody,"{""x"":1329,""y"":2543}",images/markers/Quenders_Farming_Shop.png,"""""","""""",""""""
js/markers.js,shops,65,"""""",overworld_shop_provisioner,Margret Dawson's Provisioner Shop,Margret Dawson's Provisioner Shop,"""""",Darkwoods,Josody,"{""x"":1321,""y"":2526}",images/markers/Margret_Dawsons_Provisioner_Shop.png,"""""","""""",""""""
js/markers.js,shops,66,"""""",overworld_shop_blacksmith,Kezwyx's Blacksmith Shop,Kezwyx's Blacksmith Shop,"""""",Darkwoods,Josody,"{""x"":1370,""y"":2525}",images/markers/Kezwyxs_Blacksmith_Shop.png,"""""","""""",""""""
js/markers.js,shops,67,"""""",overworld_shop_weaponry,Shyvly's Weaponry Shop,Shyvly's Weaponry Shop,"""""",Darkwoods,Josody,"{""x"":1367,""y"":2529}",images/markers/Shyvlys_Weapon_Shop.png,"""""","""""",""""""
js/markers.js,shops,68,"""""",overworld_shop_weaponry,Malivar's Weaponry Shop,Malivar's Weaponry Shop,"""""",Darkwoods,Josody,"{""x"":1368,""y"":2529}",images/markers/Malivars_Weapon_Shop.png,"""""","""""",""""""
js/markers.js,shops,69,"""""",overworld_shop_armory,Darzig's Armory Shop,Darzig's Armory Shop,"""""",Darkwoods,Josody,"{""x"":1365,""y"":2504}",images/markers/Darzigs_Armory_Shop.png,"""""","""""",""""""
js/markers.js,shops,70,"""""",overworld_shop_shipyard,Gilron Argas's Shipyard,Gilron Argas's Shipyard,"""""",Darkwoods,Josody,"{""x"":1386,""y"":2510}",images/markers/Gilron_Argass_Shipyard.png,"""""","""""",""""""
js/markers.js,shops,71,"""""",overworld_shop_magic,Zavoril's Magic Shop,Zavoril's Magic Shop,"""""",Darkwoods,Josody,"{""x"":1389,""y"":2534}",images/markers/Zavorils_Magic_Shop.png,"""""","""""",""""""
js/markers.js,shops,72,"""""",overworld_shop_scrolls,Rugue's Scroll Shop,Rugue's Scroll Shop,"""""",Darkwoods,Josody,"{""x"":1387,""y"":2534}",images/markers/Rugues_Scroll_Shop.png,"""""","""""",""""""
js/markers.js,shops,73,"""""",overworld_shop_pub,Nilswin's Cooking Shop,Nilswin's Cooking Shop,"""""",Darkwoods,Josody,"{""x"":1352,""y"":2544}",images/markers/Nilswins_Cooking_Shop.png,"""""","""""",""""""
js/markers.js,shops,74,"""""",overworld_shop_pub,Garcon's Cooking Shop,Garcon's Cooking Shop,"""""",Darkwoods,Josody,"{""x"":1350,""y"":2544}",images/markers/Garcons_Cooking_Shop.png,"""""","""""",""""""
js/markers.js,shops,75,"""""",overworld_shop_leather,Vyserin's Leather Shop,Vyserin's Leather Shop,"""""",Darkwoods,Gulley,"{""x"":1097,""y"":2796}",images/markers/Vyserins_Leather_Shop.png,"""""","""""",""""""
js/markers.js,shops,76,"""""",overworld_shop_carpentry,Dryzid's Carpentry Shop,Dryzid's Carpentry Shop,"""""",Darkwoods,Gulley,"{""x"":1093,""y"":2783}",images/markers/Dryzids_Carpentry_Shop.png,"""""","""""",""""""
js/markers.js,shops,77,"""""",overworld_shop_provisioner,Yrmina's Provisioner Shop,Yrmina's Provisioner Shop,"""""",Darkwoods,Gulley,"{""x"":1103,""y"":2786}",images/markers/Yrminas_Provisioner_Shop.png,"""""","""""",""""""
js/markers.js,shops,78,"""""",overworld_shop_farming,Erkal's Farming Shop,Erkal's Farming Shop,"""""",Darkwoods,Gulley,"{""x"":1114,""y"":2784}",images/markers/Erkal_Farming_Shop.png,"""""","""""",""""""
js/markers.js,shops,79,"""""",overworld_shop_pub,Nadar's Pub,Nadar's Pub,"""""",Darkwoods,Gulley,"{""x"":1115,""y"":2760}",images/markers/Nadars_Pub.png,"""""","""""",""""""
js/markers.js,shops,80,"""""",overworld_shop_magic,Xulimar's Magic Shop,Xulimar's Magic Shop,"""""",Darkwoods,Gulley,"{""x"":1105,""y"":2766}",images/markers/Xulimars_Magic_Shop.png,"""""","""""",""""""
js/markers.js,shops,81,"""""",overworld_shop_generic,VIP Store,VIP Store,"""""",Darkwoods,Redwake,"{""x"":458,""y"":2870}",images/markers/Redwake_VIP_Store.png,"""""","""""",""""""
js/markers.js,shops,82,"""""",overworld_shop_pub,Melanea's Pub,Melanea's Pub,"""""",Darkwoods,Redwake,"{""x"":463,""y"":2874}",images/markers/Melanea_Pub.png,"""""","""""",""""""
js/markers.js,shops,83,"""""",overworld_shop_magic,Ezleth's Magic Shop,Ezleth's Magic Shop,"""""",Darkwoods,Redwake,"{""x"":467,""y"":2884}",images/markers/Ezleth_Magic_Shop.png,"""""","""""",""""""
js/markers.js,shops,84,"""""",overworld_shop_armory,Galimar the Armorer Shop,Galimar the Armorer Shop,"""""",Darkwoods,Redwake,"{""x"":471,""y"":2879}",images/markers/Galimar_Armorer_Shop.png,"""""","""""",""""""
js/markers.js,shops,85,"""""",overworld_shop_weaponry,Weaponmaster Yazivir's Weaponry Shop,Weaponmaster Yazivir's Weaponry Shop,"""""",Darkwoods,Redwake,"{""x"":476,""y"":2879}",images/markers/Weaponmaster_Yazivir_Weaponry_Shop.png,"""""","""""",""""""
js/markers.js,shops,86,"""""",overworld_shop_blacksmith,Padwick's Blacksmith Shop,Padwick's Blacksmith Shop,"""""",Darkwoods,Redwake,"{""x"":469,""y"":2862}",images/markers/Padwick_Blacksmith_Shop.png,"""""","""""",""""""
js/markers.js,shops,87,"""""",overworld_shop_leather,Relimar's Leather Shop,Relimar's Leather Shop,"""""",Darkwoods,Redwake,"{""x"":469,""y"":2854}",images/markers/Relimar_Leather_Shop.png,"""""","""""",""""""
js/markers.js,shops,88,"""""",overworld_shop_carpentry,Somicar's Carpentry Shop,Somicar's Carpentry Shop,"""""",Darkwoods,Redwake,"{""x"":441,""y"":2854}",images/markers/Somicar_Carpentry_Shop.png,"""""","""""",""""""
js/markers.js,shops,89,"""""",overworld_shop_provisioner,Tezryk's Provisioner Shop,Tezryk's Provisioner Shop,"""""",Darkwoods,Redwake,"{""x"":441,""y"":2865}",images/markers/Tezryk_Provisioner_Shop.png,"""""","""""",""""""
js/markers.js,shops,90,"""""",overworld_shop_shipyard,Mosan's Shipyard,Mosan's Shipyard,"""""",Darkwoods,Redwake,"{""x"":418,""y"":2867}",images/markers/Mosan_Shipyard.png,"""""","""""",""""""
js/markers.js,shops,91,"""""",overworld_shop_farming,Garzug's Farming Shop,Garzug's Farming Shop,"""""",Darkwoods,Redwake,"{""x"":456,""y"":2841}",images/markers/Garzug_Farming_Shop.png,"""""","""""",""""""
js/markers.js,shops,92,"""""",overworld_shop_jewelry,Constance Roak's Jewelry Shop,Constance Roak's Jewelry Shop,"""""",Darkwoods,Redwake,"{""x"":470,""y"":2841}",images/markers/Constance_Roak_Jewelry_Shop.png,"""""","""""",""""""
js/markers.js,shops,93,"""""",overworld_shop_pub,Corewyr's Pub,Corewyr's Pub,"""""",Darkwoods,Darkfell,"{""x"":893,""y"":3079}",images/markers/Corewyr_Pub.png,"""""","""""",""""""
js/markers.js,shops,94,"""""",overworld_shop_jewelry,Willis Dargi's Jewelry Shop,Willis Dargi's Jewelry Shop,"""""",Darkwoods,Darkfell,"{""x"":895,""y"":3073}",images/markers/Willis_Dargi_Jewelry_Shop.png,"""""","""""",""""""
js/markers.js,shops,95,"""""",overworld_shop_provisioner,Ereisa's Provisioner Shop,Ereisa's Provisioner Shop,"""""",Darkwoods,Darkfell,"{""x"":903,""y"":3081}",images/markers/Ereisa_Provisioner_Shop.png,"""""","""""",""""""
js/markers.js,shops,96,"""""",overworld_shop_provisioner,Driejar's Provisioner Shop,Driejar's Provisioner Shop,"""""",Darkwoods,Darkfell,"{""x"":909,""y"":3081}",images/markers/Driejar_Provisioner_Shop.png,"""""","""""",""""""
js/markers.js,shops,97,"""""",overworld_shop_carpentry,Tiras' Carpentry Shop,Tiras' Carpentry Shop,"""""",Darkwoods,Darkfell,"{""x"":890,""y"":3093}",images/markers/Tiras_Carpentry_Shop.png,"""""","""""",""""""
js/markers.js,shops,98,"""""",overworld_shop_weaponry,Eralid's Weaponry Shop,Eralid's Weaponry Shop,"""""",Darkwoods,Darkfell,"{""x"":906,""y"":3090}",images/markers/Eralid_Weaponry_Shop.png,"""""","""""",""""""
js/markers.js,shops,99,"""""",overworld_shop_armory,Galaeth's Armory Shop,Galaeth's Armory Shop,"""""",Darkwoods,Darkfell,"{""x"":901,""y"":3099}",images/markers/Galaeth_Armory_Shop.png,"""""","""""",""""""
js/markers.js,shops,100,"""""",overworld_shop_blacksmith,Rhiram's Blacksmith Shop,Rhiram's Blacksmith Shop,"""""",Darkwoods,Darkfell,"{""x"":906,""y"":3096}",images/markers/Rhiram_Blacksmith_Shop.png,"""""","""""",""""""
js/markers.js,shops,101,"""""",overworld_shop_leather,Ederaron's Leather Shop,Ederaron's Leather Shop,"""""",Darkwoods,Darkfell,"{""x"":919,""y"":3091}",images/markers/Ederaron_Leather_Shop.png,"""""","""""",""""""
js/markers.js,shops,102,"""""",overworld_shop_jewelry,Aeal Unlope's Jewelry Shop,Aeal Unlope's Jewelry Shop,"""""",Darkwoods,Darkfell,"{""x"":898,""y"":3119}",images/markers/Aeal_Unlope_Jewelry_Shop.png,"""""","""""",""""""
js/markers.js,shops,103,"""""",overworld_shop_carpentry,Elvryn's Carpentery Shop,Elvryn's Carpentery Shop,"""""",Darkwoods,Dunmarrow,"{""x"":1354,""y"":3193}",images/markers/Elvryn_Carpentery_Shop.png,"""""","""""",""""""
js/markers.js,shops,104,"""""",overworld_shop_leather,Lominar's Taxidermy Shop,Lominar's Taxidermy Shop,"""""",Darkwoods,Dunmarrow,"{""x"":1351,""y"":3200}",images/markers/Lominar_Taxidermy_Shop.png,"""""","""""",""""""
js/markers.js,shops,105,"""""",overworld_shop_shipyard,Calidor Reitmsa's Ship Yard,Calidor Reitmsa's Ship Yard,"""""",Darkwoods,Dunmarrow,"{""x"":1362,""y"":3228}",images/markers/Calidor_Reitmsa_Ship_Yard.png,"""""","""""",""""""
js/markers.js,shops,106,"""""",overworld_shop_pub,Charyne's Tavern,Charyne's Tavern,"""""",Darkwoods,Dunmarrow,"{""x"":1377,""y"":3224}",images/markers/Charyne_Tavern.png,"""""","""""",""""""
js/markers.js,shops,107,"""""",overworld_shop_pub,Charyne's Tavern,Charyne's Tavern,"""""",Darkwoods,Dunmarrow,"{""x"":1377,""y"":3224}",images/markers/Charyne_Tavern.png,"""""","""""",""""""
js/markers.js,shops,108,"""""",overworld_shop_provisioner,Keile Joargo's Provisioner Shop,Keile Joargo's Provisioner Shop,"""""",Darkwoods,Dunmarrow,"{""x"":1391,""y"":3232}",images/markers/Keile_Joargo_Provisioner_Shop.png,"""""","""""",""""""
js/markers.js,shops,109,"""""",overworld_shop_weaponry,Xulfax's Weaponry Shop,Xulfax's Weaponry Shop,"""""",Darkwoods,Dunmarrow,"{""x"":1391,""y"":3220}",images/markers/Xulfax_Weaponry_Shop.png,"""""","""""",""""""
js/markers.js,shops,110,"""""",overworld_shop_armory,Hertzel's Armory Shop,Hertzel's Armory Shop,"""""",Darkwoods,Dunmarrow,"{""x"":1391,""y"":3210}",images/markers/Hertzel_Armory_Shop.png,"""""","""""",""""""
js/markers.js,shops,111,"""""",overworld_shop_blacksmith,Calonar's Blacksmith Shop,Calonar's Blacksmith Shop,"""""",Darkwoods,Dunmarrow,"{""x"":1400,""y"":3211}",images/markers/Calonar_Blacksmith_Shop.png,"""""","""""",""""""
js/markers.js,shops,112,"""""",overworld_shop_magic,Saldizor's Magic Shop,Saldizor's Magic Shop,"""""",Darkwoods,Dunmarrow,"{""x"":1412,""y"":3183}",images/markers/Saldizor_Magic_Shop.png,"""""","""""",""""""
js/markers.js,shops,113,"""""",overworld_shop_weaponry,Xatak's Weaponry Shop,Xatak's Weaponry Shop,"""""",Darkwoods,Whisperdale,"{""x"":578,""y"":3395}",images/markers/Xatak_Weaponry_Shop.png,"""""","""""",""""""
js/markers.js,shops,114,"""""",overworld_shop_leather,Narzil's Leather Shop,Narzil's Leather Shop,"""""",Darkwoods,Whisperdale,"{""x"":578,""y"":3417}",images/markers/Narzil_Leather_Shop.png,"""""","""""",""""""
js/markers.js,shops,115,"""""",overworld_shop_provisioner,Varyana's Provisioner Shop,Varyana's Provisioner Shop,"""""",Darkwoods,Whisperdale,"{""x"":583,""y"":3420}",images/markers/Varyana_Provisioner_Shop.png,"""""","""""",""""""
js/markers.js,shops,116,"""""",overworld_shop_pub,Sylvax's Pub,Sylvax's Pub,"""""",Darkwoods,Whisperdale,"{""x"":588,""y"":3416}",images/markers/Sylvax_Pub.png,"""""","""""",""""""
js/markers.js,shops,117,"""""",overworld_shop_magic,Malkoron's Magic Shop,Malkoron's Magic Shop,"""""",Darkwoods,Whisperdale,"{""x"":601,""y"":3396}",images/markers/Malkoron_Magic_Shop.png,"""""","""""",""""""
js/markers.js,shops,118,"""""",overworld_shop_jewelry,Larcie Nightwind's Jewelry Shop,Larcie Nightwind's Jewelry Shop,"""""",Darkwoods,Whisperdale,"{""x"":599,""y"":3396}",images/markers/Larcie_Nightwind_Jewelry_Shop.png,"""""","""""",""""""
js/markers.js,shops,119,"""""",overworld_shop_carpentry,Dolbrax's Carpentry Shop,Dolbrax's Carpentry Shop,"""""",Darkwoods,Whisperdale,"{""x"":592,""y"":3394}",images/markers/Dolbrax_Carpentry_Shop.png,"""""","""""",""""""
js/markers.js,shops,120,"""""",overworld_shop_leather,Alaven's Leather Shop,Alaven's Leather Shop,"""""",Darkwoods,Lord Vezryl's Estate,"{""x"":545,""y"":3176}",images/markers/Alaven_Leather_Shop.png,"""""","""""",""""""
js/markers.js,shops,121,"""""",overworld_shop_pub,Golgaste's Kitchen,Golgaste's Kitchen,"""""",Darkwoods,Lord Vezryl's Estate,"{""x"":551,""y"":3163}",images/markers/Golgaste_Kitchen.png,"""""","""""",""""""
js/markers.js,shops,122,"""""",overworld_shop_leather,Vornath's Leather Shop,Vornath's Leather Shop,"""""",Darkwoods,Whisperdale,"{""x"":392,""y"":3474}",images/markers/Vornath_Leather_Shop.png,"""""","""""",""""""
js/markers.js,shops,123,"""""",overworld_shop_carpentry,Quizlin's Carpentry Shop,Quizlin's Carpentry Shop,"""""",Darkwoods,Whisperdale,"{""x"":381,""y"":3477}",images/markers/Quizlin_Carpentry_Shop.png,"""""","""""",""""""
js/markers.js,shops,124,"""""",overworld_shop_pub,Belokk's Tavern,Belokk's Tavern,"""""",Darkwoods,Whisperdale,"{""x"":377,""y"":3450}",images/markers/Belokk_Tavern.png,"""""","""""",""""""
js/markers.js,shops,125,"""""",overworld_shop_farming,Pharyd's Farming Shop,Pharyd's Farming Shop,"""""",Darkwoods,Whisperdale,"{""x"":366,""y"":3456}",images/markers/Pharyd_Farming_Shop.png,"""""","""""",""""""
js/markers.js,shops,126,"""""",overworld_shop_provisioner,Kazagar's Provisioner Shop,Kazagar's Provisioner Shop,"""""",Darkwoods,Whisperdale,"{""x"":378,""y"":3439}",images/markers/Kazagar_Provisioner_Shop.png,"""""","""""",""""""
js/markers.js,shops,127,"""""",overworld_shop_magic,Gidrax's Magic Shop,Gidrax's Magic Shop,"""""",Darkwoods,Whisperdale,"{""x"":403,""y"":3435}",images/markers/Gidrax_Magic_Shop.png,"""""","""""",""""""
js/markers.js,shops,128,"""""",overworld_shop_blacksmith,Adalar's Blacksmith Shop,Adalar's Blacksmith Shop,"""""",Darkwoods,Whisperdale,"{""x"":405,""y"":3448}",images/markers/Adalar_Blacksmith_Shop.png,"""""","""""",""""""
js/markers.js,shops,129,"""""",overworld_shop_armory,Igrik's Armory Shop,Igrik's Armory Shop,"""""",Darkwoods,Whisperdale,"{""x"":393,""y"":3444}",images/markers/Igrik_Armory_Shop.png,"""""","""""",""""""
js/markers.js,shops,130,"""""",overworld_shop_weaponry,Gantagor's Weaponry Shop,Gantagor's Weaponry Shop,"""""",Darkwoods,Whisperdale,"{""x"":393,""y"":3450}",images/markers/Gantagor_Weaponry_Shop.png,"""""","""""",""""""
js/markers.js,shops,131,"""""",overworld_shop_jewelry,Dalores Farkai's Jewelry Shop,Dalores Farkai's Jewelry Shop,"""""",Darkwoods,Whisperdale,"{""x"":339,""y"":3476}",images/markers/Dalores_Farkai_Jewelry_Shop.png,"""""","""""",""""""
js/markers.js,shops,132,"""""",overworld_shop_shipyard,Manet's Shipyard,Manet's Shipyard,"""""",Darkwoods,Whisperdale,"{""x"":339,""y"":3479}",images/markers/Manet_Shipyard.png,"""""","""""",""""""
js/markers.js,shops,133,"""""",overworld_shop_generic,Lady Vezryl's Alliance Shop,Lady Vezryl's Alliance Shop,"""""",Darkwoods,Whisperdale,"{""x"":402,""y"":3426}",images/markers/Lady_Vezryl_Alliance_Shop.png,"""""","""""",""""""
js/markers.js,shops,134,"""""",overworld_shop_scrolls,Mordani's Scroll Shop,Mordani's Scroll Shop,"""""",Darkwoods,Whisperdale,"{""x"":438,""y"":3428}",images/markers/Mordani_Scroll_Shop.png,"""""","""""",""""""
js/markers.js,shops,135,"""""",overworld_shop_weaponry,Emelio's Weaponry Shop,Emelio's Weaponry Shop,"""""",Battle Plains,Chlera,"{""x"":2371,""y"":3563}",images/markers/Emelio_Weaponry_Shop.png,"""""","""""",""""""
js/markers.js,shops,136,"""""",overworld_shop_blacksmith,Varnak's Blacksmith Shop,Varnak's Blacksmith Shop,"""""",Battle Plains,Chlera,"{""x"":2370,""y"":3576}",images/markers/Varnak_Blacksmith_Shop.png,"""""","""""",""""""
js/markers.js,shops,137,"""""",overworld_shop_magic,Ulric's Magic Shop,Ulric's Magic Shop,"""""",Battle Plains,Chlera,"{""x"":2389,""y"":3588}",images/markers/Ulric_Magic_Shop.png,"""""","""""",""""""
js/markers.js,shops,138,"""""",overworld_shop_pub,David's Pub,David's Pub,"""""",Battle Plains,Chlera,"{""x"":2402,""y"":3592}",images/markers/David_Pub.png,"""""","""""",""""""
js/markers.js,shops,139,"""""",overworld_shop_provisioner,Zalman's Provisioner Shop,Zalman's Provisioner Shop,"""""",Battle Plains,Chlera,"{""x"":2415,""y"":3587}",images/markers/Zalman_Provisioner_Shop.png,"""""","""""",""""""
js/markers.js,shops,140,"""""",overworld_shop_armory,Maximillian's Armory Shop,Maximillian's Armory Shop,"""""",Battle Plains,Chlera,"{""x"":2432,""y"":3595}",images/markers/Maximillian_Armory_Shop.png,"""""","""""",""""""
js/markers.js,shops,141,"""""",overworld_shop_blacksmith,Duras' Blacksmith Shop,Duras' Blacksmith Shop,"""""",Battle Plains,Chlera,"{""x"":2437,""y"":3606}",images/markers/Duras_Blacksmith_Shop.png,"""""","""""",""""""
js/markers.js,shops,142,"""""",overworld_shop_leather,Viona's Leather Shop,Viona's Leather Shop,"""""",Battle Plains,Chlera,"{""x"":2371,""y"":3626}",images/markers/Viona_Leather_Shop.png,"""""","""""",""""""
js/markers.js,shops,143,"""""",overworld_shop_leather,Shagrat's Carpentry Shop,Shagrat's Carpentry Shop,"""""",Battle Plains,Chlera,"{""x"":2377,""y"":3622}",images/markers/Shagrat_Carpentry_Shop.png,"""""","""""",""""""
js/markers.js,shops,144,"""""",overworld_shop_farming,Laci's Farming Shop,Laci's Farming Shop,"""""",Battle Plains,Chlera,"{""x"":2407,""y"":3615}",images/markers/Laci_Farming_Shop.png,"""""","""""",""""""
js/markers.js,shops,145,"""""",overworld_shop_leather,Dera's Leather Shop,Dera's Leather Shop,"""""",Battle Plains,Desprail,"{""x"":2186,""y"":3230}",images/markers/Dera_Leather_Shop.png,"""""","""""",""""""
js/markers.js,shops,146,"""""",overworld_shop_armory,Rigan's Armory Shop,Rigan's Armory Shop,"""""",Battle Plains,Desprail,"{""x"":2177,""y"":3197}",images/markers/Rigan_Armory_Shop.png,"""""","""""",""""""
js/markers.js,shops,147,"""""",overworld_shop_provisioner,Yisean's Provisioner Shop,Yisean's Provisioner Shop,"""""",Battle Plains,Desprail,"{""x"":2211,""y"":3195}",images/markers/Yisean_Provisioner_Shop.png,"""""","""""",""""""
js/markers.js,shops,148,"""""",overworld_shop_carpentry,Domas' Carpentry Shop,Domas' Carpentry Shop,"""""",Battle Plains,Desprail,"{""x"":2230,""y"":3185}",images/markers/Domas_Carpentry_Shop.png,"""""","""""",""""""
js/markers.js,shops,149,"""""",overworld_shop_farming,Diadra's Farming Shop,Diadra's Farming Shop,"""""",Battle Plains,Desprail,"{""x"":2236,""y"":3185}",images/markers/Diadra_Farming_Shop.png,"""""","""""",""""""
js/markers.js,shops,150,"""""",overworld_shop_blacksmith,Nydymond's Blacksmith Shop,Nydymond's Blacksmith Shop,"""""",Battle Plains,Desprail,"{""x"":2236,""y"":3199}",images/markers/Nydymond_Blacksmith_Shop.png,"""""","""""",""""""
js/markers.js,shops,151,"""""",overworld_shop_weaponry,Nafur's Weaponry Shop,Nafur's Weaponry Shop,"""""",Battle Plains,Desprail,"{""x"":2231,""y"":3207}",images/markers/Nafur_Weaponry_Shop.png,"""""","""""",""""""
js/markers.js,shops,152,"""""",overworld_shop_magic,Droawan's Magic Shop,Droawan's Magic Shop,"""""",Battle Plains,Desprail,"{""x"":2228,""y"":3202}",images/markers/Droawan_Magic_Shop.png,"""""","""""",""""""
js/markers.js,shops,153,"""""",overworld_shop_armory,Batuk's Armory Shop,Batuk's Armory Shop,"""""",Black Swamp,Krog,"{""x"":3143,""y"":3752}",images/markers/Batuk_Armory_Shop.png,"""""","""""",""""""
js/markers.js,shops,154,"""""",overworld_shop_leather,Gorn's Leather Shop,Gorn's Leather Shop,"""""",Black Swamp,Krog,"{""x"":3162,""y"":3753}",images/markers/Gorn_Leather_Shop.png,"""""","""""",""""""
js/markers.js,shops,155,"""""",overworld_shop_farming,Vrriga's Farming Shop,Vrriga's Farming Shop,"""""",Black Swamp,Krog,"{""x"":3145,""y"":3781}",images/markers/Vrriga_Farming_Shop.png,"""""","""""",""""""
js/markers.js,shops,156,"""""",overworld_shop_magic,Savu's Magic Shop,Savu's Magic Shop,"""""",Black Swamp,Krog,"{""x"":3121,""y"":3768}",images/markers/Savu_Magic_Shop.png,"""""","""""",""""""
js/markers.js,shops,157,"""""",overworld_shop_magic,Fragak's Weaponry Shop,Fragak's Weaponry Shop,"""""",Black Swamp,Krog,"{""x"":3121,""y"":3768}",images/markers/Fragak_Weaponry_Shop.png,"""""","""""",""""""
js/markers.js,shops,158,"""""",overworld_shop_weaponry,Fragak's Weaponry Shop,Fragak's Weaponry Shop,"""""",Black Swamp,Krog,"{""x"":3129,""y"":3784}",images/markers/Fragak_Weaponry_Shop.png,"""""","""""",""""""
js/markers.js,shops,159,"""""",overworld_shop_jewelry,Mongo Rark's Jewelry Shop,Mongo Rark's Jewelry Shop,"""""",Black Swamp,Krog,"{""x"":3135,""y"":3780}",images/markers/Mongo_Rark_Jewelry_Shop.png,"""""","""""",""""""
js/markers.js,shops,160,"""""",overworld_shop_armory,Kronav's Armory Shop,Kronav's Armory Shop,"""""",Black Swamp,Krog,"{""x"":3122,""y"":3792}",images/markers/Kronav_Armory_Shop.png,"""""","""""",""""""
js/markers.js,shops,161,"""""",overworld_shop_pub,Kornak's Pub,Kornak's Pub,"""""",Black Swamp,Krog,"{""x"":3116,""y"":3805}",images/markers/Kornak_Pub.png,"""""","""""",""""""
js/markers.js,shops,162,"""""",overworld_shop_provisioner,Drakan's Provisioner Shop,Drakan's Provisioner Shop,"""""",Black Swamp,Krog,"{""x"":3092,""y"":3789}",images/markers/Drakan_Provisioner_Shop.png,"""""","""""",""""""
js/markers.js,shops,163,"""""",overworld_shop_carpentry,Jarra's Carpentry Shop,Jarra's Carpentry Shop,"""""",Black Swamp,Krog,"{""x"":3081,""y"":3785}",images/markers/Jarra_Carpentry_Shop.png,"""""","""""",""""""
js/markers.js,shops,164,"""""",overworld_shop_scrolls,Riqa's Scroll Shop,Riqa's Scroll Shop,"""""",Black Swamp,Krog,"{""x"":3095,""y"":3804}",images/markers/Riqa_Scroll_Shop.png,"""""","""""",""""""
js/markers.js,shops,165,"""""",overworld_shop_generic,Lady of Krog's Alliance Shop,Lady of Krog's Alliance Shop,"""""",Black Swamp,Krog,"{""x"":3074,""y"":3762}",images/markers/Lady_of_Krog_Alliance_Shop.png,"""""","""""",""""""
js/markers.js,shops,166,"""""",overworld_shop_magic,Tanak's Magic Shop,Tanak's Magic Shop,"""""",Black Swamp,Maraket,"{""x"":3082,""y"":4006}",images/markers/Tanak_Magic_Shop.png,"""""","""""",""""""
js/markers.js,shops,167,"""""",overworld_shop_shipyard,Beldran's Shipyard,Beldran's Shipyard,"""""",Black Swamp,Maraket,"{""x"":3090,""y"":4020}",images/markers/Beldran_Shipyard.png,"""""","""""",""""""
js/markers.js,shops,168,"""""",overworld_shop_armory,Jezral's Armory Shop,Jezral's Armory Shop,"""""",Black Swamp,Maraket,"{""x"":3070,""y"":4023}",images/markers/Jezral_Armory_Shop.png,"""""","""""",""""""
js/markers.js,shops,169,"""""",overworld_shop_blacksmith,Verdax's Blacksmith Shop,Verdax's Blacksmith Shop,"""""",Black Swamp,Maraket,"{""x"":3070,""y"":4025}",images/markers/Verdax_Blacksmith_Shop.png,"""""","""""",""""""
js/markers.js,shops,170,"""""",overworld_shop_weaponry,Moortok's Weaponry Shop,Moortok's Weaponry Shop,"""""",Black Swamp,Maraket,"{""x"":3058,""y"":4016}",images/markers/Moortok_Weaponry_Shop.png,"""""","""""",""""""
js/markers.js,shops,171,"""""",overworld_shop_pub,Moorta's Pub,Moorta's Pub,"""""",Black Swamp,Maraket,"{""x"":3047,""y"":4009}",images/markers/Moorta_Pub.png,"""""","""""",""""""
js/markers.js,shops,172,"""""",overworld_shop_provisioner,Gabbik's Provisioner Shop,Gabbik's Provisioner Shop,"""""",Black Swamp,Maraket,"{""x"":3051,""y"":4002}",images/markers/Gabbik_Provisioner_Shop.png,"""""","""""",""""""
js/markers.js,shops,173,"""""",overworld_shop_leather,Greelnik's Leather Shop,Greelnik's Leather Shop,"""""",Black Swamp,Maraket,"{""x"":3035,""y"":4001}",images/markers/Greelnik_Leather_Shop.png,"""""","""""",""""""
js/markers.js,shops,174,"""""",overworld_shop_carpentry,Hamatad's Carpentry Shop,Hamatad's Carpentry Shop,"""""",Black Swamp,Maraket,"{""x"":3035,""y"":4008}",images/markers/Hamatad_Carpentry_Shop.png,"""""","""""",""""""
js/markers.js,shops,175,"""""",overworld_shop_farming,Targek's Farming Shop,Targek's Farming Shop,"""""",Black Swamp,Maraket,"{""x"":3043,""y"":4026}",images/markers/Targek_Farming_Shop.png,"""""","""""",""""""
js/markers.js,shops,176,"""""",overworld_shop_provisioner,Dagda's Provisioner Shop,Dagda's Provisioner Shop,"""""",Black Swamp,Samad,"{""x"":2661,""y"":3507}",images/markers/Dagda_Provisioner_Shop.png,"""""","""""",""""""
js/markers.js,shops,177,"""""",overworld_shop_weaponry,Rakgol's Weaponry Shop,Rakgol's Weaponry Shop,"""""",Black Swamp,Samad,"{""x"":2666,""y"":3514}",images/markers/Rakgol_Weapon_Shop.png,"""""","""""",""""""
js/markers.js,shops,178,"""""",overworld_shop_magic,Gradrak's Magic Shop,Gradrak's Magic Shop,"""""",Black Swamp,Samad,"{""x"":2651,""y"":3518}",images/markers/Gradrak_Magic_Shop.png,"""""","""""",""""""
js/markers.js,shops,179,"""""",overworld_shop_pub,Jurgen's Pub,Jurgen's Pub,"""""",Black Swamp,Samad,"{""x"":2650,""y"":3505}",images/markers/Jurgen_Pub.png,"""""","""""",""""""
js/markers.js,shops,180,"""""",overworld_shop_carpentry,Frodegi's Carpentry Shop,Frodegi's Carpentry Shop,"""""",Black Swamp,Samad,"{""x"":2627,""y"":3516}",images/markers/Frodegi_Carpentry_Shop.png,"""""","""""",""""""
js/markers.js,shops,181,"""""",overworld_shop_armory,Tradena's Armory Shop,Tradena's Armory Shop,"""""",Black Swamp,Samad,"{""x"":2625,""y"":3506}",images/markers/Tradena_Armory_Shop.png,"""""","""""",""""""
js/markers.js,shops,182,"""""",overworld_shop_leather,Tomak's Leather Shop,Tomak's Leather Shop,"""""",Black Swamp,Samad,"{""x"":2604,""y"":3519}",images/markers/Tomak_Leather_Shop.png,"""""","""""",""""""
js/markers.js,shops,183,"""""",overworld_shop_farming,Uthein's Farming Shop,Uthein's Farming Shop,"""""",Black Swamp,Samad,"{""x"":2605,""y"":3531}",images/markers/Uthein_Farming_Shop.png,"""""","""""",""""""
js/markers.js,shops,184,"""""",overworld_shop_armory,Vrrgkan's Armory Shop,Vrrgkan's Armory Shop,"""""",Black Swamp,Dawat,"{""x"":3076,""y"":3371}",images/markers/Vrrgkan_Armory_Shop.png,"""""","""""",""""""
js/markers.js,shops,185,"""""",overworld_shop_weaponry,Nok's Weaponry Shop,Nok's Weaponry Shop,"""""",Black Swamp,Dawat,"{""x"":3075,""y"":3378}",images/markers/Nok_Weaponry_Shop.png,"""""","""""",""""""
js/markers.js,shops,186,"""""",overworld_shop_pub,Chogto's Pub,Chogto's Pub,"""""",Black Swamp,Dawat,"{""x"":3100,""y"":3377}",images/markers/Chogto_Pub.png,"""""","""""",""""""
js/markers.js,shops,187,"""""",overworld_shop_farming,Trabad's Farming Shop,Trabad's Farming Shop,"""""",Black Swamp,Dawat,"{""x"":3095,""y"":3373}",images/markers/Trabad_Farming_Shop.png,"""""","""""",""""""
js/markers.js,shops,188,"""""",overworld_shop_farming,Frolg's Carpentry Shop,Frolg's Carpentry Shop,"""""",Black Swamp,Dawat,"{""x"":3089,""y"":3372}",images/markers/Frolg_Carpentry_Shop.png,"""""","""""",""""""
js/markers.js,shops,189,"""""",overworld_shop_farming,Uncoe's Provisioner Shop,Uncoe's Provisioner Shop,"""""",Black Swamp,Dawat,"{""x"":3099,""y"":3387}",images/markers/Uncoe_Provisioner_Shop.png,"""""","""""",""""""
js/markers.js,shops,190,"""""",overworld_shop_magic,Janos McGreggor's Magic Shop,Janos McGreggor's Magic Shop,"""""",Black Swamp,Dawat,"{""x"":3091,""y"":3374}",images/markers/Janos_McGreggor_Magic_Shop.png,"""""","""""",""""""
js/markers.js,shops,191,"""""",overworld_shop_weaponry,Rhonidd's Weaponry Shop,Rhonidd's Weaponry Shop,"""""",Highlands,Parian,"{""x"":3473,""y"":3074}",images/markers/Rohnidd_Weapon_Shop.png,"""""","""""",""""""
js/markers.js,shops,192,"""""",overworld_shop_blacksmith,Hemos' Blacksmith Shop,Hemos' Blacksmith Shop,"""""",Highlands,Parian,"{""x"":3472,""y"":3064}",images/markers/Hemos_Blacksmith_Shop.png,"""""","""""",""""""
js/markers.js,shops,193,"""""",overworld_shop_scrolls,Sage Rauth's Scrolls Shop,Sage Rauth's Scrolls Shop,"""""",Highlands,Parian,"{""x"":3479,""y"":3073}",images/markers/Sage_Rauth_Scrolls_Shop.png,"""""","""""",""""""
js/markers.js,shops,194,"""""",overworld_shop_magic,Tragos' Magic Shop,Tragos' Magic Shop,"""""",Highlands,Parian,"{""x"":3479,""y"":3076}",images/markers/Tragos_Magic_Shop.png,"""""","""""",""""""
js/markers.js,shops,195,"""""",overworld_shop_provisioner,Thodonna's Provisioner Shop,Thodonna's Provisioner Shop,"""""",Highlands,Parian,"{""x"":3473,""y"":3086}",images/markers/Thodonna_Provisioner_Shop.png,"""""","""""",""""""
js/markers.js,shops,196,"""""",overworld_shop_jewelry,Maggie Hobson's Jewelry Shop,Maggie Hobson's Jewelry Shop,"""""",Highlands,Parian,"{""x"":3494,""y"":3068}",images/markers/Maggie_Hobson_Jewelry_Shop.png,"""""","""""",""""""
js/markers.js,shops,197,"""""",overworld_shop_provisioner,Theiseth's Provisioner Shop,Theiseth's Provisioner Shop,"""""",Highlands,Parian,"{""x"":3500,""y"":3063}",images/markers/Theiseth_Provisioner_Shop.png,"""""","""""",""""""
js/markers.js,shops,198,"""""",overworld_shop_shipyard,Arthuren's Ship Yard Shop,Arthuren's Ship Yard Shop,"""""",Highlands,Parian,"{""x"":3514,""y"":3071}",images/markers/Arthuren_Ship_Yard_Shop.png,"""""","""""",""""""
js/markers.js,shops,199,"""""",overworld_shop_magic,Theard's Magic Shop,Theard's Magic Shop,"""""",Highlands,Parian,"{""x"":3499,""y"":3048}",images/markers/Theard_Magic_Shop.png,"""""","""""",""""""
js/markers.js,shops,200,"""""",overworld_shop_pub,Loeband's Pub,Loeband's Pub,"""""",Highlands,Parian,"{""x"":3506,""y"":3033}",images/markers/Loeband_Pub.png,"""""","""""",""""""
js/markers.js,shops,201,"""""",overworld_shop_storage,Rella's Storage Shop,Rella's Storage Shop,"""""",Highlands,Parian,"{""x"":3479,""y"":3022}",images/markers/Rella_Storage_Shop.png,"""""","""""",""""""
js/markers.js,shops,202,"""""",overworld_shop_carpentry,Rella's Storage Shop,Welatrem's Carpenter Shop,"""""",Highlands,Parian,"{""x"":3479,""y"":3028}",images/markers/Welatrem_Carpentry_Shop.png,"""""","""""",""""""
js/markers.js,shops,203,"""""",overworld_shop_leather,Draga's Leather Shop,Draga's Leather Shop,"""""",Highlands,Parian,"{""x"":3494,""y"":3003}",images/markers/Draga_Leather_Shop.png,"""""","""""",""""""
js/markers.js,shops,204,"""""",overworld_shop_armory,Kedardogan's Armory Shop,Kedardogan's Armory Shop,"""""",Highlands,Parian,"{""x"":3478,""y"":3006}",images/markers/Kedardogan_Armory_Shop.png,"""""","""""",""""""
js/markers.js,shops,205,"""""",overworld_shop_blacksmith,Afedriwyr's Blacksmith Shop,Afedriwyr's Blacksmith Shop,"""""",Highlands,Parian,"{""x"":3486,""y"":3006}",images/markers/Afedriwyr_Blacksmith_Shop.png,"""""","""""",""""""
js/markers.js,shops,206,"""""",overworld_shop_pub,Malinnor's Pub,Malinnor's Pub,"""""",Highlands,Parian,"{""x"":3459,""y"":2995}",images/markers/Malinnor_Provisioner_Shop.png,"""""","""""",""""""
js/markers.js,shops,207,"""""",overworld_shop_farming,Melisandria's Farming Shop,Melisandria's Farming Shop,"""""",Highlands,Parian,"{""x"":3446,""y"":3005}",images/markers/Melisandria_Farming_Shop.png,"""""","""""",""""""
js/markers.js,shops,208,"""""",overworld_shop_carpentry,Oloatlan's Carpentry Shop,Oloatlan's Carpentry Shop,"""""",Highlands,Parian,"{""x"":3444,""y"":2984}",images/markers/Oloatlan_Carpentry_Shop.png,"""""","""""",""""""
js/markers.js,shops,209,"""""",overworld_shop_weaponry,Hailey Brown's Weaponry Shop,Hailey Brown's Weaponry Shop,"""""",Highlands,Parian,"{""x"":3442,""y"":2984}",images/markers/Hailey_Brown_Weapon_Shop.png,"""""","""""",""""""
js/markers.js,shops,210,"""""",overworld_shop_provisioner,Jeralif's Provisioner Shop,Jeralif's Provisioner Shop,"""""",Highlands,Parian,"{""x"":3444,""y"":2971}",images/markers/Jeralif_Provisioner_Shop.png,"""""","""""",""""""
js/markers.js,shops,211,"""""",overworld_shop_magic,Zaetlan's Magic Shop,Zaetlan's Magic Shop,"""""",Highlands,Parian,"{""x"":3421,""y"":2977}",images/markers/Zaetlan_Magic_Shop.png,"""""","""""",""""""
js/markers.js,shops,212,"""""",overworld_shop_weaponry,Ereld's Weaponry Shop,Ereld's Weaponry Shop,"""""",Highlands,Parian,"{""x"":3425,""y"":2961}",images/markers/Ereld_Weapon_Shop.png,"""""","""""",""""""
js/markers.js,shops,222,"""""",overworld_shop_bakery,Kryiel's Bakery Shop,Kryiel's Bakery Shop,"""""",Highlands,Ethera Palace,"{""x"":3560,""y"":3672}",images/markers/Kryiel_Bakery_Shop.png,"""""","""""",""""""
js/markers.js,shops,223,"""""",overworld_shop_magic,Astaeg's Magic Shop,Astaeg's Magic Shop,"""""",Highlands,Ethera Palace,"{""x"":3557,""y"":3695}",images/markers/Astaeg_Magic_Shop.png,"""""","""""",""""""
js/markers.js,shops,224,"""""",overworld_shop_farming,Dugos' Farming Shop,Dugos' Farming Shop,"""""",Highlands,Ethera Palace,"{""x"":3556,""y"":3700}",images/markers/Dugos_Farming_Shop.png,"""""","""""",""""""
js/markers.js,shops,225,"""""",overworld_shop_shipyard,Adrekor's Ship Yard,Adrekor's Ship Yard,"""""",Highlands,Ethera Palace,"{""x"":3573,""y"":3697}",images/markers/Adrekor_Ship_Yard.png,"""""","""""",""""""
js/markers.js,shops,226,"""""",overworld_shop_armory,Sevililoth's Armory Shop,Sevililoth's Armory Shop,"""""",Highlands,Ethera Palace,"{""x"":3556,""y"":3719}",images/markers/Sevililoth_Armory_Shop.png,"""""","""""",""""""
js/markers.js,shops,227,"""""",overworld_shop_leather,Zathras' Leather Shop,Zathras' Leather Shop,"""""",Highlands,Ethera Palace,"{""x"":3561,""y"":3725}",images/markers/Zathras_Leather_Shop.png,"""""","""""",""""""
js/markers.js,shops,228,"""""",overworld_shop_provisioner,Ethialin's Provisioner Shop,Ethialin's Provisioner Shop,"""""",Highlands,Ethera Palace,"{""x"":3544,""y"":3712}",images/markers/Ethialin_Provisioner_Shop.png,"""""","""""",""""""
js/markers.js,shops,229,"""""",overworld_shop_blacksmith,Cadenad's Blacksmith Shop,Cadenad's Blacksmith Shop,"""""",Highlands,Ethera Palace,"{""x"":3538,""y"":3710}",images/markers/Cadenad_Blacksmith_Shop.png,"""""","""""",""""""
js/markers.js,shops,230,"""""",overworld_shop_weaponry,Lothannon's Weaponry Shop,Lothannon's Weaponry Shop,"""""",Highlands,Ethera Palace,"{""x"":3525,""y"":3710}",images/markers/Lothannon_Weapon_Shop.png,"""""","""""",""""""
js/markers.js,shops,231,"""""",overworld_shop_weaponry,Desdemona's Provisioner Shop,Desdemona's Provisioner Shop,"""""",Highlands,Ethera Palace,"{""x"":3513,""y"":3696}",images/markers/Desdemona_Provisioner_Shop.png,"""""","""""",""""""
js/markers.js,shops,232,"""""",overworld_shop_carpentry,Larelikor's Carpentry Shop,Larelikor's Carpentry Shop,"""""",Highlands,Ethera Palace,"{""x"":3537,""y"":3689}",images/markers/Larelikor_Carpentry_Shop.png,"""""","""""",""""""
js/markers.js,shops,252,"""""",overworld_shop_carpentry,Ricbert's Carpentry Shop,Ricbert's Carpentry Shop,"""""",Western Isles,Scarab Island,"{""x"":405,""y"":2192}",images/markers/Ricbert_Carpentry_Shop.png,"""""","""""",""""""
js/markers.js,shops,253,"""""",overworld_shop_farming,Berctuald's Farming Shop,Berctuald's Farming Shop,"""""",Western Isles,Scarab Island,"{""x"":398,""y"":2194}",images/markers/Berctuald_Farming_Shop.png,"""""","""""",""""""
js/markers.js,shops,255,"""""",overworld_shop_pub,Osric's Pub,Osric's Pub,"""""",Western Isles,Scarab Island,"{""x"":402,""y"":2219}",images/markers/Osrics_Pub.png,"""""","""""",""""""
js/markers.js,shops,256,"""""",overworld_shop_provisioner,Wulfhere's Provisioner Shop,Wulfhere's Provisioner Shop,"""""",Western Isles,Scarab Island,"{""x"":384,""y"":2219}",images/markers/Wulfheres_Provisioner_Shop.png,"""""","""""",""""""
js/markers.js,shops,257,"""""",overworld_shop_weaponry,Killjoy's Weaponry Shop,Killjoy's Weaponry Shop,"""""",Western Isles,Scarab Island,"{""x"":370,""y"":2219}",images/markers/Killjoys_Weaponry_Shop.png,"""""","""""",""""""
js/markers.js,shops,258,"""""",overworld_shop_armory,Harkyn's Armory Shop,Harkyn's Armory Shop,"""""",Western Isles,Scarab Island,"{""x"":374,""y"":2215}",images/markers/Harkyns_Armory_Shop.png,"""""","""""",""""""
js/markers.js,shops,259,"""""",overworld_shop_magic,Aldulf's Magic Shop,Aldulf's Magic Shop,"""""",Western Isles,Scarab Island,"{""x"":379,""y"":2236}",images/markers/Aldulfs_Magic_Shop.png,"""""","""""",""""""
js/markers.js,shops,260,"""""",overworld_shop_provisioner,Leroy Janks's Provisioner Shop,Leroy Janks's Provisioner Shop,"""""",Western Isles,Lycanth,"{""x"":274,""y"":2633}",images/markers/Leroy_Janks_Provisioner_Shop.png,"""""","""""",""""""
js/markers.js,shops,261,"""""",overworld_shop_magic,Maritha's Magic Shop,Maritha's Magic Shop,"""""",Western Isles,Lycanth,"{""x"":275,""y"":2641}",images/markers/Maritha's_Magic_Shop.png,"""""","""""",""""""
js/markers.js,shops,262,"""""",overworld_shop_pub,Kolb's Pub,Kolb's Pub,"""""",Western Isles,Lycanth,"{""x"":272,""y"":2655}",images/markers/Kolb's_Pub.png,"""""","""""",""""""
js/markers.js,shops,263,"""""",overworld_shop_provisioner,Dawthis' Provisioner Shop,Dawthis' Provisioner Shop,"""""",Western Isles,Lycanth,"{""x"":252,""y"":2646}",images/markers/Dawthis'_Provisioner_Shop.png,"""""","""""",""""""
js/markers.js,shops,264,"""""",overworld_shop_blacksmith,Thorpe's Blacksmith Shop,Thorpe's Blacksmith Shop,"""""",Western Isles,Lycanth,"{""x"":252,""y"":2636}",images/markers/Thorpe's_Blacksmith_Shop.png,"""""","""""",""""""
js/markers.js,shops,265,"""""",overworld_shop_weaponry,Vanoch's Weaponry Shop,Vanoch's Weaponry Shop,"""""",Hearwood Coast,Valmond,"{""x"":2751,""y"":2199}",images/markers/Vanoch's_Weaponry_Shop.png,"""""","""""",""""""
js/markers.js,shops,266,"""""",overworld_shop_magic,Athosian's Magic Shop,Athosian's Magic Shop,"""""",Hearwood Coast,Valmond,"{""x"":2733,""y"":2198}",images/markers/Athosian's_Magic_Shop.png,"""""","""""",""""""
js/markers.js,shops,267,"""""",overworld_shop_jewelry,Ninothen's Jewelry Shop,Ninothen's Jewelry Shop,"""""",Hearwood Coast,Valmond,"{""x"":2753,""y"":2213}",images/markers/Ninothen's_Jewelry_Shop.png,"""""","""""",""""""
js/markers.js,shops,268,"""""",overworld_shop_carpentry,Medain's Carpentry Shop,Medain's Carpentry Shop,"""""",Hearwood Coast,Valmond,"{""x"":2738,""y"":2219}",images/markers/Medain's_Carpentry_Shop.png,"""""","""""",""""""
js/markers.js,shops,269,"""""",overworld_shop_leather,Senoch's Leatherworking Shop,Senoch's Leatherworking Shop,"""""",Hearwood Coast,Valmond,"{""x"":2748,""y"":2226}",images/markers/Senoch's_Leatherworking_Shop.png,"""""","""""",""""""
js/markers.js,shops,270,"""""",overworld_shop_provisioner,Imdy's Provisioner Shop,Imdy's Provisioner Shop,"""""",Hearwood Coast,Valmond,"{""x"":2747,""y"":2235}",images/markers/Imdy's_Provisioner_Shop.png,"""""","""""",""""""
js/markers.js,shops,271,"""""",overworld_shop_farming,Krista's Farming Shop,Krista's Farming Shop,"""""",Hearwood Coast,Valmond,"{""x"":2691,""y"":2224}",images/markers/Krista's_Farming_Shop.png,"""""","""""",""""""
js/markers.js,shops,272,"""""",overworld_shop_farming,Warthien's Farming Shop,Warthien's Farming Shop,"""""",Hearwood Coast,Valmond,"{""x"":2725,""y"":2182}",images/markers/Warthien's_Farming_Shop.png,"""""","""""",""""""
js/markers.js,shops,273,"""""",overworld_shop_blacksmith,Hevee's Blacksmith Shop,Hevee's Blacksmith Shop,"""""",Hearwood Coast,Valmond,"{""x"":2716,""y"":2184}",images/markers/Hevee's_Blacksmith_Shop.png,"""""","""""",""""""
js/markers.js,shops,274,"""""",overworld_shop_armory,Yeros' Armory Shop,Yeros' Armory Shop,"""""",Hearwood Coast,Valmond,"{""x"":2710,""y"":2181}",images/markers/Yeros'_Armory_Shop.png,"""""","""""",""""""
js/markers.js,shops,275,"""""",overworld_shop_provisioner,Tenweth's Provisioner Shop,Tenweth's Provisioner Shop,"""""",Hearwood Coast,Valmond,"{""x"":2696,""y"":2182}",images/markers/Tenweth's_Provisioner_Shop.png,"""""","""""",""""""
js/markers.js,shops,276,"""""",overworld_shop_provisioner,Conbar's Pub,Conbar's Pub,"""""",Hearwood Coast,Valmond,"{""x"":2681,""y"":2163}",images/markers/Conbar's_Pub.png,"""""","""""",""""""
js/markers.js,shops,277,"""""",overworld_shop_provisioner,Adaria Ustir's Farming Shop,Adaria Ustir's Farming Shop,"""""",Hearwood Coast,Valmond,"{""x"":2659,""y"":2168}",images/markers/Adaria_Ustir's_Farming_Shop.png,"""""","""""",""""""
js/markers.js,shops,278,"""""",overworld_shop_weaponry,Khadik's Weaponry Shop,Khadik's Weaponry Shop,"""""",Hearwood Coast,Valmond,"{""x"":2653,""y"":2167}",images/markers/Khadik's_Weaponry_Shop.png,"""""","""""",""""""
js/markers.js,shops,279,"""""",overworld_shop_magic,Thular's Magic Shop,Thular's Magic Shop,"""""",Hearwood Coast,Valmond,"{""x"":2637,""y"":2155}",images/markers/Thular's_Magic_Shop.png,"""""","""""",""""""
js/markers.js,shops,280,"""""",overworld_shop_provisioner,Rorik's Provisioner Shop,Rorik's Provisioner Shop,"""""",Hearwood Coast,Valmond,"{""x"":2629,""y"":2139}",images/markers/Rorik's_Provisioner_Shop.png,"""""","""""",""""""
js/markers.js,shops,281,"""""",overworld_shop_pub,Isun's Pub,Isun's Pub,"""""",Hearwood Coast,Valmond,"{""x"":2615,""y"":2130}",images/markers/Isun's_Pub.png,"""""","""""",""""""
js/markers.js,shops,282,"""""",overworld_shop_weaponry,Fallana's Weaponry Shop,Fallana's Weaponry Shop,"""""",Hearwood Coast,Valmond,"{""x"":2630,""y"":2123}",images/markers/Fallana's_Weaponry_Shop.png,"""""","""""",""""""
js/markers.js,shops,283,"""""",overworld_shop_blacksmith,Talnur's Blacksmith Shop,Talnur's Blacksmith Shop,"""""",Hearwood Coast,Valmond,"{""x"":2622,""y"":2167}",images/markers/Talnur's_Blacksmith_Shop.png,"""""","""""",""""""
js/markers.js,shops,284,"""""",overworld_shop_shipyard,Gordon McDowl's Shipyard Shop,Gordon McDowl's Shipyard Shop,"""""",Hearwood Coast,Valmond,"{""x"":2627,""y"":2185}",images/markers/Gordon_McDowl's_Shipyard_Shop.png,"""""","""""",""""""
js/markers.js,shops,285,"""""",overworld_shop_carpentry,Aventi's Carpentry Shop,Aventi's Carpentry Shop,"""""",Sands of Creation,Khafra,"{""x"":282,""y"":2787}",images/markers/Aventi's_Carpentry_Shop.png,"""""","""""",""""""
js/markers.js,shops,286,"""""",overworld_shop_blacksmith,Rabulo's Blacksmith Shop,Rabulo's Blacksmith Shop,"""""",Sands of Creation,Khafra,"{""x"":280,""y"":2786}",images/markers/Rabulo's_Blacksmith_Shop.png,"""""","""""",""""""
js/markers.js,shops,287,"""""",overworld_shop_jewelry,Sohrab's Jewelry Shop,Sohrab's Jewelry Shop,"""""",Sands of Creation,Khafra,"{""x"":266,""y"":2761}",images/markers/Sohrab's_Jewelry_Shop.png,"""""","""""",""""""
js/markers.js,shops,288,"""""",overworld_shop_pub,Akhenaten's Pub,Akhenaten's Pub,"""""",Sands of Creation,Khafra,"{""x"":266,""y"":2774}",images/markers/Akhenaten's_Pub.png,"""""","""""",""""""
js/markers.js,shops,289,"""""",overworld_shop_pub,Helthla's Pub,Helthla's Pub,"""""",Sands of Creation,Khafra,"{""x"":262,""y"":2774}",images/markers/Helthla's_Pub.png,"""""","""""",""""""
js/markers.js,shops,290,"""""",overworld_shop_farming,Laska's Farming Shop,Laska's Farming Shop,"""""",Sands of Creation,Khafra,"{""x"":264,""y"":2807}",images/markers/Laska's_Farming_Shop.png,"""""","""""",""""""
js/markers.js,shops,291,"""""",overworld_shop_leather,RiaRuz's Leatherworking Shop,RiaRuz's Leatherworking Shop,"""""",Sands of Creation,Khafra,"{""x"":260,""y"":2806}",images/markers/RiaRuz's_Leatherworking_Shop.png,"""""","""""",""""""
js/markers.js,shops,292,"""""",overworld_shop_jewelry,Funsani's Jewelry Shop,Funsani's Jewelry Shop,"""""",Sands of Creation,Khafra,"{""x"":250,""y"":2782}",images/markers/Funsani's_Jewelry_Shop.png,"""""","""""",""""""
js/markers.js,shops,293,"""""",overworld_shop_weaponry,Lisimba's Weaponry Shop,Lisimba's Weaponry Shop,"""""",Sands of Creation,Khafra,"{""x"":239,""y"":2781}",images/markers/Lisimba's_Weaponry_Shop.png,"""""","""""",""""""
js/markers.js,shops,294,"""""",overworld_shop_magic,Heqet's Magic Shop,Heqet's Magic Shop,"""""",Sands of Creation,Khafra,"{""x"":220,""y"":2770}",images/markers/Heqet's_Magic_Shop.png,"""""","""""",""""""
js/markers.js,shops,295,"""""",overworld_shop_shipyard,Habid Hamal's Shipyard,Habid Hamal's Shipyard,"""""",Sands of Creation,Khafra,"{""x"":213,""y"":2772}",images/markers/Habid_Hamal's_Shipyard.png,"""""","""""",""""""
js/markers.js,shops,296,"""""",overworld_shop_provisioner,Habid Hamal's Provisioner,Habid Hamal's Provisioner,"""""",Sands of Creation,Khafra,"{""x"":211,""y"":2805}",images/markers/Habid_Hamal's_Shipyard.png,"""""","""""",""""""
js/markers.js,shops,297,"""""",overworld_shop_provisioner,Trobol's Provisioner,Trobol's Provisioner,"""""",Sands of Creation,Khafra,"{""x"":90,""y"":2700}",images/markers/Trobol's_Provisioner.png,"""""","""""",""""""
js/markers.js,shops,298,"""""",overworld_shop_farming,Kolnix's Farming Shop,Kolnix's Farming Shop,"""""",Sands of Creation,Ruhura,"{""x"":415,""y"":4036}",images/markers/Kolnix's_Farming_Shop.png,"""""","""""",""""""
js/markers.js,shops,299,"""""",overworld_shop_pub,Sistri's Pub,Sistri's Pub,"""""",Sands of Creation,Ruhura,"{""x"":394,""y"":4030}",images/markers/Sistri's_Pub.png,"""""","""""",""""""
js/markers.js,shops,300,"""""",overworld_shop_pub,Nxthei's Pub,Nxthei's Pub,"""""",Sands of Creation,Ruhura,"{""x"":393,""y"":4030}",images/markers/Nxthei's_Pub.png,"""""","""""",""""""
js/markers.js,shops,301,"""""",overworld_shop_blacksmith,Caldoax's Blacksmith Shop,Caldoax's Blacksmith Shop,"""""",Sands of Creation,Ruhura,"{""x"":383,""y"":4038}",images/markers/Caldoax's_Blacksmith_Shop.png,"""""","""""",""""""
js/markers.js,shops,302,"""""",overworld_shop_generic,Blueprint Sales Shop,Blueprint Sales Shop,"""""",Sands of Creation,Ruhura,"{""x"":381,""y"":4039}",images/markers/Ruhura_Blueprint_Sales_Shop.png,"""""","""""",""""""
js/markers.js,shops,303,"""""",overworld_shop_generic,Surveying and Tools Sales Shop,Surveying and Tools Sales Shop,"""""",Sands of Creation,Ruhura,"{""x"":381,""y"":4041}",images/markers/Ruhura_Surveying_and_Tools_Sales_Shop.png,"""""","""""",""""""
js/markers.js,shops,304,"""""",overworld_shop_leather,Rungi's Leatherworking Shop,Rungi's Leatherworking Shop,"""""",Sands of Creation,Ruhura,"{""x"":369,""y"":4033}",images/markers/Rungi's_Leatherworking_Shop.png,"""""","""""",""""""
js/markers.js,shops,305,"""""",overworld_shop_pub,Jorzkl's Pub,Jorzkl's Pub,"""""",Sands of Creation,Ruhura,"{""x"":342,""y"":4038}",images/markers/Jorzkl's_Pub.png,"""""","""""",""""""
js/markers.js,shops,306,"""""",overworld_shop_carpentry,Misal's Carpentry Shop,Misal's Carpentry Shop,"""""",Sands of Creation,Ruhura,"{""x"":360,""y"":4021}",images/markers/Misal's_Carpentry_Shop.png,"""""","""""",""""""
js/markers.js,shops,307,"""""",overworld_shop_jewelry,Paila's Jewelry Shop,Paila's Jewelry Shop,"""""",Sands of Creation,Ruhura,"{""x"":351,""y"":4017}",images/markers/Paila's_Jewelry_Shop.png,"""""","""""",""""""
js/markers.js,shops,308,"""""",overworld_shop_magic,Hxyth's Magic Shop,Hxyth's Magic Shop,"""""",Sands of Creation,Ruhura,"{""x"":358,""y"":4011}",images/markers/Hxyth's_Magic_Shop.png,"""""","""""",""""""
js/markers.js,shops,309,"""""",overworld_shop_magic,Mekea's Magic Shop,Mekea's Magic Shop,"""""",Sands of Creation,Ruhura,"{""x"":357,""y"":4012}",images/markers/Mekea's_Magic_Shop.png,"""""","""""",""""""
js/markers.js,shops,310,"""""",overworld_shop_provisioner,Jacksil's Provisioner Shop,Jacksil's Provisioner Shop,"""""",Sands of Creation,Ruhura,"{""x"":363,""y"":3999}",images/markers/Jacksil's_Provisioner_Shop.png,"""""","""""",""""""
js/markers.js,shops,311,"""""",overworld_shop_jewelry,Opinla's Jewelry Shop,Opinla's Jewelry Shop,"""""",Sands of Creation,Ruhura,"{""x"":368,""y"":3986}",images/markers/Opinla's_Jewelry_Shop.png,"""""","""""",""""""
js/markers.js,shops,312,"""""",overworld_shop_weaponry,Lugnno's Weaponry Shop,Lugnno's Weaponry Shop,"""""",Sands of Creation,Ruhura,"{""x"":389,""y"":3986}",images/markers/Lugnno's_Weaponry_Shop.png,"""""","""""",""""""
js/markers.js,shops,313,"""""",overworld_shop_armory,Yzxthl's Armory Shop,Yzxthl's Armory Shop,"""""",Sands of Creation,Ruhura,"{""x"":392,""y"":3986}",images/markers/Yzxthl's_Armory_Shop.png,"""""","""""",""""""
js/markers.js,shops,314,"""""",overworld_shop_generic,Emit Palpos' Housing Shop,Emit Palpos' Housing Shop,"""""",Breakwater,Roycroft,"{""x"":2392,""y"":2387}",images/markers/Emit_Palpos'_Housing_Shop.png,"""""","""""",""""""
js/markers.js,shops,315,"""""",overworld_shop_generic,Philonias Targon's Planet Shop,Philonias Targon's Planet Shop,"""""",Breakwater,Roycroft,"{""x"":2390,""y"":2387}",images/markers/Philonias_Targon's_Planet_Shop.png,"""""","""""",""""""
js/markers.js,shops,316,"""""",overworld_shop_generic,Finnias McGrup's Survey and Tools Shop,Finnias McGrup's Survey and Tools Shop,"""""",Breakwater,Roycroft,"{""x"":2388,""y"":2389}",images/markers/Finnias_McGrup's_Survey_and_Tools_Shop.png,"""""","""""",""""""
js/markers.js,shops,317,"""""",overworld_shop_armory,Kali Jenkins' Armory Shop,Kali Jenkins' Armory Shop,"""""",Breakwater,Roycroft,"{""x"":2411,""y"":2387}",images/markers/Kali_Jenkins'_Armory_Shop.png,"""""","""""",""""""
js/markers.js,shops,318,"""""",overworld_shop_blacksmith,Bella Hudsal's Blacksmith Shop,Bella Hudsal's Blacksmith Shop,"""""",Breakwater,Roycroft,"{""x"":2425,""y"":2370}",images/markers/Bella_Hudsal's_Blacksmith_Shop.png,"""""","""""",""""""
js/markers.js,shops,319,"""""",overworld_shop_weaponry,Weaponsmith Marklor's Weaponry Shop,Weaponsmith Marklor's Weaponry Shop,"""""",Breakwater,Roycroft,"{""x"":2434,""y"":2370}",images/markers/Weaponsmith_Marklor's_Weaponry_Shop.png,"""""","""""",""""""
js/markers.js,shops,320,"""""",overworld_shop_armory,Tonel Paltown's Armory Shop,Tonel Paltown's Armory Shop,"""""",Breakwater,Roycroft,"{""x"":2442,""y"":2370}",images/markers/Tonel_Paltown's_Armory_Shop.png,"""""","""""",""""""
js/markers.js,shops,321,"""""",overworld_shop_provisioner,Pierre St Croix's Provisioner Shop,Pierre St Croix's Provisioner Shop,"""""",Breakwater,Roycroft,"{""x"":2457,""y"":2370}",images/markers/Pierre_St_Croix's_Provisioner_Shop.png,"""""","""""",""""""
js/markers.js,shops,322,"""""",overworld_shop_provisioner,Nelle St Croix's Provisioner Shop,Nelle St Croix's Provisioner Shop,"""""",Breakwater,Roycroft,"{""x"":2455,""y"":2370}",images/markers/Nelle_St_Croix's_Provisioner_Shop.png,"""""","""""",""""""
js/markers.js,shops,323,"""""",overworld_shop_runecrafting,Rin Flacol's Runecrafting Shop,Rin Flacol's Runecrafting Shop,"""""",Breakwater,Roycroft,"{""x"":2468,""y"":2373}",images/markers/Rin_Flacol's_Runecrafting_Shop.png,"""""","""""",""""""
js/markers.js,shops,324,"""""",overworld_shop_weaponry,Ralpe Argos' Weaponry Shop,Ralpe Argos' Weaponry Shop,"""""",Breakwater,Roycroft,"{""x"":2488,""y"":2372}",images/markers/Ralpe_Argos'_Weaponry_Shop.png,"""""","""""",""""""
js/markers.js,shops,325,"""""",overworld_shop_leather,Nokael Yarnsparl's Leatherworking Shop,Nokael Yarnsparl's Leatherworking Shop,"""""",Breakwater,Roycroft,"{""x"":2491,""y"":2384}",images/markers/Nokael_Yarnsparl's_Leatherworking_Shop.png,"""""","""""",""""""
js/markers.js,shops,326,"""""",overworld_shop_leather,Krysta Inge's Provisioner Shop,Krysta Inge's Provisioner Shop,"""""",Breakwater,Roycroft,"{""x"":2498,""y"":2398}",images/markers/Krysta_Inge's_Provisioner_Shop.png,"""""","""""",""""""
js/markers.js,shops,327,"""""",overworld_shop_carpentry,Gregor Motopolis' Carpentry Shop,Gregor Motopolis' Carpentry Shop,"""""",Breakwater,Roycroft,"{""x"":2500,""y"":2408}",images/markers/Gregor_Motopolis'_Carpentry_Shop.png,"""""","""""",""""""
js/markers.js,shops,328,"""""",overworld_shop_jewelry,Lauralee Jones' Jewelry Shop,Lauralee Jones' Jewelry Shop,"""""",Breakwater,Roycroft,"{""x"":2477,""y"":2419}",images/markers/Lauralee_Jones'_Jewelry_Shop.png,"""""","""""",""""""
js/markers.js,shops,329,"""""",overworld_shop_farming,Franklin Rose's Farming Shop,Franklin Rose's Farming Shop,"""""",Breakwater,Roycroft,"{""x"":2432,""y"":2434}",images/markers/Franklin_Rose's_Farming_Shop.png,"""""","""""",""""""
js/markers.js,shops,330,"""""",overworld_shop_carpentry,Albert Pile's Carpentry Shop,Albert Pile's Carpentry Shop,"""""",Breakwater,Roycroft,"{""x"":2419,""y"":2404}",images/markers/Albert_Pile's_Carpentry_Shop.png,"""""","""""",""""""
js/markers.js,shops,331,"""""",overworld_shop_pub,Earl McJovin's Pub,Earl McJovin's Pub,"""""",Breakwater,Roycroft,"{""x"":2422,""y"":2435}",images/markers/Earl_McJovin's_Pub.png,"""""","""""",""""""
js/markers.js,shops,332,"""""",overworld_shop_pub,Waitress Sara Klemp,Waitress Sara Klemp,"""""",Breakwater,Roycroft,"{""x"":2411,""y"":2437}",images/markers/Waitress_Sara_Klemp.png,"""""","""""",""""""
js/markers.js,shops,333,"""""",overworld_shop_jewelry,Jules Locksley's Jewelry Shop,Jules Locksley's Jewelry Shop,"""""",Breakwater,Roycroft,"{""x"":2423,""y"":2452}",images/markers/Jules_Locksley's_Jewelry_Shop.png,"""""","""""",""""""
js/markers.js,shops,334,"""""",overworld_shop_magic,Elzar the Potion Maker's Magic Shop,Elzar the Potion Maker's Magic Shop,"""""",Breakwater,Roycroft,"{""x"":2479,""y"":2450}",images/markers/Elzar_the_Potion_Maker's_Magic_Shop.png,"""""","""""",""""""
js/markers.js,shops,335,"""""",overworld_shop_pub,Kap Silvesto's Pub,Kap Silvesto's Pub,"""""",Breakwater,Roycroft,"{""x"":2507,""y"":2435}",images/markers/Kap_Silvesto's_Pub.png,"""""","""""",""""""
js/markers.js,shops,336,"""""",overworld_shop_pub,Waitress Tara Silvesto,Waitress Tara Silvesto,"""""",Breakwater,Roycroft,"{""x"":2501,""y"":2442}",images/markers/Waitress_Tara_Silvesto.png,"""""","""""",""""""
js/markers.js,shops,337,"""""",overworld_shop_shipyard,Ship Builder Loutai R'Tari,Ship Builder Loutai R'Tari,"""""",Breakwater,Roycroft,"{""x"":2467,""y"":2476}",images/markers/Ship_Builder_Loutai_R'Tari.png,"""""","""""",""""""
js/markers.js,shops,338,"""""",overworld_shop_shipyard,Rumple Rogers' Shipyard,Rumple Rogers' Shipyard,"""""",Breakwater,Roycroft,"{""x"":2442,""y"":2501}",images/markers/Rumple_Rogers'_Shipyard.png,"""""","""""",""""""
js/markers.js,shops,339,"""""",overworld_shop_shipyard,Tom Edgar's Shipyard,Tom Edgar's Shipyard,"""""",Breakwater,New Town,"{""x"":1959,""y"":1909}",images/markers/Tom_Edgar's_Shipyard.png,"""""","""""",""""""
js/markers.js,shops,340,"""""",overworld_shop_armory,Kal Offen's Armory Shop,Kal Offen's Armory Shop,"""""",Breakwater,New Town,"{""x"":1946,""y"":1929}",images/markers/Kal_Offen's_Armory_Shop.png,"""""","""""",""""""
js/markers.js,shops,341,"""""",overworld_shop_weaponry,Stout Guerny's Weaponry Shop,Stout Guerny's Weaponry Shop,"""""",Breakwater,New Town,"{""x"":1938,""y"":1921}",images/markers/Stout_Guerny's_Weaponry_Shop.png,"""""","""""",""""""
js/markers.js,shops,342,"""""",overworld_shop_jewelry,Kerrig's Jewelry Shop,Kerrig's Jewelry Shop,"""""",Breakwater,New Town,"{""x"":1910,""y"":1920}",images/markers/Kerrig's_Jewelry_Shop.png,"""""","""""",""""""
js/markers.js,shops,343,"""""",overworld_shop_provisioner,Osiris the Provisioner Shop,Osiris the Provisioner Shop,"""""",Breakwater,New Town,"{""x"":1914,""y"":1920}",images/markers/Osiris_the_Provisioner_Shop.png,"""""","""""",""""""
js/markers.js,shops,344,"""""",overworld_shop_carpentry,Morris Dayson's Carpentry Shop,Morris Dayson's Carpentry Shop,"""""",Breakwater,New Town,"{""x"":1946,""y"":1950}",images/markers/Morris_Dayson's_Carpentry_Shop.png,"""""","""""",""""""
js/markers.js,shops,345,"""""",overworld_shop_pub,Molly McTavish's Pub,Molly McTavish's Pub,"""""",Breakwater,New Town,"{""x"":1982,""y"":1969}",images/markers/Molly_McTavish's_Pub.png,"""""","""""",""""""
js/markers.js,shops,346,"""""",overworld_shop_pub,Herman McTavish's Pub,Herman McTavish's Pub,"""""",Breakwater,New Town,"{""x"":1979,""y"":1961}",images/markers/Herman_McTavish's_Pub.png,"""""","""""",""""""
js/markers.js,shops,347,"""""",overworld_shop_farming,Farmer Jacobs' Farming Shop,Farmer Jacobs' Farming Shop,"""""",Breakwater,New Town,"{""x"":1984,""y"":1943}",images/markers/Farmer_Jacobs'_Farming_Shop.png,"""""","""""",""""""
js/markers.js,shops,348,"""""",overworld_shop_blacksmith,Carolanna Hawkins' Blacksmith Shop,Carolanna Hawkins' Blacksmith Shop,"""""",Breakwater,New Town,"{""x"":2012,""y"":1926}",images/markers/Carolanna_Hawkins'_Blacksmith_Shop.png,"""""","""""",""""""
js/markers.js,shops,349,"""""",overworld_shop_magic,Artis Gilmon's Magic Shop,Artis Gilmon's Magic Shop,"""""",Breakwater,New Town,"{""x"":2021,""y"":1947}",images/markers/Artis_Gilmon's_Magic_Shop.png,"""""","""""",""""""
js/markers.js,spawns,0,"""""",overworld_spawn_good,Spawn Gate,Spawn Gate,"""""",Valinor,Valinor,"{""x"":778,""y"":140}",images/markers/Valinor_Spawn_Gate.png,"""""","""""",""""""
js/markers.js,spawns,1,"""""",overworld_spawn_good,Spawn Gate,Silvest Spawn Gate,"""""",Silvest Valley,Silvest Valley,"{""x"":951,""y"":1321}",images/spawns/Silvest_Valley_Spawn_Gate.png,"""""","""""",""""""
js/markers.js,spawns,5,"""""",overworld_spawn_evil,Evil Spawn Gate,Evil Spawn Gate,"""""",Krythan,Krythan Fields,"{""x"":776,""y"":872}",images/markers/Krythan_Fields_Evil_Spawn_Gate.png,"""""","""""",""""""
js/markers.js,spawns,6,"""""",overworld_spawn_good,Good Spawn Gate,Good Spawn Gate,"""""",Krythan,Hothbra,"{""x"":487,""y"":1065}",images/markers/Hothbra_Spawn_Gate.png,"""""","""""",""""""
js/markers.js,spawns,7,"""""",overworld_spawn_good,Good Spawn Gate,Good Spawn Gate,"""""",Krythan,Jeel,"{""x"":284,""y"":858}",images/markers/Jeel_Spawn_Gate.png,"""""","""""",""""""
js/markers.js,spawns,8,"""""",overworld_spawn_good,Spawn Gate,Lotor's Castle Spawn Gate,"""""",Krythan,Lotor's Castle,"{""x"":265,""y"":1194}",images/spawns/Lotors_Castle_Spawn_Gate.png,"""""","""""",""""""
js/markers.js,spawns,9,"""""",overworld_spawn_good,Spawn Gate,Vrethpool Spawn Gate,"""""",Krythan,Vrethpool,"{""x"":647,""y"":1721}",images/spawns/Vrethpool_Spawn_Gate.png,"""""","""""",""""""
js/markers.js,spawns,10,"""""",overworld_spawn_good,Spawn Gate,Vrethpool Spawn Gate,"""""",Krythan,Vrethpool,"{""x"":471,""y"":1642}",images/spawns/Vrethpool_Spawn_Gate.png,"""""","""""",""""""
js/markers.js,spawns,11,"""""",overworld_spawn_evil,Evil Spawn Gate,Evil Spawn Gate,"""""",Darkwoods,Darkwoods,"{""x"":455,""y"":3095}",images/markers/Darkwoods_Spawn_Gate.png,"""""","""""",""""""
js/markers.js,spawns,12,"""""",overworld_spawn_good,Good Spawn Gate,Good Spawn Gate,"""""",Darkwoods,Josody,"{""x"":1315,""y"":2514}",images/markers/Josody_Spawn_Gate.png,"""""","""""",""""""
js/markers.js,spawns,13,"""""",overworld_spawn_good,Good Spawn Gate,Good Spawn Gate,"""""",Darkwoods,Dunmarrow,"{""x"":1385,""y"":3186}",images/markers/Dunmarrow_Spawn_Gate.png,"""""","""""",""""""
js/markers.js,spawns,14,"""""",overworld_spawn_good,Good Spawn Gate,Good Spawn Gate,"""""",Darkwoods,Darkfell,"{""x"":887,""y"":3033}",images/markers/Darkfell_Spawn_Gate.png,"""""","""""",""""""
js/markers.js,spawns,15,"""""",overworld_spawn_good,Good Spawn Gate,Good Spawn Gate,"""""",Darkwoods,Autumn,"{""x"":583,""y"":3321}",images/markers/Autumn_Spawn_Gate.png,"""""","""""",""""""
js/markers.js,spawns,16,"""""",overworld_spawn_good,Good Spawn Gate,Good Spawn Gate,"""""",Darkwoods,Whisperdale,"{""x"":389,""y"":3456}",images/markers/Whisperdale_Spawn_Gate.png,"""""","""""",""""""
js/markers.js,spawns,17,"""""",overworld_spawn_good,Good Spawn Gate,Good Spawn Gate,"""""",Battle Plains,Chlera,"{""x"":2391,""y"":3577}",images/markers/Chlera_Spawn_Gate.png,"""""","""""",""""""
js/markers.js,spawns,18,"""""",overworld_spawn_evil,Evil Spawn Gate,Evil Spawn Gate,"""""",Battle Plains,Desprail,"{""x"":2215,""y"":3111}",images/markers/Desprail_Spawn_Gate.png,"""""","""""",""""""
js/markers.js,spawns,19,"""""",overworld_spawn_good,Good Spawn Gate,Good Spawn Gate,"""""",Black Swamp,Black Swamp Outpost,"{""x"":2920,""y"":3578}",images/markers/Black_Swamp_Outpost_Spawn_Gate.png,"""""","""""",""""""
js/markers.js,spawns,20,"""""",overworld_spawn_good,Good Spawn Gate,Good Spawn Gate,"""""",Black Swamp,Krog,"{""x"":3095,""y"":3754}",images/markers/Krog_Spawn_Gate.png,"""""","""""",""""""
js/markers.js,spawns,21,"""""",overworld_spawn_good,Good Spawn Gate,Good Spawn Gate,"""""",Black Swamp,Maraket,"{""x"":3063,""y"":4041}",images/markers/Maraket_Spawn_Gate.png,"""""","""""",""""""
js/markers.js,spawns,22,"""""",overworld_spawn_good,Good Spawn Gate,Good Spawn Gate,"""""",Black Swamp,Samad,"{""x"":2631,""y"":3545}",images/markers/Samad_Spawn_Gate.png,"""""","""""",""""""
js/markers.js,spawns,23,"""""",overworld_spawn_good,Good Spawn Gate,Good Spawn Gate,"""""",Black Swamp,Dawat,"{""x"":3094,""y"":3363}",images/markers/Dawat_Spawn_Gate.png,"""""","""""",""""""
js/markers.js,spawns,24,"""""",overworld_spawn_good,Good Spawn Gate,Good Spawn Gate,"""""",Western Isles,Parian,"{""x"":3469,""y"":3025}",images/markers/Parian_Spawn_Gate.png,"""""","""""",""""""
js/markers.js,spawns,25,"""""",overworld_spawn_good,Good Spawn Gate,Good Spawn Gate,"""""",Highlands,Ethera Palace,"{""x"":3527,""y"":3670}",images/markers/Ethera_Palace_Spawn_Gate.png,"""""","""""",""""""
js/markers.js,spawns,26,"""""",overworld_spawn_evil,Evil Spawn Gate,Evil Spawn Gate,"""""",Highlands,Eastern Highlands,"{""x"":3799,""y"":2647}",images/markers/Eastern_Highlands_Evil_Spawn_Gate.png,"""""","""""",""""""
js/markers.js,spawns,27,"""""",overworld_spawn_good,Good Spawn Gate,Good Spawn Gate,"""""",Western Isles,Scarab Island,"{""x"":439,""y"":2025}",images/markers/Scarab_Island_Good_Spawn_Gate.png,"""""","""""",""""""
js/markers.js,spawns,28,"""""",overworld_spawn_good,Good Spawn Gate,Good Spawn Gate,"""""",Heartwood Coast,Valmond,"{""x"":2693,""y"":2201}",images/markers/Valmond_Good_Spawn_Gate.png,"""""","""""",""""""
js/markers.js,spawns,29,"""""",overworld_spawn_good,Good Spawn Gate,Good Spawn Gate,"""""",Sands of Creation,Ruhura,"{""x"":263,""y"":3554}",images/markers/Ruhura_Good_Spawn_Gate.png,"""""","""""",""""""
js/markers.js,spawns,30,"""""",overworld_spawn_evil,Evil Spawn Gate,Evil Spawn Gate,"""""",Sands of Creation,Ruhura,"{""x"":375,""y"":4024}",images/markers/Ruhura_Evil_Spawn_Gate.png,"""""","""""",""""""
js/markers.js,spawns,31,"""""",overworld_spawn_good,Good Spawn Gate,Good Spawn Gate,"""""",Sands of Creation,Khafra,"{""x"":269,""y"":2825}",images/markers/Khafra_Good_Spawn_Gate.png,"""""","""""",""""""
js/markers.js,spawns,32,"""""",overworld_spawn_good,Good Spawn Gate,Good Spawn Gate,"""""",Breakwater,Roycroft,"{""x"":2427,""y"":2505}",images/markers/Roycroft_Good_Spawn_Gate.png,"""""","""""",""""""
js/markers.js,spawns,33,"""""",overworld_spawn_good,Good Spawn Gate,Good Spawn Gate,"""""",Breakwater,New Town,"{""x"":1899,""y"":1926}",images/markers/New_Town_Good_Spawn_Gate.png,"""""","""""",""""""
js/markers.js,undergrounds,0,"""""",overworld_dungeon,Frump's Lair,Frump's Lair,"""""",Valinor,Valinor,"{""x"":608,""y"":358}",images/markers/Frumps_Lair.png,"""""","""""",""""""
js/markers.js,undergrounds,1,"""""",overworld_dungeon,Bonesnarl's Lair,Bonesnarl's Lair,"""""",Valinor,Valinor,"{""x"":874,""y"":310}",images/markers/Bonesnarls_Lair.png,"""""","""""",""""""
js/markers.js,undergrounds,2,"""""",overworld_stairs,Stairs to Valinor Basement,Stairs to Valinor Basement (Top Left),"""""",Valinor,Valinor,"{""x"":753,""y"":98}",images/markers/Valinor_Basement_Top_Left_Stairs.png,"""""","""""",""""""
js/markers.js,undergrounds,3,"""""",overworld_stairs,Stairs to Valinor Basement,Stairs to Valinor Basement (Top Right),"""""",Valinor,Valinor,"{""x"":765,""y"":98}",images/markers/Valinor_Basement_Top_Right_Stairs.png,"""""","""""",""""""
js/markers.js,undergrounds,4,"""""",overworld_stairs,Stairs to Valinor Basement,Stairs to Valinor Basement (Bottom Left),"""""",Valinor,Valinor,"{""x"":752,""y"":128}",images/markers/Valinor_Basement_Bottom_Right_Stairs.png,"""""","""""",""""""
js/markers.js,undergrounds,5,"""""",overworld_stairs,Stairs to Valinor Basement,Stairs to Valinor Basement (Bottom Right),"""""",Valinor,Valinor,"{""x"":766,""y"":128}",images/markers/Valinor_Basement_Bottom_Left_Stairs.png,"""""","""""",""""""
js/markers.js,undergrounds,6,"""""",overworld_ladder,Ladder to Valinor Basement,Ladder to Valinor Basement (Left),"""""",Valinor,Valinor,"{""x"":750,""y"":155}",images/markers/Valinor_Basement_Left_Ladder.png,"""""","""""",""""""
js/markers.js,undergrounds,7,"""""",overworld_ladder,Ladder to Valinor Basement,Ladder to Valinor Basement (Right),"""""",Valinor,Valinor,"{""x"":768,""y"":155}",images/markers/Valinor_Basement_Right_Ladder.png,"""""","""""",""""""
js/markers.js,undergrounds,8,"""""",overworld_stairs,Stairs to Mage Trainers,Stairs to Mage Trainers,"""""",Valinor,Valinor,"{""x"":763,""y"":118}",images/markers/Stairs_to_Mage_Trainers.png,"""""","""""",""""""
js/markers.js,undergrounds,9,"""""",overworld_ladder,Book 2 Temple Entrance,Book 2 Temple Entrance,"""""",Krythan,Hothbra,"{""x"":520,""y"":1064}",images/markers/Book_2_Temple_Entrance.png,"""""","""""",""""""
js/markers.js,undergrounds,10,"""""",overworld_ladder,Jeel Catacombs,Jeel Catacombs,"""""",Krythan,Jeel,"{""x"":294,""y"":834}",images/markers/Jeel_Catacombs.png,"""""","""""",""""""
js/markers.js,undergrounds,11,"""""",overworld_ladder,Crypt of Kargoth,Crypt of Kargoth Entrance,"""""",Krythan,Crypt of Kargoth,"{""x"":436,""y"":852}",images/markers/Crypt_of_Kargoth.png,"""""","""""",""""""
js/markers.js,undergrounds,12,"""""",overworld_stairs,Lotor's Castle Arena Basement,Lotor's Castle Arena Basement,"""""",Krythan,Lotor's Castle,"{""x"":215,""y"":1183}",images/markers/Lotor_Castle_Arena_Basement.png,"""""","""""",""""""
js/markers.js,undergrounds,13,"""""",overworld_stairs,Lotor's Castle Arena Basement,Lotor's Castle Arena Basement,"""""",Krythan,Lotor's Castle,"{""x"":213,""y"":1183}",images/markers/Lotor_Castle_Arena_Basement.png,"""""","""""",""""""
js/markers.js,undergrounds,14,"""""",overworld_mine,Silvest Mines Entrance,Silvest Mines Entrance,"""""",Silvest Valley,Silvest Mines,"{""x"":1015,""y"":1110}",images/markers/Silvest_Mines_Entrance.png,"""""","""""",""""""
js/markers.js,undergrounds,15,"""""",overworld_stairs,Cultist Lair Crypt,Cultist Lair Crypt,"""""",Silvest Valley,Cultist Lair Crypt,"{""x"":871,""y"":1392}",images/markers/Cultist_Lair_Crypt.png,"""""","""""",""""""
js/markers.js,undergrounds,16,"""""",overworld_snake,Snake Pit,Snake Pit,"""""",Silvest Valley,Silvest Valley,"{""x"":966,""y"":1347}",images/markers/Snake_Pit.png,"""""","""""",""""""
js/markers.js,undergrounds,17,"""""",overworld_mine,Cliffside Mines,Cliffside Mines,"""""",Silvest Valley,Cliffside Pass,"{""x"":1097,""y"":1183}",images/markers/Cliffside_Mines.png,"""""","""""",""""""
js/markers.js,undergrounds,18,"""""",overworld_stairs,Coenred's Provisioner Shop Basement,Coenred's Provisioner Shop Basement Entrance,"""""",Silvest Valley,Silvest,"{""x"":1123,""y"":1361}",images/markers/Coenreds_Provisioner_Shop_Basement_Entrance.png,"""""","""""",""""""
js/markers.js,undergrounds,19,"""""",overworld_stairs,Silvest Library Basement Entrance,Silvest Library Basement Entrance,"""""",Silvest Valley,Silvest,"{""x"":1149,""y"":1362}",images/markers/Silvest_Library_Basement_Entrance.png,"""""","""""",""""""
js/markers.js,undergrounds,20,"""""",overworld_cave,Provisioner's Basement,Galen's Hideout,"""""",Silvest Valley,Galen's Hideout,"{""x"":1304,""y"":1112}",images/markers/Galens_Hideout.png,"""""","""""",""""""
js/markers.js,undergrounds,21,"""""",overworld_cave,Sozal's Cave North Entrance,Sozal's Cave North Entrance,"""""",Silvest Valley,Sozal's Cave,"{""x"":1126,""y"":1155}",images/markers/Sozals_Cave_North_Entrance.png,"""""","""""",""""""
js/markers.js,undergrounds,22,"""""",overworld_ladder,Silves Mines Entrance,Silves Mines Entrance,"""""",Silvest Valley,Kozak Cove,"{""x"":1378,""y"":1106}",images/markers/Silves_Mines_Entrance.png,"""""","""""",""""""
js/markers.js,undergrounds,23,"""""",overworld_cave,Sozal's Cave,Sozal's Cave,"""""",Silvest Valley,Near Silvest Valley North Coast,"{""x"":1162,""y"":1176}",images/markers/North_Sozals_Cave.png,"""""","""""",""""""
js/markers.js,undergrounds,24,"""""",overworld_ladder,Kobold Castle Entrance,Silvest Mine Entrance,"""""",Silvest Valley,Kobold Castle,"{""x"":1292,""y"":1122}",images/markers/Kobold_Castle_Entrance.png,"""""","""""",""""""
js/markers.js,undergrounds,25,"""""",overworld_cave,Dalvon Mines Entrance,Dalvon Mines Entrance,"""""",Silvest Valley,Valley of the Dead,"{""x"":1441,""y"":1398}",images/markers/Dalvon_Mines_Entrance.png,"""""","""""",""""""
js/markers.js,undergrounds,26,"""""",overworld_ladder,Krythan Crypt,Krythan Crypt,"""""",Krythan,Krythan Cemetary,"{""x"":906,""y"":1028}",images/markers/Krythan_Crypt.png,"""""","""""",""""""
js/markers.js,undergrounds,27,"""""",overworld_ladder,Gideon's Trapdoor,Gideon's Trapdoor,"""""",Krythan,Monk Island,"{""x"":509,""y"":583}",images/markers/Gideons_Trapdoor.png,"""""","""""",""""""
js/markers.js,undergrounds,28,"""""",overworld_ladder,Gideon's Trapdoor,Mirthik's  Passage,"""""",Krythan,Mirthik's  Passage,"{""x"":509,""y"":608}",images/markers/Mirthiks_Passage.png,"""""","""""",""""""
js/markers.js,undergrounds,29,"""""",overworld_ladder,Mirthik's Passage Entrance,Mirthik's Passage Entrance,"""""",Krythan,Monk Island,"{""x"":504,""y"":643}",images/markers/Mirthiks_Passage_Entrance.png,"""""","""""",""""""
js/markers.js,undergrounds,30,"""""",overworld_snake,Snake pit,Snake pit,"""""",Krythan,Krythan Fields,"{""x"":326,""y"":741}",images/markers/Krythan_Fields_Snake_pit.png,"""""","""""",""""""
js/markers.js,undergrounds,31,"""""",overworld_ladder,Holendar's Mansion Basement Entrance,Holendar's Mansion Basement Entrance,"""""",Krythan,Krythan Fields,"{""x"":820,""y"":1043}",images/markers/Holendars_Mansion_Basement.png,"""""","""""",""""""
js/markers.js,undergrounds,32,"""""",overworld_ladder,Holendar's Mansion Basement Escape Entrance,Holendar's Mansion Basement Escape Entrance,"""""",Krythan,Krythan Fields,"{""x"":875,""y"":1062}",images/markers/Holendars_Mansion_Basement_Escape.png,"""""","""""",""""""
js/markers.js,undergrounds,33,"""""",overworld_stairs,Trap Door to LSP,Trap Door to LSP,"""""",Krythan,Krythan Fields,"{""x"":780,""y"":862}",images/markers/Trap_Door_to_LSP.png,"""""","""""",""""""
js/markers.js,undergrounds,34,"""""",overworld_ladder,Ladder to LSP Sewer (Away from evil spawn gate),Ladder to LSP Sewer (Away from evil spawn gate),"""""",Krythan,Krythan Fields,"{""x"":790,""y"":917}",images/markers/Ladder_to_LSP_Sewer.png,"""""","""""",""""""
js/markers.js,undergrounds,35,"""""",overworld_ladder,Orc Fort Tunnels,Orc Fort Tunnels,"""""",Krythan,Krythan Fields,"{""x"":793,""y"":1575}",images/markers/Orc_Fort_Tunnels.png,"""""","""""",""""""
js/markers.js,undergrounds,36,"""""",overworld_ladder,Orc Fort Tunnels,Orc Fort Tunnels,"""""",Krythan,Krythan Fields,"{""x"":754,""y"":1539}",images/markers/Orc_Fort_Tunnels.png,"""""","""""",""""""
js/markers.js,undergrounds,37,"""""",overworld_dungeon,Talazarian Dungeon,Talazarian Dungeon,"""""",Krythan,Krythan Fields,"{""x"":362,""y"":1464}",images/markers/Talazarian_Dungeon.png,"""""","""""",""""""
js/markers.js,undergrounds,38,"""""",overworld_ladder,Krythan Swamp Backdoor,Krythan Swamp Backdoor,"""""",Krythan,South West Krythan,"{""x"":146,""y"":1615}",images/markers/Krythan_Swamp_Backdoor.png,"""""","""""",""""""
js/markers.js,undergrounds,39,"""""",overworld_ladder,Krythan Swamp Backdoor,Krythan Swamp Backdoor,"""""",Krythan,Krythan Swamp,"{""x"":120,""y"":1641}",images/markers/Krythan_Swamp_Backdoor.png,"""""","""""",""""""
js/markers.js,undergrounds,40,"""""",overworld_crypt,Lopal Crypt,Lopal Crypt,"""""",Western Isles,Scarab Island,"{""x"":272,""y"":2201}",images/markers/Lopal_Crypt.png,"""""","""""",""""""
js/markers.js,undergrounds,41,"""""",overworld_mine,Scarab Island Mine,Scarab Island Mine,"""""",Western Isles,Scarab Island,"{""x"":343,""y"":2136}",images/markers/Scarab_Island_Mine.png,"""""","""""",""""""
js/markers.js,undergrounds,42,"""""",overworld_ladder,Lopal Catacombs,Lopal Catacombs,"""""",Western Isles,Scarab Island,"{""x"":407,""y"":2231}",images/markers/Lopal_Catacombs.png,"""""","""""",""""""
js/markers.js,undergrounds,43,"""""",overworld_ladder,Werewolf Island Pass Entrance,Werewolf Island Pass Entrance,"""""",Krythan,Werewolf Island,"{""x"":462,""y"":2552}",images/markers/Werewolf_Island_Pass_Entrance.png,"""""","""""",""""""
js/markers.js,undergrounds,44,"""""",overworld_ladder,Werewolf Island Pass Entrance,Werewolf Island Pass Entrance,"""""",Krythan,Werewolf Island,"{""x"":450,""y"":2552}",images/markers/Werewolf_Island_Pass_Entrance.png,"""""","""""",""""""
js/markers.js,undergrounds,45,"""""",overworld_cave,Spore Cave Entrance,Spore Cave Entrance,"""""",Krythan,Werewolf Island,"{""x"":316,""y"":2602}",images/markers/Werewolf_Cave_Entrance.png,"""""","""""",""""""
js/markers.js,undergrounds,46,"""""",overworld_stairs,Lycanth Crypt,Lycanth Crypt,"""""",Krythan,Werewolf Island,"{""x"":297,""y"":2617}",images/markers/Lycanth_Crypt.png,"""""","""""",""""""
js/markers.js,undergrounds,47,"""""",overworld_spider,Shadow Spider Cave,Shadow Spider Cave,"""""",Darkwoods,Darkwoods,"{""x"":1463,""y"":2675}",images/markers/Shadow_Spider_Cave.png,"""""","""""",""""""
js/markers.js,undergrounds,48,"""""",overworld_cave,Swamp Beast Cave,Swamp Beast Cave,"""""",Darkwoods,Darkwoods,"{""x"":1654,""y"":2678}",images/markers/Swamp_Beast_Cave.png,"""""","""""",""""""
js/markers.js,undergrounds,49,"""""",overworld_cave,Swamp Beast Cave,Swamp Beast Cave,"""""",Darkwoods,Darkwoods,"{""x"":1572,""y"":2657}",images/markers/Swamp_Beast_Cave.png,"""""","""""",""""""
js/markers.js,undergrounds,50,"""""",overworld_cave,Astari Ruin Shelter Entrance,Astari Ruin Shelter Entrance,"""""",Darkwoods,Darkwoods,"{""x"":813,""y"":3221}",images/markers/Astari_Rune_Shelter_Entrance.png,"""""","""""",""""""
js/markers.js,undergrounds,51,"""""",overworld_ant,Ant Mound,Ant Mound,"""""",Darkwoods,Darkwoods,"{""x"":839,""y"":3271}",images/markers/Darkwoods_Ant_Mound.png,"""""","""""",""""""
js/markers.js,undergrounds,52,"""""",overworld_termigon,Termigon Pit,Termigon Pit,"""""",Darkwoods,Darkwoods,"{""x"":759,""y"":3322}",images/markers/Darkwoods_Termigon_Pit.png,"""""","""""",""""""
js/markers.js,undergrounds,53,"""""",overworld_mine,Triddle Mine,Triddle Mine,"""""",Darkwoods,Darkwoods,"{""x"":799,""y"":3335}",images/markers/Darkwoods_Triddle_Mine.png,"""""","""""",""""""
js/markers.js,undergrounds,54,"""""",overworld_snake,Whisperdale Snake Pit,Whisperdale Snake Pit,"""""",Darkwoods,Darkwoods,"{""x"":473,""y"":3431}",images/markers/Whisperdale_Snake_Pit.png,"""""","""""",""""""
js/markers.js,undergrounds,55,"""""",overworld_ant,Dunmarrow Fire Ant Pit,Dunmarrow Fire Ant Pit,"""""",Darkwoods,Darkwoods,"{""x"":1271,""y"":3031}",images/markers/Dunmarrow_Fire_Ant_Pit.png,"""""","""""",""""""
js/markers.js,undergrounds,56,"""""",overworld_crypt,McKelsky Crypt,McKelsky Crypt,"""""",Darkwoods,Darkwoods,"{""x"":1430,""y"":3045}",images/markers/McKelsky_Crypt.png,"""""","""""",""""""
js/markers.js,undergrounds,57,"""""",overworld_dungeon,Marsh Dungeon,Marsh Dungeon,"""""",Darkwoods,Darkwoods,"{""x"":482,""y"":3506}",images/markers/Marsh_Dungeon.png,"""""","""""",""""""
js/markers.js,undergrounds,58,"""""",overworld_dungeon,Cathedral of Joyous Afterlife (North Entrance),Cathedral of Joyous Afterlife (North Entrance),"""""",Darkwoods,Darkwoods,"{""x"":633,""y"":3187}",images/markers/Cathedral_of_Joyous_Afterlife_North_Entrance.png,"""""","""""",""""""
js/markers.js,undergrounds,59,"""""",overworld_dungeon,Cathedral of Joyous Afterlife (North Entrance),Cathedral of Joyous Afterlife (North Entrance),"""""",Darkwoods,Darkwoods,"{""x"":628,""y"":3198}",images/markers/Cathedral_of_Joyous_Afterlife_North_Entrance.png,"""""","""""",""""""
js/markers.js,undergrounds,60,"""""",overworld_dungeon,Cathedral of Joyous Afterlife (South Entrance),Cathedral of Joyous Afterlife (South Entrance),"""""",Darkwoods,Darkwoods,"{""x"":680,""y"":3319}",images/markers/Cathedral_of_Joyous_Afterlife_South_Entrance.png,"""""","""""",""""""
js/markers.js,undergrounds,61,"""""",overworld_ladder,Crypts of Ryonkah Entrance,Crypts of Ryonkah Entrance,"""""",Darkwoods,Crypts of Ryonkah,"{""x"":1028,""y"":2981}",images/markers/Crypt_of_Ryonkah_Entrance.png,"""""","""""",""""""
js/markers.js,undergrounds,62,"""""",overworld_stairs,Whisperdale Library Basement,Whisperdale Library Basement,"""""",Darkwoods,Darkwoods,"{""x"":423,""y"":3430}",images/markers/Whisperdale_Library_Basement.png,"""""","""""",""""""
js/markers.js,undergrounds,63,"""""",overworld_ladder,Vel Dran Cave Entrance,Vel Dran Cave Entrance,"""""",Highlands,Vel Dran,"{""x"":3127,""y"":3222}",images/markers/Vel_Dran_Cave_Entrance.png,"""""","""""",""""""
js/markers.js,undergrounds,64,"""""",overworld_stairs,Minotaur Maze,Minotaur Maze,"""""",Highlands,Highlands,"{""x"":2996,""y"":3044}",images/markers/Minotaur_Maze.png,"""""","""""",""""""
js/markers.js,undergrounds,65,"""""",overworld_stairs,Minotaur Maze,Minotaur Maze,"""""",Highlands,Highlands,"{""x"":3003,""y"":3044}",images/markers/Minotaur_Maze.png,"""""","""""",""""""
js/markers.js,undergrounds,66,"""""",overworld_ladder,Vel Dran Cave,Vel Dran Cave,"""""",Highlands,Highlands,"{""x"":3170,""y"":3085}",images/markers/Vel_Dran_Cave.png,"""""","""""",""""""
js/markers.js,undergrounds,67,"""""",overworld_closed,Cave (CLOSED),Cave (CLOSED),"""""",Highlands,Highlands,"{""x"":3561,""y"":1927}",images/markers/Cave_Closed.png,"""""","""""",""""""
js/markers.js,undergrounds,68,"""""",overworld_cave,Zanock's Mine (East),Zanock's Mine (East),"""""",Highlands,Zanock's Mine,"{""x"":3098,""y"":2392}",images/markers/Zanock_Mine_East.png,"""""","""""",""""""
js/markers.js,undergrounds,69,"""""",overworld_dungeon,Arllandah's Lair,Arllandah's Lair,"""""",Highlands,Highlands,"{""x"":3205,""y"":2628}",images/markers/Arllandah_Lair.png,"""""","""""",""""""
js/markers.js,undergrounds,70,"""""",overworld_mine,Darushk Entrance,Darushk Entrance,"""""",Highlands,Highlands,"{""x"":3746,""y"":2712}",images/markers/Darushk_Entrance.png,"""""","""""",""""""
js/markers.js,undergrounds,71,"""""",overworld_mine,Darushk Mine,Darushk Mine,"""""",Highlands,Highlands,"{""x"":3602,""y"":2774}",images/markers/Darushk_Mine.png,"""""","""""",""""""
js/markers.js,undergrounds,72,"""""",overworld_ladder,West Entrance to Parian Tunnels,West Entrance to Parian Tunnels,"""""",Highlands,Highlands,"{""x"":3450,""y"":3038}",images/markers/West_Parian_Tunnels_West_Entrance.png,"""""","""""",""""""
js/markers.js,undergrounds,73,"""""",overworld_ladder,East Entrance to Parian Tunnels,East Entrance to Parian Tunnels,"""""",Highlands,Highlands,"{""x"":3507,""y"":3028}",images/markers/East_Parian_Tunnels_East_Entrance.png,"""""","""""",""""""
js/markers.js,undergrounds,74,"""""",overworld_ladder,Emporium Abbey Trapdoor Room,Emporium Abbey Trapdoor Room,"""""",Highlands,Highlands,"{""x"":2776,""y"":3185}",images/markers/Emporium_Abbey_Trapdoor_Room.png,"""""","""""",""""""
js/markers.js,undergrounds,75,"""""",overworld_ladder,Grell Entrance,Grell Entrance<br><small>(Ctrl+Click for details)</small>,"""""",Highlands,Grell,"{""x"":3241,""y"":3608}",images/markers/Grell_Entrance.png,"""""","""""",""""""
js/markers.js,undergrounds,76,"""""",overworld_ladder,Grell Tunnels,Grell Tunnels,"""""",Highlands,Highlands,"{""x"":3335,""y"":3595}",images/markers/Grell_Tunnels.png,"""""","""""",""""""
js/markers.js,undergrounds,77,"""""",overworld_ladder,Badlands Entrance,Badlands Entrance,"""""",Highlands,Highlands,"{""x"":2709,""y"":2887}",images/markers/Badlands_Entrance.png,"""""","""""",""""""
js/markers.js,undergrounds,78,"""""",overworld_cave,Vel Dran Cave,Vel Dran Cave,"""""",Highlands,Highlands,"{""x"":3287,""y"":3300}",images/markers/Vel_Dran_Cave.png,"""""","""""",""""""
js/markers.js,undergrounds,79,"""""",overworld_mine,Ethera Mine,Ethera Mine,"""""",Highlands,Highlands,"{""x"":3624,""y"":3597}",images/markers/Ethera_Mine.png,"""""","""""",""""""
js/markers.js,undergrounds,80,"""""",overworld_mine,Ethera Mine,Ethera Mine,"""""",Highlands,Highlands,"{""x"":3656,""y"":3621}",images/markers/Ethera_Mine_Second.png,"""""","""""",""""""
js/markers.js,undergrounds,81,"""""",overworld_ladder,Necropolis Maze Tunnel Entrance,Necropolis Maze Tunnel Entrance,"""""",Darkwoods,Necropolis,"{""x"":1362,""y"":2888}",images/markers/Necropolis_Maze_Tunnel_Entrance.png,"""""","""""",""""""
js/markers.js,undergrounds,82,"""""",overworld_ladder,Necropolis Maze Tunnel Entrance,Necropolis Maze Tunnel Entrance,"""""",Darkwoods,Necropolis,"{""x"":1377,""y"":2935}",images/markers/Necropolis_Maze_Tunnel_Entrance.png,"""""","""""",""""""
js/markers.js,undergrounds,83,"""""",overworld_ladder,Necropolis Basement Entrance,Necropolis Basement Entrance,"""""",Darkwoods,Necropolis,"{""x"":1348,""y"":2932}",images/markers/Necropolis_Basement_Entrance.png,"""""","""""",""""""
js/markers.js,undergrounds,84,"""""",overworld_cave,Badlands Cave,Badlands Cave,"""""",Battle Plains,Battle Plains,"{""x"":2888,""y"":2882}",images/markers/Badlands_Cave.png,"""""","""""",""""""
js/markers.js,undergrounds,85,"""""",overworld_cave,Badlands Cave,Badlands Cave,"""""",Battle Plains,Battle Plains,"{""x"":2290,""y"":2779}",images/markers/Badlands_Cave.png,"""""","""""",""""""
js/markers.js,undergrounds,86,"""""",overworld_dungeon,Deep Shadow Temple,Deep Shadow Temple,"""""",Battle Plains,Battle Plains,"{""x"":2009,""y"":2675}",images/markers/Deep_Shadow_Temple.png,"""""","""""",""""""
js/markers.js,undergrounds,87,"""""",overworld_cave,Fungiod Cave,Fungoid Cave,"""""",Battle Plains,Battle Plains,"{""x"":1961,""y"":3763}",images/markers/Fungiod_Cave.png,"""""","""""",""""""
js/markers.js,undergrounds,88,"""""",overworld_stairs,Chlera Catacombs,Chlera Catacombs,"""""",Battle Plains,Chlera,"{""x"":2330,""y"":3620}",images/markers/Chlera_Catacombs.png,"""""","""""",""""""
js/markers.js,undergrounds,89,"""""",overworld_stairs,Desprail Tunnels,Desprail Tunnels,"""""",Battle Plains,Desprail,"{""x"":2230,""y"":3198}",images/markers/Desprail_Tunnels.png,"""""","""""",""""""
js/markers.js,undergrounds,90,"""""",overworld_cave,Desprail Cave,Desprail Cave,"""""",Battle Plains,Battle Plains,"{""x"":2136,""y"":3155}",images/markers/Desprail_Cave.png,"""""","""""",""""""
js/markers.js,undergrounds,91,"""""",overworld_snake,Maraket Snake Pit Entrance,Maraket Snake Pit Entrance,"""""",Black Swamp,Krog,"{""x"":3272,""y"":3990}",images/markers/Maraket_Snake_Pit_Entrance.png,"""""","""""",""""""
js/markers.js,undergrounds,92,"""""",overworld_sewer,Krog Sewer Entrance,Krog Sewer Entrance,"""""",Black Swamp,Vorda Swamp,"{""x"":2823,""y"":3623}",images/markers/Krog_Sewer_Entrance.png,"""""","""""",""""""
js/markers.js,undergrounds,93,"""""",overworld_crypt,Drakkan Crypt Entrance,Drakkan Crypt Entrance,"""""",Black Swamp,Drakkan,"{""x"":2792,""y"":3833}",images/markers/Drakkan_Crypt_Entrance.png,"""""","""""",""""""
js/markers.js,undergrounds,94,"""""",overworld_well,Waste Tunnels Entrance,Waste Tunnels Entrance,"""""",Black Swamp,Black Swamp,"{""x"":3244,""y"":3834}",images/markers/Waste_Tunnels_Entrance.png,"""""","""""",""""""
js/markers.js,undergrounds,95,"""""",overworld_ant,Ant Hill Entrance,Ant Hill Entrance,"""""",Black Swamp,Medosk Mountains,"{""x"":3095,""y"":3865}",images/markers/Ant_Hill_Entrance.png,"""""","""""",""""""
js/markers.js,undergrounds,96,"""""",overworld_scorpion,Scorpion Pit Entrance,Scorpion Pit Entrance,"""""",Black Swamp,Black Swamp,"{""x"":3130,""y"":3660}",images/markers/Scorpion_Pit_Entrance.png,"""""","""""",""""""
js/markers.js,undergrounds,97,"""""",overworld_dungeon,Temple of Agon Entrance,Temple of Agon Entrance,"""""",Black Swamp,Black Swamp,"{""x"":3114,""y"":3638}",images/markers/Temple_of_Agon_Entrance.png,"""""","""""",""""""
js/markers.js,undergrounds,98,"""""",overworld_dungeon,Ivogur's Mine Entrance,Ivogur's Mine Entrance,"""""",Black Swamp,Black Swamp,"{""x"":2962,""y"":3913}",images/markers/Ivogur's_Mine_Entrance.png,"""""","""""",""""""
js/markers.js,undergrounds,99,"""""",overworld_dungeon,Valekar's Fortress Dungeon Entrance,Valekar's Fortress Dungeon Entrance,"""""",Black Swamp,Black Swamp,"{""x"":3079,""y"":3516}",images/markers/Valekars_Fortress_Dungeon_Entrance.png,"""""","""""",""""""
js/markers.js,undergrounds,100,"""""",overworld_mine,Sogrun Mine Entrance,Sogrun Mine Entrance,"""""",Black Swamp,Krog,"{""x"":3154,""y"":3737}",images/markers/Sogrun_Mine_Entrance.png,"""""","""""",""""""
js/markers.js,undergrounds,101,"""""",overworld_sewer,Krog Sewer Entrance,Krog Sewer Entrance,"""""",Black Swamp,Black Swamp,"{""x"":3018,""y"":3814}",images/markers/Krog_Sewer_Entrance.png,"""""","""""",""""""
js/markers.js,undergrounds,102,"""""",overworld_dungeon,Lotorian Dungeon,Lotorian Dungeon,"""""",Western Isles,Hell,"{""x"":1208,""y"":3348}",images/markers/Lotorian_Dungeon.png,"""""","""""",""""""
js/markers.js,undergrounds,103,"""""",overworld_cave,The Den of Baylor,The Den of Baylor,"""""",Western Isles,Hell,"{""x"":1126,""y"":3393}",images/markers/The_Den_of_Baylor.png,"""""","""""",""""""
js/markers.js,undergrounds,104,"""""",overworld_cave,Horned One Cave,Horned One Cave,"""""",Western Isles,Hell,"{""x"":1307,""y"":3385}",images/markers/Horned_One_Cave.png,"""""","""""",""""""
js/markers.js,undergrounds,105,"""""",overworld_stairs,Sewer Entrance,Sewer Entrance,"""""",Western Isles,Lotor's Summer Palace,"{""x"":764,""y"":752}",images/markers/LSP_Sewer_Entrance.png,"""""","""""",""""""
js/markers.js,undergrounds,106,"""""",overworld_stairs,Leather and Armory Shop Basement,Leather and Armory Shop Basement,"""""",Western Isles,Lotor's Summer Palace,"{""x"":798,""y"":705}",images/markers/Leather_and_Armory_Shop_Basement.png,"""""","""""",""""""
js/markers.js,undergrounds,107,"""""",overworld_stairs,Shadow Temple South Entrance,Shadow Temple South Entrance,"""""",Western Isles,Western Isles,"{""x"":2110,""y"":2765}",images/markers/Shadow_Temple_South_Entrance.png,"""""","""""",""""""
js/markers.js,undergrounds,108,"""""",overworld_crypt,Gnobol Mauseleum Crypt,Gnobol Mauseleum Crypt,"""""",Heartwood Coast,Gnobol Mauseleum,"{""x"":3079,""y"":1607}",images/markers/Gnobol_Mauseleum_Crypt.png,"""""","""""",""""""
js/markers.js,undergrounds,109,"""""",overworld_cave,Zanock's Mine (West),Zanock's Mine (West),"""""",Heartwood Coast,Zanock's Mine,"{""x"":2872,""y"":2360}",images/markers/Zanock_Mine_West.png,"""""","""""",""""""
js/markers.js,undergrounds,110,"""""",overworld_snake,Valmond Skeleton Pit,Valmond Skeleton Pit,"""""",Heartwood Coast,Valmond,"{""x"":3192,""y"":1881}",images/markers/Valmond_Skeleton_Pit.png,"""""","""""",""""""
js/markers.js,undergrounds,111,"""""",overworld_ladder,South Carpentry Cellar Entrance,South Carpentry Cellar Entrance,"""""",Heartwood Coast,Valmond,"{""x"":2739,""y"":2212}",images/markers/South_Carpentry_Cellars_Entrance.png,"""""","""""",""""""
js/markers.js,undergrounds,112,"""""",overworld_ladder,North East Wall Cellar Entrance,North East Wall Cellar Entrance,"""""",Heartwood Coast,Valmond,"{""x"":2758,""y"":2188}",images/markers/1_North_East_Wall_Cellars_Entrance.png,"""""","""""",""""""
js/markers.js,undergrounds,113,"""""",overworld_ladder,North East Wall Cellar Entrance,North East Wall Cellar Entrance,"""""",Heartwood Coast,Valmond,"{""x"":2758,""y"":2178}",images/markers/2_North_East_Wall_Cellars_Entrance.png,"""""","""""",""""""
js/markers.js,undergrounds,114,"""""",overworld_ladder,North East Wall Cellar Entrance,North East Wall Cellar Entrance,"""""",Heartwood Coast,Valmond,"{""x"":2758,""y"":2150}",images/markers/3_North_East_Wall_Cellars_Entrance.png,"""""","""""",""""""
js/markers.js,undergrounds,115,"""""",overworld_ladder,South East Wall Cellar Entrance,South East Wall Cellar Entrance,"""""",Heartwood Coast,Valmond,"{""x"":2748,""y"":2249}",images/markers/1_South_East_Wall_Cellars_Entrance.png,"""""","""""",""""""
js/markers.js,undergrounds,116,"""""",overworld_ladder,South East Wall Cellar Entrance,South East Wall Cellar Entrance,"""""",Heartwood Coast,Valmond,"{""x"":2738,""y"":2249}",images/markers/2_South_East_Wall_Cellars_Entrance.png,"""""","""""",""""""
js/markers.js,undergrounds,117,"""""",overworld_ladder,South West Wall Cellar Entrance,South West Wall Cellar Entrance,"""""",Heartwood Coast,Valmond,"{""x"":2689,""y"":2251}",images/markers/3_South_West_Wall_Cellars_Entrance.png,"""""","""""",""""""
js/markers.js,undergrounds,118,"""""",overworld_ladder,Temple of Isos Cellar Entrance,Temple of Isos Cellar Entrance,"""""",Heartwood Coast,Valmond,"{""x"":2722,""y"":2220}",images/markers/Temple_of_Isos_Cellars_Entrance.png,"""""","""""",""""""
js/markers.js,undergrounds,119,"""""",overworld_ladder,South West Outpost Cellar Entrance,South West Outpost Cellar Entrance,"""""",Heartwood Coast,Valmond,"{""x"":2614,""y"":2214}",images/markers/South_West_Outpost_Cellars_Entrance.png,"""""","""""",""""""
js/markers.js,undergrounds,120,"""""",overworld_stairs,Magic Shop Cellar Entrance,Magic Shop Cellar Entrance,"""""",Heartwood Coast,Valmond,"{""x"":2738,""y"":2203}",images/markers/Magic_Shop_Cellars_Entrance.png,"""""","""""",""""""
js/markers.js,undergrounds,121,"""""",overworld_ladder,Pub Basement Entrance,Pub Basement Entrance,"""""",Heartwood Coast,Valmond,"{""x"":2675,""y"":2162}",images/markers/Pub_Basement_Entrance.png,"""""","""""",""""""
js/markers.js,undergrounds,122,"""""",overworld_stairs,Valmond Crypt Entrance,Valmond Crypt Entrance,"""""",Heartwood Coast,Valmond,"{""x"":2764,""y"":2042}",images/markers/Valmond_Crypt_Entrance.png,"""""","""""",""""""
js/markers.js,undergrounds,123,"""""",overworld_cave,Syldural,Syldural Cave Entrance,"""""",Heartwood Coast,Syldural Cave,"{""x"":3273,""y"":1633}",images/markers/Syldural_Cave_Entrance.png,"""""","""""",""""""
js/markers.js,undergrounds,124,"""""",overworld_cave,Icebane's Cavern Entrance,Icebane's Cavern Entrance,"""""",Tundria,Tundria,"{""x"":2305,""y"":1368}",images/markers/Icebanes_Cavern_Entrance.png,"""""","""""",""""""
js/markers.js,undergrounds,125,"""""",overworld_crypt,Maroven Crypt,Maroven Crypt,"""""",Tundria,Tundria,"{""x"":2041,""y"":1393}",images/markers/Maroven_Crypt.png,"""""","""""",""""""
js/markers.js,undergrounds,126,"""""",overworld_crypt,Maroven Crypt,Maroven Crypt,"""""",Tundria,Maroven,"{""x"":1991,""y"":1209}",images/markers/Maroven_Crypt.png,"""""","""""",""""""
js/markers.js,undergrounds,127,"""""",overworld_dungeon,Hammerfist Mine Entrance,Hammerfist Mine Entrance,"""""",Tundria,Tundria,"{""x"":2777,""y"":599}",images/markers/Hammerfist_Mine_Entrance.png,"""""","""""",""""""
js/markers.js,undergrounds,128,"""""",overworld_cave,Web Spinner Spider Cave,Web Spinner Spider Cave,"""""",Tundria,Tundria,"{""x"":2873,""y"":964}",images/markers/Web_Spinner_Spider_Cave.png,"""""","""""",""""""
js/markers.js,undergrounds,129,"""""",overworld_crypt,Duremar Tomb,Duremar Tomb,"""""",Tundria,Tundria,"{""x"":3525,""y"":1264}",images/markers/Duremar_Tomb.png,"""""","""""",""""""
js/markers.js,undergrounds,130,"""""",overworld_crypt,Unknown Crypt,Unknown Crypt,"""""",Tundria,Tundria,"{""x"":3784,""y"":986}",images/markers/Unknown_Crypt.png,"""""","""""",""""""
js/markers.js,undergrounds,131,"""""",overworld_dungeon,Frieda's Dungeon,Frieda's Dungeon,"""""",Tundria,Tundria,"{""x"":2551,""y"":439}",images/markers/Friedas_Dungeon.png,"""""","""""",""""""
js/markers.js,undergrounds,132,"""""",overworld_dungeon,Artraxis Dungeon,Artraxis Dungeon,"""""",Tundria,Tundria,"{""x"":2888,""y"":426}",images/markers/Artraxis_Dungeon.png,"""""","""""",""""""
js/markers.js,undergrounds,133,"""""",overworld_ladder,Darok the Banished's Jail (South Entrance),Darok the Banished's Jail (South Entrance),"""""",Tundria,Artraxis Dungeon,"{""x"":2920,""y"":409}",images/markers/Darok_the_Banisheds_Jail_South_Entrance.png,"""""","""""",""""""
js/markers.js,undergrounds,134,"""""",overworld_ladder,Darok the Banished's Jail (North Entrance),Darok the Banished's Jail (North Entrance),"""""",Tundria,Artraxis Dungeon,"{""x"":2896,""y"":443}",images/markers/Darok_the_Banisheds_Jail_North_Entrance.png,"""""","""""",""""""
js/markers.js,undergrounds,135,"""""",overworld_dungeon,Trapdoor to Hammerfist Mine,Trapdoor to Hammerfist Mine,"""""",Tundria,Artraxis Dungeon,"{""x"":2838,""y"":613}",images/markers/Trapdoor_to_Hammerfist_Mine.png,"""""","""""",""""""
js/markers.js,undergrounds,136,"""""",overworld_cave,Sand Golem Crypt,Sand Golem Crypt Entrance,"""""",Sands of Creation,Ruhura,"{""x"":839,""y"":3924}",images/markers/Lupinsix's_Lair.png,"""""","""""",""""""
js/markers.js,undergrounds,137,001,overworld_stairs,Lupinsix's Lair,Lupinsix's Lair Entrance,"""""",Sands of Creation,Ruhura,"{""x"":792,""y"":3848}",images/markers/Lupinsix's_Lair.png,"""""","""""",""""""
js/markers.js,undergrounds,138,"""""",overworld_ladder,Ruhura Elemental Cave,Ruhura Elemental Cave,"""""",Sands of Creation,Ruhura,"{""x"":545,""y"":3838}",images/markers/Elemental_Cave.png,"""""","""""",""""""
js/markers.js,undergrounds,139,"""""",overworld_ladder,Artonian Pass Entrance (Ruhura Side),Artonian Pass Entrance (Ruhura Side),"""""",Sands of Creation,Ruhura,"{""x"":308,""y"":3909}",images/markers/Artonian_Pass_Entrance_Ruhura_Side.png,"""""","""""",""""""
js/markers.js,undergrounds,140,"""""",overworld_ladder,Artonian Pass Entrance (Greater Dragon Island Side),Artonian Pass Entrance (Greater Dragon Island Side),"""""",Sands of Creation,Ruhura,"{""x"":401,""y"":3793}",images/markers/Artonian_Pass_Entrance_Greater_Dragon_Island_Side.png,"""""","""""",""""""
js/markers.js,undergrounds,141,"""""",overworld_ladder,Elemental Cave,Elemental Cave,"""""",Sands of Creation,Ruhura,"{""x"":454,""y"":3718}",images/markers/Elemental_Cave.png,"""""","""""",""""""
js/markers.js,undergrounds,142,"""""",overworld_cave,Artonian Cave Entrance,Artonian Cave Entrance,"""""",Sands of Creation,Ruhura,"{""x"":490,""y"":3652}",images/markers/Artonian_Cave_Entrance.png,"""""","""""",""""""
js/markers.js,undergrounds,143,"""""",overworld_ladder,Artonian Cave Entrance,Artonian Fort Cave Entrance,"""""",Sands of Creation,Artonian Fort,"{""x"":551,""y"":3676}",images/markers/Artonian_Fort_Cave_Entrance.png,"""""","""""",""""""
js/markers.js,undergrounds,144,"""""",overworld_portal_lsp,Mukarramma Dungeon,Portal to Mukarramma Dungeon,"""""",Sands of Creation,Ruhura,"{""x"":950,""y"":4006}",images/markers/Portal_Mukarramma_Dungeon.png,"""""","""""",""""""
js/markers.js,undergrounds,145,"""""",overworld_ladder,Elemental Cave Kharfa Side Trap Door (One Way),Elemental Cave Kharfa Side Trap Door (One Way),"""""",Sands of Creation,Ruhura,"{""x"":81,""y"":3470}",images/markers/Elemental_Cave_Kharfa_Side_Trap_Door.png,"""""","""""",""""""
js/markers.js,undergrounds,146,"""""",overworld_stairs,Leather Shop Basement,Leather Shop Basement,"""""",Sands of Creation,Ruhura,"{""x"":370,""y"":4036}",images/markers/leather-shop-basement.png,"""""","""""",""""""
js/markers.js,undergrounds,147,"""""",overworld_cave,Greater Dragon Island Cave,Greater Dragon Island Cave,"""""",Sands of Creation,Greater Dragon Island,"{""x"":301,""y"":3773}",images/markers/Greater_Dragon_Island_Cave.png,"""""","""""",""""""
js/markers.js,undergrounds,148,"""""",overworld_ladder,Khafra Elemental Cave,Khafra Elemental Cave,"""""",Sands of Creation,Khafra,"{""x"":79,""y"":3355}",images/markers/Khafra_Elemental_Cave.png,"""""","""""",""""""
js/markers.js,undergrounds,149,"""""",overworld_stairs,Sheikh Khalifa's Wine Cellar Entrance,Sheikh Khalifa's Wine Cellar Entrance,"""""",Sands of Creation,Khafra,"{""x"":292,""y"":2872}",images/markers/sheikh-khalifa-wine-cellar-entrance.png,"""""","""""",""""""
js/markers.js,undergrounds,150,"""""",overworld_stairs,Sheikh Khalifa's Wine Cellar Entrance,Sheikh Khalifa's Wine Cellar Entrance,"""""",Sands of Creation,Khafra,"{""x"":284,""y"":2825}",images/markers/sheikh-khalifa-wine-cellar-entrance.png,"""""","""""",""""""
js/markers.js,undergrounds,151,"""""",overworld_crypt,Darkwing's Lair Entrance,Darkwing's Lair Entrance,"""""",Breakwater,New Town Island,"{""x"":1945,""y"":1696}",images/markers/Darkwings_Lair_Entrance.png,"""""","""""",""""""
js/markers.js,undergrounds,152,"""""",overworld_dungeon,Cyclops and Lion Cave,Cyclops and Lion Cave,"""""",Breakwater,New Town Island,"{""x"":2039,""y"":1833}",images/markers/Cyclops_and_Lion_Cave.png,"""""","""""",""""""
js/markers.js,undergrounds,153,"""""",overworld_mine,Zule's Cave Entrance,Zule's Cave Entrance,"""""",Breakwater,New Town Island,"{""x"":2175,""y"":1518}",images/markers/Zules_Cave_Entrance.png,"""""","""""",""""""
js/markers.js,undergrounds,154,"""""",overworld_stairs,Son of Scalo's Hideout,Son of Scalo's Hideout,"""""",Breakwater,Roycroft Island,"{""x"":2216,""y"":2261}",images/markers/Son_of_Scalos_Hideout.png,"""""","""""",""""""
js/markers.js,undergrounds,155,"""""",overworld_stairs,Warehouse Basement,Warehouse Basement,"""""",Breakwater,Roycroft Island,"{""x"":2459,""y"":2358}",images/markers/Warehouse_Basement.png,"""""","""""",""""""
js/markers.js,undergrounds,156,"""""",overworld_stairs, Pass to Northern Roycroft Island, Pass to Northern Roycroft Island,"""""",Breakwater,Roycroft Island,"{""x"":2311,""y"":2199}",images/markers/Pass_to_Northern_Roycroft_Island.png,"""""","""""",""""""
js/markers.js,undergrounds,157,"""""",overworld_stairs, Pass to Southern Roycroft Island, Pass to Southern Roycroft Island,"""""",Breakwater,Roycroft Island,"{""x"":2311,""y"":2185}",images/markers/Pass_to_Southern_Roycroft_Island.png,"""""","""""",""""""
js/markers.js,undergrounds,158,"""""",overworld_dungeon,Broken Finger Dungeon,Broken Finger Dungeon,"""""",Broken Finger,Broken Finger,"{""x"":1144,""y"":3659}",images/markers/Broken_Finger_Dungeon.png,"""""","""""",""""""
js/markers.js,undergrounds,159,"""""",overworld_stairs,Trap Door to Gulley Portal ,Trap Door to Gulley Portal ,"""""",Broken Finger,Broken Finger,"{""x"":1293,""y"":3715}",images/markers/Trap_Door_to_Gulley_Portal.png,"""""","""""",""""""
js/markers.js,undergrounds,160,"""""",overworld_stairs,Entrance to Horned Ones Cave,Entrance to Horned Ones Cave,"""""",Broken Finger,Broken Finger,"{""x"":1213,""y"":3558}",images/markers/Entrance_to_Horned_Ones_Cave.png,"""""","""""",""""""
js/underworld-markers.js,portals,0,"""""",underworld_portal_small,Jeel Catacombs Exit,Crypts of Ryonkah Portal,"""""",Krythan,Crypts of Ryonkah,"{""x"":981,""y"":2898}",images/markers/Jeel_Catacombs_Ladder_Exit.png,"""""","""""",""""""
js/underworld-markers.js,portals,1,"""""",underworld_portal_small,Jeel Catacombs Exit,Crypts of Ryonkah Portal,"""""",Krythan,Crypts of Ryonkah,"{""x"":855,""y"":2775}",images/markers/Jeel_Catacombs_Ladder_Exit.png,"""""","""""",""""""
js/underworld-markers.js,portals,2,"""""",underworld_portal_small,Spore Cave Level 4 Portal,Spore Cave Level 4 Portal,"""""",Western Isles,Spore Cave,"{""x"":1508,""y"":2939}",images/markers/Spore_Cave_Portal.png,"""""","""""",""""""
js/underworld-markers.js,portals,3,"""""",underworld_portal_small,Mukarramma Dungeon Exit Portal,Mukarramma Dungeon Exit Portal,"""""",Sands of Creation,Mukarramma Dungeon,"{""x"":149,""y"":3797}",images/markers/Portal_Mukarramma_Dungeon.png,"""""","""""",""""""
js/underworld-markers.js,portals,4,"""""",underworld_portal_small,Portal to Shadow Dragons,Portal to Shadow Dragons,"""""",Sands of Creation,Elemental Cave Khafra Side,"{""x"":193,""y"":3727}",images/markers/Portal_Shadow_Dragons.png,"""""","""""",""""""
js/underworld-markers.js,shops,0,"""""",underworld_shop_leather,Hamad's Leatherworking Shop,Hamad's Leatherworking Shop,"""""",Sands of Creation,Ruhura,"{""x"":372,""y"":4033}",images/markers/Hamad's_Leatherworking_Shop.png,"""""","""""",""""""
js/underworld-markers.js,services_npcs,0,"""""",underworld_inn_keeper,Grell Innkeeper,Grell Innkeeper,"""""",Highlands,Grell,"{""x"":2860,""y"":3481}",images/markers/Grell_Innkeeper.png,"""""","""""",""""""
js/underworld-markers.js,services_npcs,1,"""""",underworld_town_guardian,Town Guardian,Town Guardian (Grell),"""""",Highlands,Grell,"{""x"":2860,""y"":3460}",images/markers/Grell_Town_Guardian.png,"""""","""""",""""""
js/underworld-markers.js,services_npcs,2,"""""",underworld_town_wizard_of_insight,Town Wizard of Insight,Town Wizard of Insight (Grell),"""""",Highlands,Grell,"{""x"":2860,""y"":3465}",images/markers/Grell_Town_Wizard_of_Insight.png,"""""","""""",""""""
js/underworld-markers.js,services_npcs,3,"""""",underworld_quest,Holendar,Holendar,"""""",Highlands,Emporium Abbey,"{""x"":2760,""y"":3190}",images/markers/Holendar.png,"""""","""""",""""""
js/underworld-markers.js,undergrounds,0,"""""",underworld_stairs,Silvest Library Basement Exit,Silvest Library Basement Exit,"""""",Krythan,Silvest Library,"{""x"":1150,""y"":1365}",images/markers/Silvest_Library_Basement_Exit.png,"""""","""""",""""""
js/underworld-markers.js,undergrounds,1,"""""",underworld_cave,Coenred's Provisioner Shop Basement Exit,Coenred's Provisioner Shop Basement Exit,"""""",Krythan,Coenred's Provisioner Shop,"{""x"":1132,""y"":1363}",images/markers/Coenred_Provisioner_Shop_Basement_Exit.png,"""""","""""",""""""
js/underworld-markers.js,undergrounds,2,"""""",underworld_mine,Silvest Mines Exit,Silvest Mines Exit,"""""",Krythan,Silvest Mines,"{""x"":1007,""y"":1107}",images/markers/Silvest_Mines_Exit.png,"""""","""""",""""""
js/underworld-markers.js,undergrounds,3,"""""",underworld_ladder,Kobold Castle Entrance,Kobold Castle Entrance,"""""",Krythan,Kobold Castle,"{""x"":1292,""y"":1122}",images/markers/Kobold_Castle_Entrance.png,"""""","""""",""""""
js/underworld-markers.js,undergrounds,4,"""""",underworld_ladder,Silvest Mines Exit,Silvest Mines Exit,"""""",Krythan,Karzak Cove,"{""x"":1368,""y"":1093}",images/markers/Karzak_Cove_Silvest_Mine_Exit.png,"""""","""""",""""""
js/underworld-markers.js,undergrounds,5,"""""",underworld_cave,Dalvon Mines Exit,Dalvon Mines Exit,"""""",Krythan,Karzak Cove,"{""x"":1432,""y"":1399}",images/markers/Karzak_Cove_Dalvon_Mine_Exit.png,"""""","""""",""""""
js/underworld-markers.js,undergrounds,6,"""""",underworld_cave,Galen's Hideout Exit,Galen's Hideout Exit,"""""",Krythan,Galen's Hideout,"{""x"":870,""y"":82}",images/markers/Galens_Hideout_Exit.png,"""""","""""",""""""
js/underworld-markers.js,undergrounds,7,"""""",underworld_ladder,Dalvon Mines Level 2 Entrance,Dalvon Mines Level 2 Entrance,"""""",Krythan,Dalvon Mines,"{""x"":1444,""y"":1475}",images/markers/Karzak_Cove_Dalvon_Mine_Level_2_Entrance.png,"""""","""""",""""""
js/underworld-markers.js,undergrounds,8,"""""",underworld_ladder,Dalvon Mines Level 2 Exit,Dalvon Mines Level 2 Exit,"""""",Krythan,Dalvon Mines,"{""x"":1462,""y"":1607}",images/markers/Karzak_Cove_Dalvon_Mine_Level_2_Exit.png,"""""","""""",""""""
js/underworld-markers.js,undergrounds,9,"""""",underworld_ladder,Dalvon Mines Level 2 Entrance,Dalvon Mines Level 2 Entrance,"""""",Krythan,Dalvon Mines,"{""x"":1452,""y"":1475}",images/markers/Karzak_Cove_Dalvon_Mine_Level_2_Entrance.png,"""""","""""",""""""
js/underworld-markers.js,undergrounds,10,"""""",underworld_ladder,Dalvon Mines Level 2 Entrance,Dalvon Mines Level 2 Entrance,"""""",Krythan,Dalvon Mines,"{""x"":1452,""y"":1475}",images/markers/Karzak_Cove_Dalvon_Mine_Level_2_Entrance.png,"""""","""""",""""""
js/underworld-markers.js,undergrounds,11,"""""",underworld_ladder,Dalvon Mines Level 2 Exit,Dalvon Mines Level 2 Exit,"""""",Krythan,Dalvon Mines,"{""x"":1470,""y"":1607}",images/markers/Karzak_Cove_Dalvon_Mine_Level_2_Exit.png,"""""","""""",""""""
js/underworld-markers.js,undergrounds,12,"""""",underworld_ladder,Holendar's Mansion Basement Exit,Holendar's Mansion Basement Exit,"""""",Krythan,Holendar's Mansion,"{""x"":823,""y"":1047}",images/markers/Holendar_Mansion_Basement_Exit.png,"""""","""""",""""""
js/underworld-markers.js,undergrounds,13,"""""",underworld_ladder,Holendar's Mansion Basement Exit,Holendar's Mansion Basement Exit,"""""",Krythan,Holendar's Mansion,"{""x"":890,""y"":1080}",images/markers/Holendar_Mansion_Basement_Exit.png,"""""","""""",""""""
js/underworld-markers.js,undergrounds,14,"""""",underworld_ladder,Jeel Catacombs Exit,Jeel Catacombs Exit,"""""",Krythan,Jeel Catacombs,"{""x"":293,""y"":833}",images/markers/Jeel_Catacombs_Ladder_Exit.png,"""""","""""",""""""
js/underworld-markers.js,undergrounds,15,"""""",underworld_ladder,Book 2 Temple Exit,Book 2 Temple Exit,"""""",Krythan,Hothbra,"{""x"":520,""y"":1064}",images/markers/Book_2_Temple_Exit.png,"""""","""""",""""""
js/underworld-markers.js,undergrounds,16,"""""",underworld_crypt,Krythan Crypt Exit,Krythan Crypt Exit,"""""",Krythan,Krythan Crypt,"{""x"":435,""y"":851}",images/markers/Krythan_Crypt_Ladder_Exit.png,"""""","""""",""""""
js/underworld-markers.js,undergrounds,17,"""""",underworld_ladder,Krythan Crypt Exit,Krythan Crypt Exit,"""""",Krythan,Krythan Crypt,"{""x"":919,""y"":1031}",images/markers/Krythan_Crypt_Ladder_Exit.png,"""""","""""",""""""
js/underworld-markers.js,undergrounds,18,"""""",underworld_ladder,Krythan Crypt Level 2 Entrance,Krythan Crypt Level 2 Entrance,"""""",Krythan,Krythan Crypt,"{""x"":908,""y"":1016}",images/markers/Krythan_Crypt_Ladder_Entrance.png,"""""","""""",""""""
js/underworld-markers.js,undergrounds,19,"""""",underworld_ladder,Krythan Crypt Level 2 Exit,Krythan Crypt Level 2 Exit,"""""",Krythan,Krythan Crypt,"{""x"":983,""y"":1061}",images/markers/Krythan_Crypt_Ladder_Level_2_Exit.png,"""""","""""",""""""
js/underworld-markers.js,undergrounds,20,"""""",underworld_ladder,Krythan Crypt Level 3 Exit,Krythan Crypt Level 3 Exit,"""""",Krythan,Krythan Crypt,"{""x"":1049,""y"":1095}",images/markers/Krythan_Crypt_Ladder_Level_3_Entrance.png,"""""","""""",""""""
js/underworld-markers.js,undergrounds,21,"""""",underworld_ladder,Krythan Crypt Level 3 Entrance,Krythan Crypt Level 3 Entrance,"""""",Krythan,Krythan Crypt,"{""x"":978,""y"":1095}",images/markers/Krythan_Crypt_Ladder_Level_3_Entrance.png,"""""","""""",""""""
js/underworld-markers.js,undergrounds,22,"""""",underworld_hole,Termigon Pit Exit,Termigon Pit Ext,"""""",Darkwoods,Darkwoods,"{""x"":852,""y"":3355}",images/markers/Termigon_Pit_Exit.png,"""""","""""",""""""
js/underworld-markers.js,undergrounds,23,"""""",underworld_hole,Termigon Pit Level 2 Entrance,Termigon Pit Level 2 Entrance,"""""",Darkwoods,Darkwoods,"{""x"":858,""y"":3349}",images/markers/Termigon_Pit_Level_2_Entrance.png,"""""","""""",""""""
js/underworld-markers.js,undergrounds,24,"""""",underworld_hole,Termigon Pit Level 2 Exit,Termigon Pit Level 2 Exit,"""""",Darkwoods,Darkwoods,"{""x"":938,""y"":3317}",images/markers/Termigon_Pit_Level_2_Exit.png,"""""","""""",""""""
js/underworld-markers.js,undergrounds,25,"""""",underworld_hole,Termigon Pit Level 2 Entrance,Termigon Pit Level 2 Entrance,"""""",Darkwoods,Darkwoods,"{""x"":858,""y"":3349}",images/markers/Termigon_Pit_Level_2_Entrance.png,"""""","""""",""""""
js/underworld-markers.js,undergrounds,26,"""""",underworld_hole,Underground Connector Entrance,Underground Connector Entrance,"""""",Darkwoods,Darkwoods,"{""x"":968,""y"":3303}",images/markers/Underground_Connector_Entrance.png,"""""","""""",""""""
js/underworld-markers.js,undergrounds,27,"""""",underworld_hole,Underground Connector Entrance,Underground Connector Entrance,"""""",Darkwoods,Darkwoods,"{""x"":967,""y"":3287}",images/markers/Underground_Connector_Entrance.png,"""""","""""",""""""
js/underworld-markers.js,undergrounds,28,"""""",underworld_hole,Underground Connector Exit,Underground Connector Exit,"""""",Darkwoods,Darkwoods,"{""x"":792,""y"":3303}",images/markers/Underground_Connector_Exit.png,"""""","""""",""""""
js/underworld-markers.js,undergrounds,29,"""""",underworld_hole,Termigon Pit Level 3 Entrance,Termigon Pit Level 3 Entrance,"""""",Darkwoods,Darkwoods,"{""x"":807,""y"":3288}",images/markers/Termigon_Pit_Level_3_Entrance.png,"""""","""""",""""""
js/underworld-markers.js,undergrounds,30,"""""",underworld_hole,Termigon Pit Level 4 Entrance,Termigon Pit Level 4 Entrance,"""""",Darkwoods,Darkwoods,"{""x"":1034,""y"":3304}",images/markers/Termigon_Pit_Level_4_Entrance.png,"""""","""""",""""""
js/underworld-markers.js,undergrounds,31,"""""",underworld_hole,Termigon Pit Level 4 Exit,Termigon Pit Level 4 Exit,"""""",Darkwoods,Darkwoods,"{""x"":1034,""y"":3368}",images/markers/Termigon_Pit_Level_4_Exit.png,"""""","""""",""""""
js/underworld-markers.js,undergrounds,32,"""""",underworld_hole,Termigon Pit Level 5 Entrance,Termigon Pit Level 5 Entrance,"""""",Darkwoods,Darkwoods,"{""x"":1028,""y"":3286}",images/markers/Termigon_Pit_Level_5_Entrance.png,"""""","""""",""""""
js/underworld-markers.js,undergrounds,33,"""""",underworld_hole,Termigon Pit Level 5 Exit,Termigon Pit Level 5 Exit,"""""",Darkwoods,Darkwoods,"{""x"":1076,""y"":3286}",images/markers/Termigon_Pit_Level_5_Exit.png,"""""","""""",""""""
js/underworld-markers.js,undergrounds,34,"""""",underworld_hole,Underground Connector Entrance,Underground Connector Entrance,"""""",Darkwoods,Darkwoods,"{""x"":983,""y"":3288}",images/markers/Underground_Connector_Entrance.png,"""""","""""",""""""
js/underworld-markers.js,undergrounds,35,"""""",underworld_cave,Triddle Cave Exit,Triddle Cave Exit,"""""",Darkwoods,Darkwoods,"{""x"":792,""y"":3330}",images/markers/Triddle_Cave_Exit.png,"""""","""""",""""""
js/underworld-markers.js,undergrounds,36,"""""",underworld_hole,Triddle Cave Level 2 Entrance,Triddle Cave Level 2 Entrance,"""""",Darkwoods,Darkwoods,"{""x"":807,""y"":3335}",images/markers/Triddle_Cave_Level_2_Entrance.png,"""""","""""",""""""
js/underworld-markers.js,undergrounds,37,"""""",underworld_hole,Triddle Cave Level 2 Exit,Triddle Cave Level 2 Exit,"""""",Darkwoods,Darkwoods,"{""x"":983,""y"":3335}",images/markers/Triddle_Cave_Level_2_Exit.png,"""""","""""",""""""
js/underworld-markers.js,undergrounds,38,"""""",underworld_hole,Underground Connector Entrance,Underground Connector Entrance,"""""",Darkwoods,Darkwoods,"{""x"":983,""y"":3304}",images/markers/Underground_Connector_Entrance.png,"""""","""""",""""""
js/underworld-markers.js,undergrounds,39,"""""",underworld_hole,Underground Connector Exit,Underground Connector Exit,"""""",Darkwoods,Darkwoods,"{""x"":807,""y"":3304}",images/markers/Underground_Connector_Exit.png,"""""","""""",""""""
js/underworld-markers.js,undergrounds,40,"""""",underworld_hole,Underground Connector Exit,Underground Connector Exit,"""""",Darkwoods,Darkwoods,"{""x"":791,""y"":3287}",images/markers/Underground_Connector_Exit.png,"""""","""""",""""""
js/underworld-markers.js,undergrounds,41,"""""",underworld_hole,Underground Connector Entrance,Underground Connector Entrance,"""""",Darkwoods,Darkwoods,"{""x"":967,""y"":3287}",images/markers/Underground_Connector_Entrance.png,"""""","""""",""""""
js/underworld-markers.js,undergrounds,42,"""""",underworld_ladder,Astari Rune Shelter Entrance,Astari Rune Shelter Entrance,"""""",Darkwoods,Darkwoods,"{""x"":955,""y"":3253}",images/markers/Astari_Rune_Shelter_Entrance.png,"""""","""""",""""""
js/underworld-markers.js,undergrounds,43,"""""",underworld_ladder,Astari Rune Shelter Exit,Astari Rune Shelter Exit,"""""",Darkwoods,Darkwoods,"{""x"":779,""y"":3251}",images/markers/Astari_Rune_Shelter_Exit.png,"""""","""""",""""""
js/underworld-markers.js,undergrounds,44,"""""",underworld_cave,Astari Rune Shelter Exit,Astari Rune Shelter Exit,"""""",Darkwoods,Darkwoods,"{""x"":813,""y"":3223}",images/markers/Astari_Rune_Shelter_Exit.png,"""""","""""",""""""
js/underworld-markers.js,undergrounds,45,"""""",underworld_cave,Ant Mound Exit,Ant Mound Exit,"""""",Darkwoods,Darkwoods,"{""x"":839,""y"":3271}",images/markers/Ant_Mound_Exit.png,"""""","""""",""""""
js/underworld-markers.js,undergrounds,46,"""""",underworld_hole,Ant Mound Level 2 Entrance,Ant Mound Level 2 Entrance,"""""",Darkwoods,Darkwoods,"{""x"":824,""y"":3271}",images/markers/Ant_Mound_Exit.png,"""""","""""",""""""
js/underworld-markers.js,undergrounds,47,"""""",underworld_cave,Ant Mound Level 2 Exit,Ant Mound Level 2 Exit,"""""",Darkwoods,Darkwoods,"{""x"":1000,""y"":3271}",images/markers/Ant_Mound_Level_2_Exit.png,"""""","""""",""""""
js/underworld-markers.js,undergrounds,48,"""""",underworld_ladder,Crypts of Ryonkah Exit,Crypts of Ryonkah Exit,"""""",Darkwoods,Darkwoods,"{""x"":1028,""y"":2981}",images/markers/Crypt_of_Ryonkah_Exit.png,"""""","""""",""""""
js/underworld-markers.js,undergrounds,49,"""""",underworld_stairs,Crypts of Ryonkah Level 2 Entrance,Crypts of Ryonkah Level 2 Entrance,"""""",Darkwoods,Darkwoods,"{""x"":963,""y"":2821}",images/markers/Crypt_of_Ryonkah_Exit.png,"""""","""""",""""""
js/underworld-markers.js,undergrounds,50,"""""",underworld_stairs,Crypts of Ryonkah Level 2 Exit,Crypts of Ryonkah Level 2 Exit,"""""",Darkwoods,Darkwoods,"{""x"":1124,""y"":2794}",images/markers/Crypt_of_Ryonkah_Exit.png,"""""","""""",""""""
js/underworld-markers.js,undergrounds,51,"""""",underworld_stairs,Crypts of Ryonkah Level 3 Entrance,Crypts of Ryonkah Level 3 Entrance,"""""",Darkwoods,Darkwoods,"{""x"":1032,""y"":2859}",images/markers/Crypt_of_Ryonkah_Exit.png,"""""","""""",""""""
js/underworld-markers.js,undergrounds,52,"""""",underworld_stairs,Crypts of Ryonkah Level 3 Exit,Crypts of Ryonkah Level 3 Exit,"""""",Darkwoods,Darkwoods,"{""x"":1147,""y"":2919}",images/markers/Crypt_of_Ryonkah_Exit.png,"""""","""""",""""""
js/underworld-markers.js,undergrounds,53,"""""",underworld_ladder,Necropolis Basement Exit,Necropolis Basement Exit,"""""",Darkwoods,Necropolis,"{""x"":1345,""y"":2939}",images/markers/Necropolis_Basement_Exit.png,"""""","""""",""""""
js/underworld-markers.js,undergrounds,54,"""""",underworld_ladder,Necropolis Maze Tunnel Exit,Necropolis Maze Tunnel Exit,"""""",Darkwoods,Necropolis,"{""x"":1363,""y"":2878}",images/markers/Necropolis_Maze_Tunnel_Exit.png,"""""","""""",""""""
js/underworld-markers.js,undergrounds,55,"""""",underworld_ladder,Necropolis Maze Tunnel Exit,Necropolis Maze Tunnel Exit,"""""",Darkwoods,Necropolis,"{""x"":1365,""y"":2909}",images/markers/Necropolis_Maze_Tunnel_Exit.png,"""""","""""",""""""
js/underworld-markers.js,undergrounds,56,"""""",underworld_ladder,Necropolis Maze Tunnel Exit,Necropolis Maze Tunnel Exit,"""""",Darkwoods,Necropolis,"{""x"":1372,""y"":2909}",images/markers/Necropolis_Maze_Tunnel_Exit.png,"""""","""""",""""""
js/underworld-markers.js,undergrounds,57,"""""",underworld_ladder,Necropolis Maze Tunnel Exit,Necropolis Maze Tunnel Exit,"""""",Darkwoods,Necropolis,"{""x"":1363,""y"":2889}",images/markers/Necropolis_Maze_Tunnel_Exit.png,"""""","""""",""""""
js/underworld-markers.js,undergrounds,58,"""""",underworld_ladder,McKelsky Crypt Exit,McKelsky Crypt Exit,"""""",Darkwoods,Necropolis,"{""x"":1431,""y"":3046}",images/markers/McKelsky_Crypt_Exit.png,"""""","""""",""""""
js/underworld-markers.js,undergrounds,59,"""""",underworld_stairs,Chlera Catacombs Exit,Cherla Catacombs Exit,"""""",Battle Plains,Chlera,"{""x"":423,""y"":3431}",images/markers/Grell_Ladder_Exit.png,"""""","""""",""""""
js/underworld-markers.js,undergrounds,60,"""""",underworld_stairs,Cathedral of Joyous Afterlife Exit,Cathedral of Joyous Afterlife Exit,"""""",Battle Plains,Chlera,"{""x"":712,""y"":3125}",images/markers/Cathedral_of_Joyous_Afterlife_Ladder_Exit.png,"""""","""""",""""""
js/underworld-markers.js,undergrounds,61,"""""",underworld_stairs,Cathedral of Joyous Afterlife Exit,Cathedral of Joyous Afterlife Exit,"""""",Battle Plains,Chlera,"{""x"":647,""y"":3144}",images/markers/Cathedral_of_Joyous_Afterlife_Exit.png,"""""","""""",""""""
js/underworld-markers.js,undergrounds,62,"""""",underworld_stairs,Cathedral of Joyous Afterlife Exit,Cathedral of Joyous Afterlife Exit,"""""",Battle Plains,Chlera,"{""x"":679,""y"":3316}",images/markers/Cathedral_of_Joyous_Afterlife_Exit.png,"""""","""""",""""""
js/underworld-markers.js,undergrounds,63,"""""",underworld_stairs,Chlera Catacombs Exit,Cherla Catacombs Exit,"""""",Battle Plains,Chlera,"{""x"":2359,""y"":3571}",images/markers/Grell_Ladder_Exit.png,"""""","""""",""""""
js/underworld-markers.js,undergrounds,64,"""""",underworld_stairs,Desprail Tunnels Exit,Desprail Tunnels Exit,"""""",Battle Plains,Chlera,"{""x"":2230,""y"":3198}",images/markers/Desprail_Tunnels_Exit.png,"""""","""""",""""""
js/underworld-markers.js,undergrounds,65,"""""",underworld_stairs,Desprail Cave Exit,Desprail Cave Exit,"""""",Battle Plains,Chlera,"{""x"":2119,""y"":3138}",images/markers/Desprail_Cave_Exit.png,"""""","""""",""""""
js/underworld-markers.js,undergrounds,66,"""""",underworld_stairs,Grell Exit,Minotaur Maze Exit,"""""",Highlands,Grell,"{""x"":3411,""y"":3105}",images/markers/Grell_Ladder_Exit.png,"""""","""""",""""""
js/underworld-markers.js,undergrounds,67,"""""",underworld_stairs,Grell Exit,Minotaur Maze Exit,"""""",Highlands,Grell,"{""x"":3419,""y"":3105}",images/markers/Grell_Ladder_Exit.png,"""""","""""",""""""
js/underworld-markers.js,undergrounds,68,"""""",underworld_cave,Vel Dran Cave Exit,Vel Dran Cave Exit,"""""",Highlands,Vel Dran Cave,"{""x"":3288,""y"":3298}",images/markers/Vel_Dran_Cave_Ladder_Exit.png,"""""","""""",""""""
js/underworld-markers.js,undergrounds,69,"""""",underworld_ladder,Grell Exit,Grell Tunnels Exit,"""""",Highlands,Grell,"{""x"":2918,""y"":3365}",images/markers/Grell_Ladder_Exit.png,"""""","""""",""""""
js/underworld-markers.js,undergrounds,70,"""""",underworld_ladder,Vel Dran Exit,Vel Dran Exit,"""""",Highlands,Grell,"{""x"":3097,""y"":3221}",images/markers/Vel_Dran_Cave_Ladder_Exit.png,"""""","""""",""""""
js/underworld-markers.js,undergrounds,71,"""""",underworld_ladder,Werewolf Island Pass Exit,Werewolf Island Pass Exit,"""""",Western Isles,Werewolf Island,"{""x"":477,""y"":2631}",images/markers/Werewolf_Island_Tunnels_Exit.png,"""""","""""",""""""
js/underworld-markers.js,undergrounds,72,"""""",underworld_ladder,Werewolf Island Pass Exit,Werewolf Island Pass Exit,"""""",Western Isles,Werewolf Island,"{""x"":466,""y"":2631}",images/markers/Werewolf_Island_Tunnels_Exit.png,"""""","""""",""""""
js/underworld-markers.js,undergrounds,73,"""""",underworld_stairs,Lycanth Crypt Exit,Lycanth Crypt Exit,"""""",Western Isles,Lycanth Crypt,"{""x"":313,""y"":2627}",images/markers/Lycanth_Crypt_Exit.png,"""""","""""",""""""
js/underworld-markers.js,undergrounds,74,"""""",underworld_stairs,Spore Cave Level 4 Exit,Spore Cave Level 4 Exit,"""""",Western Isles,Spore Cave,"{""x"":344,""y"":2711}",images/markers/Werewolf_Cave_Level_4_Exit.png,"""""","""""",""""""
js/underworld-markers.js,undergrounds,75,"""""",underworld_stairs,Spore Cave Exit,Spore Cave Exit,"""""",Western Isles,Spore Cave,"{""x"":365,""y"":2582}",images/markers/Werewolf_Cave_Exit.png,"""""","""""",""""""
js/underworld-markers.js,undergrounds,76,"""""",underworld_stairs,Spore Cave Level 2 Entrance,Spore Cave Level 2 Entrance,"""""",Western Isles,Spore Cave,"{""x"":537,""y"":2521}",images/markers/Werewolf_Cave_Level_2_Entrance.png,"""""","""""",""""""
js/underworld-markers.js,undergrounds,77,"""""",underworld_stairs,Spore Cave Level 2 Exit,Spore Cave Level 2 Exit,"""""",Western Isles,Spore Cave,"{""x"":794,""y"":2472}",images/markers/Werewolf_Cave_Level_2_Exit.png,"""""","""""",""""""
js/underworld-markers.js,undergrounds,78,"""""",underworld_stairs,Spore Cave Level 3 Entrance,Spore Cave Level 3 Entrance,"""""",Western Isles,Spore Cave,"{""x"":625,""y"":2516}",images/markers/Werewolf_Cave_Level_3_Entrance.png,"""""","""""",""""""
js/underworld-markers.js,undergrounds,79,"""""",underworld_stairs,Spore Cave Level 3 Exit,Spore Cave Level 3 Exit,"""""",Western Isles,Spore Cave,"{""x"":1688,""y"":3014}",images/markers/Werewolf_Cave_Level_3_Exit.png,"""""","""""",""""""
js/underworld-markers.js,undergrounds,80,"""""",underworld_stairs,Spore Cave Level 3 Exit,Spore Cave Level 3 Exit,"""""",Western Isles,Spore Cave,"{""x"":1688,""y"":3014}",images/markers/Werewolf_Cave_Level_3_Exit.png,"""""","""""",""""""
js/underworld-markers.js,undergrounds,81,"""""",underworld_stairs,Spore Cave Level 4 Exit,Spore Cave Level 4 Exit,"""""",Western Isles,Spore Cave,"{""x"":1745,""y"":2902}",images/markers/Werewolf_Cave_Level_4_Exit.png,"""""","""""",""""""
js/underworld-markers.js,undergrounds,82,"""""",underworld_ladder,South Carpentry Tunnel Exit,South Carpentry Tunnel Exit,"""""",Western Isles,Spore Cave,"{""x"":2739,""y"":2212}",images/markers/South_Carpentry_Tunnel_Exit.png,"""""","""""",""""""
js/underworld-markers.js,undergrounds,83,"""""",underworld_ladder,North East Tunnel Exit,North East Tunnel Exit,"""""",Western Isles,Spore Cave,"{""x"":2758,""y"":2188}",images/markers/1_North_East_Tunnel_Exit.png,"""""","""""",""""""
js/underworld-markers.js,undergrounds,84,"""""",underworld_ladder,North East Tunnel Exit,North East Tunnel Exit,"""""",Western Isles,Spore Cave,"{""x"":2758,""y"":2178}",images/markers/2_North_East_Tunnel_Exit.png,"""""","""""",""""""
js/underworld-markers.js,undergrounds,85,"""""",underworld_ladder,North East Tunnel Exit,North East Tunnel Exit,"""""",Western Isles,Spore Cave,"{""x"":2758,""y"":2150}",images/markers/3_North_East_Tunnel_Exit.png,"""""","""""",""""""
js/underworld-markers.js,undergrounds,86,"""""",underworld_ladder,South East Tunnel Exit,South East Tunnel Exit,"""""",Western Isles,Spore Cave,"{""x"":2748,""y"":2249}",images/markers/1_South_East_Tunnel_Exit.png,"""""","""""",""""""
js/underworld-markers.js,undergrounds,87,"""""",underworld_ladder,South East Tunnel Exit,South East Tunnel Exit,"""""",Western Isles,Spore Cave,"{""x"":2738,""y"":2249}",images/markers/2_South_East_Tunnel_Exit.png,"""""","""""",""""""
js/underworld-markers.js,undergrounds,88,"""""",underworld_ladder,South East Tunnel Exit,South East Tunnel Exit,"""""",Western Isles,Spore Cave,"{""x"":2710,""y"":2227}",images/markers/3_South_East_Tunnel_Exit.png,"""""","""""",""""""
js/underworld-markers.js,undergrounds,89,"""""",underworld_ladder,South West Outpost Tunnel Exit,South West Outpost Tunnel Exit,"""""",Western Isles,Spore Cave,"{""x"":2614,""y"":2213}",images/markers/South_West_Outpost_Tunnel_Exit.png,"""""","""""",""""""
js/underworld-markers.js,undergrounds,90,"""""",underworld_stairs,Magic Shop Tunnel Exit,Magic Shop Tunnel Exit,"""""",Western Isles,Spore Cave,"{""x"":2727,""y"":2199}",images/markers/Magic_Shop_Tunnel_Exit.png,"""""","""""",""""""
js/underworld-markers.js,undergrounds,91,"""""",underworld_ladder,Pub Basement Exit,Pub Basement Exit,"""""",Western Isles,Spore Cave,"{""x"":2677,""y"":2167}",images/markers/Pub_Basement_Exit.png,"""""","""""",""""""
js/underworld-markers.js,undergrounds,92,"""""",underworld_stairs,Valmond Crypt Exit,Valmond Crypt Exit,"""""",Heartwood Coast,Valmond,"{""x"":2774,""y"":2019}",images/markers/Valmond_Crypt_Exit.png,"""""","""""",""""""
js/underworld-markers.js,undergrounds,93,"""""",underworld_ladder,Elemental Cave Exit,Elemental Cave Exit,"""""",Sands of Creation,Ruhura Island,"{""x"":333,""y"":3683}",images/markers/Elemental_Cave_Exit.png,"""""","""""",""""""
js/underworld-markers.js,undergrounds,94,"""""",underworld_ladder,Artonian Pass Ruhura Side Exit,Artonian Pass Ruhura Side Exit,"""""",Sands of Creation,Ruhura Island,"{""x"":376,""y"":3415}",images/markers/Artonian_Pass_Ruhura_Side_Exit.png,"""""","""""",""""""
js/underworld-markers.js,undergrounds,95,"""""",underworld_ladder,Artonian Pass Greater Dragon Island Side Exit,Artonian Pass Greater Dragon Island Side Exit,"""""",Sands of Creation,Ruhura Island,"{""x"":359,""y"":3495}",images/markers/Artonian_Pass_Greater_Dragon_Island_Side_Exit.png,"""""","""""",""""""
js/underworld-markers.js,undergrounds,96,"""""",underworld_ladder,Elemental Cave Exit,Elemental Cave Exit,"""""",Sands of Creation,Ruhura Island,"{""x"":382,""y"":3675}",images/markers/Elemental_Cave_Exit.png,"""""","""""",""""""
js/underworld-markers.js,undergrounds,97,"""""",underworld_ladder,Elemental Cave Exit,Elemental Cave Exit to Khafra Side,"""""",Sands of Creation,Ruhura Island,"{""x"":314,""y"":3782}",images/markers/Elemental_Cave_Exit.png,"""""","""""",""""""
js/underworld-markers.js,undergrounds,98,"""""",underworld_cave,Artonian Cave Exit,Artonian Cave Exit,"""""",Sands of Creation,Ruhura Island,"{""x"":471,""y"":3655}",images/markers/Artonian_Cave_Exit.png,"""""","""""",""""""
js/underworld-markers.js,undergrounds,99,"""""",underworld_ladder,Artonian Fort Cave Exit,Artonian Fort Cave Exit,"""""",Sands of Creation,Ruhura Island,"{""x"":519,""y"":3671}",images/markers/Artonian_Fort_Cave_Exit.png,"""""","""""",""""""
js/underworld-markers.js,undergrounds,100,002,underworld_ladder,Lupinsix's Lair Exit,Lupinsix's Lair Exit,"""""",Sands of Creation,Ruhura Island,"{""x"":1448,""y"":3958}",images/markers/Lupinsix's_Lair_Exit.png,"""""","""""",""""""
js/underworld-markers.js,undergrounds,101,"""""",underworld_stairs,Leather Shop Basement Exit,Leather Shop Basement Exit,"""""",Western Isles,Ruhura,"{""x"":370,""y"":4038}",images/markers/Leather_Shop_Basement_Exit.png,"""""","""""",""""""
js/underworld-markers.js,undergrounds,102,"""""",underworld_ladder,Elemental Cave Khafra Side Exit,Elemental Cave Khafra Side Exit,"""""",Western Isles,Ruhura,"{""x"":162,""y"":3597}",images/markers/Elemental_Cave_Khafra_Side_Exit.png,"""""","""""",""""""
js/underworld-markers.js,undergrounds,103,"""""",underworld_ladder,Elemental Cave Khafra Side Exit,Elemental Cave Khafra Side Exit,"""""",Western Isles,Ruhura,"{""x"":57,""y"":3707}",images/markers/Elemental_Cave_Khafra_Side_Exit.png,"""""","""""",""""""
js/underworld-markers.js,undergrounds,104,"""""",underworld_ladder,Cyclops and Lion Cave Exit,Cyclops and Lion Cave Exit,"""""",Western Isles,Ruhura,"{""x"":2128,""y"":1700}",images/markers/Cyclops_and_Lion_Cave_Exit.png,"""""","""""",""""""
js/labels.js,cities,0,"""""","""""",Valinor,"""""","""""",Valinor,"""""","{""x"":758,""y"":64}",images/Valinor_Island-600x.png,"""""","""""",""""""
js/labels.js,islands,2,"""""","""""",Party Island,"""""","""""",Western Isles,"""""","{""x"":420,""y"":68}",images/Party_Island.png,"""""","""""",""""""
js/labels.js,islands,4,"""""","""""",Lotor's Summer Palace,"""""","""""",Western Isles,"""""","{""x"":774,""y"":570}",images/LSP.png,"""""","""""",""""""
js/underworld-labels.js,basements,5,"""""","""""",Leather Shop Basement,"""""","""""",Sands of Creation,"""""","{""x"":375,""y"":4051}",images/underground/leather-shop-basement.png,"""""","""""",""""""
