file,group,index,id,type,title,tooltip,text,region,place,coordinates,image,switchTo,flyTo,flyToId
js/markers.js,portals,0,"""""",overworld_portal_lsp,Portal to Lotor's Summer Palace,Portal to Lotor's Summer Palace,"""""",Western Isles,Party Island,"{""x"":439,""y"":119}","""""","""""","""""",""""""
js/markers.js,portals,1,"""""",overworld_portal_lsp,Portal to Leave Valinor,Portal to Leave Valinor,"""""",Valinor,Valinor,"{""x"":775,""y"":99}","""""","""""","""""",""""""
js/markers.js,portals,2,"""""",overworld_portal_small,Portal to Arena Viewing Area,Portal to Arena Viewing Area,"""""",Valinor,Valinor,"{""x"":775,""y"":167}","""""","""""","""""",""""""
js/markers.js,portals,3,"""""",overworld_portal_lsp,Portal to Lotor's Summer Palace,Portal to Lotor's Summer Palace,"""""",Silvest Valley,Silvest,"{""x"":999,""y"":1337}","""""","""""","""""",""""""
js/markers.js,portals,4,"""""",overworld_portal_small,Portal to Lotor's Jail,Portal to Lotor's Jail,"""""",Krythan,Lotor's Castle,"{""x"":263,""y"":1181}","""""","""""","""""",""""""
js/markers.js,portals,5,"""""",overworld_portal_small,Portal to Outside Lotor's Castle,Portal to Outside Lotor's Castle,"""""",Krythan,Lotor's Castle,"{""x"":232,""y"":1161}","""""","""""","""""",""""""
js/markers.js,portals,6,"""""",overworld_portal_small,Portal to Outside Lotor's Prison,Portal to Outside Lotor's Prison,"""""",Krythan,Lotor's Castle,"{""x"":235,""y"":1150}","""""","""""","""""",""""""
js/markers.js,portals,7,"""""",overworld_portal_blue,Portal to Highlands West of Parian,Portal to Highlands West of Parian,"""""",Krythan,Krythan Fields,"{""x"":584,""y"":1496}","""""","""""","""""",""""""
js/markers.js,portals,8,"""""",overworld_portal_blue,Portal to Darkwoods North of Josody,Portal to Darkwoods North of Josody,"""""",Krythan,Krythan Fields,"{""x"":184,""y"":1465}","""""","""""","""""",""""""
js/markers.js,portals,9,"""""",overworld_portal_small,Portal to Hell,Portal to Hell,"""""",Krythan,Krythan Fields,"{""x"":472,""y"":1895}","""""","""""","""""",""""""
js/markers.js,portals,10,"""""",overworld_portal_small,Portal to Scarab Island,Portal to Scarab Island,"""""",Krythan,Krythan Fields,"{""x"":712,""y"":1752}","""""","""""","""""",""""""
js/markers.js,portals,11,"""""",overworld_portal_small,Portal to Krythan Region,Portal to Krythan Region,"""""",Western Isles,Scarab Island,"{""x"":472,""y"":2183}","""""","""""","""""",""""""
js/markers.js,portals,12,"""""",overworld_portal_blue,Portal to Krythan Island (West of New Korelth),Portal to Krythan Island (West of New Korelth),"""""",Darkwoods,Darkwoods,"{""x"":1351,""y"":2439}","""""","""""","""""",""""""
js/markers.js,portals,13,"""""",overworld_portal_lsp,Portal to Lotor's Summer Palace,Portal to Lotor's Summer Palace,"""""",Darkwoods,Josody,"{""x"":1254,""y"":2518}","""""","""""","""""",""""""
js/markers.js,portals,14,"""""",overworld_portal_blue,Portal to Highlands (Southeast of Parian),Portal to Highlands (Southeast of Parian),"""""",Darkwoods,Darkwoods,"{""x"":808,""y"":2838}","""""","""""","""""",""""""
js/markers.js,portals,15,"""""",overworld_portal_small,Portal to Mnemmon,Portal to Mnemmon,"""""",Darkwoods,Mnemmon Gaol,"{""x"":867,""y"":3417}","""""","""""","""""",""""""
js/markers.js,portals,16,"""""",overworld_portal_small,Portal to Mnemmon Gaol,Portal to Mnemmon Gaol,"""""",Darkwoods,Mnemmon,"{""x"":909,""y"":3259}","""""","""""","""""",""""""
js/markers.js,portals,17,"""""",overworld_portal_lsp,Portal to Lotor's Summer Palace,Portal to Lotor's Summer Palace,"""""",Darkwoods,Whisperdale,"{""x"":472,""y"":3481}","""""","""""","""""",""""""
js/markers.js,portals,18,"""""",overworld_portal_small,Portal to Scorched Island,Portal to Scorched Island,"""""",Battle Plains,Battle Plains,"{""x"":1600,""y"":3077}","""""","""""","""""",""""""
js/markers.js,portals,19,"""""",overworld_portal_lsp,Portal to Proudblood Valley,Portal to Proudblood Valley,"""""",Battle Plains,Battle Plains,"{""x"":2263,""y"":3705}","""""","""""","""""",""""""
js/markers.js,portals,20,"""""",overworld_portal_small,Exit Proudblood Valley,Exit Proudblood Valley,"""""",Battle Plains,Proudblood Valley,"{""x"":1963,""y"":3651}","""""","""""","""""",""""""
js/markers.js,portals,21,"""""",overworld_portal_lsp,Portal to Lotor's Summer Palace,Portal to Lotor's Summer Palace,"""""",Black Swamp,Krog,"{""x"":3110,""y"":3686}","""""","""""","""""",""""""
js/markers.js,portals,22,"""""",overworld_portal_small,Portal to Minotaur Island,Portal to Minotaur Island,"""""",Highlands,Ancient Site of Minos,"{""x"":2935,""y"":3191}","""""","""""","""""",""""""
js/markers.js,portals,23,"""""",overworld_portal_small,Portal to Southern Highlands (Northeast of Grell),Portal to Southern Highlands (Northeast of Grell),"""""",Highlands,Highlands,"{""x"":3335,""y"":2808}","""""","""""","""""",""""""
js/markers.js,portals,24,"""""",overworld_portal_small,Portal to Highlands (North of Parian),Portal to Highlands (North of Parian),"""""",Highlands,Highlands,"{""x"":3081,""y"":3548}","""""","""""","""""",""""""
js/markers.js,portals,25,"""""",overworld_portal_blue,Portal to Darkwoods (East of Redwake),Portal to Darkwoods (East of Redwake),"""""",Highlands,Highlands,"{""x"":3768,""y"":3239}","""""","""""","""""",""""""
js/markers.js,portals,26,"""""",overworld_portal_blue,Portal to Krythan Island (West of New Korelth),Portal to Krythan Island (West of New Korelth),"""""",Highlands,Highlands,"{""x"":3304,""y"":3015}","""""","""""","""""",""""""
js/markers.js,portals,27,"""""",overworld_portal_lsp,Portal to Lotor's Summer Palace,Portal to Lotor's Summer Palace,"""""",Highlands,Parian,"{""x"":3415,""y"":2919}","""""","""""","""""",""""""
js/markers.js,portals,28,"""""",overworld_portal_small,Portal to Party Island,Portal to Party Island,"""""",Western Isles,Lotor's Summer Palace,"{""x"":760,""y"":589}","""""","""""","""""",""""""
js/markers.js,portals,29,"""""",overworld_portal_small,Portal to PvP Island,Portal to PvP Island,"""""",Western Isles,Lotor's Summer Palace,"{""x"":762,""y"":645}","""""","""""","""""",""""""
js/markers.js,portals,38,"""""",overworld_portal_lsp,Portal to Lotor's Summer Palace,Portal to Lotor's Summer Palace,"""""",Krythan,Real Estate Island,"{""x"":662,""y"":731}","""""","""""","""""",""""""
js/markers.js,portals,39,"""""",overworld_portal_blue,Portal to Ancient Site of Minos,Portal to Ancient Site of Minos,"""""",Western Isles,Minotaur Island,"{""x"":136,""y"":247}","""""","""""","""""",""""""
js/markers.js,portals,40,"""""",overworld_portal_small,Portal to Battle Plains,Portal to Battle Plains,"""""",Western Isles,Scorched Island,"{""x"":630,""y"":2101}","""""","""""","""""",""""""
js/markers.js,portals,41,"""""",overworld_portal_small,Portal to Hell,Portal to Hell,"""""",Western Isles,Scorched Island,"{""x"":719,""y"":1963}","""""","""""","""""",""""""
js/markers.js,portals,42,"""""",overworld_portal_small,Portal to Lotor's Castle Jail,Portal to Lotor's Castle Jail,"""""",Western Isles,Lotor's Prison,"{""x"":1485,""y"":631}","""""","""""","""""",""""""
js/markers.js,portals,43,"""""",overworld_portal_small,Portal to Scorched Island,Portal to Scorched Island,"""""",Hell,Hell,"{""x"":1051,""y"":3288}","""""","""""","""""",""""""
js/markers.js,portals,44,"""""",overworld_portal_small,Portal to Krythan Island,Portal to Krythan Island,"""""",Hell,Hell,"{""x"":1177,""y"":3289}","""""","""""","""""",""""""
js/markers.js,portals,45,"""""",overworld_portal_lsp,Portal to Lotor's Summer Palace,Portal to Lotor's Summer Palace,"""""",Heartwood Coast,Valmond,"{""x"":2788,""y"":2135}","""""","""""","""""",""""""
js/markers.js,portals,46,"""""",overworld_portal_lsp,Portal to Lotor's Summer Palace,Portal to Northern Frost Giant Island,"""""",Tundria,Northwest Tundria,"{""x"":1688,""y"":152}","""""","""""","""""",""""""
js/markers.js,portals,47,"""""",overworld_portal_lsp,Portal to Lotor's Summer Palace,Portal to Lotor's Summer Palace,"""""",Sands of Creation,Ruhura,"{""x"":470,""y"":4037}","""""","""""","""""",""""""
js/markers.js,portals,48,"""""",overworld_portal_blue,Portal to Dragon Lair (Blue Dragons),Portal to Dragon Lair (Blue Dragons),"""""",Sands of Creation,Ruhura,"{""x"":112,""y"":3476}","""""","""""","""""",""""""
js/markers.js,portals,49,"""""",overworld_portal_lsp,Portal to Lotor's Summer Palace,Portal to Lotor's Summer Palace,"""""",Sands of Creation,Khafra,"{""x"":200,""y"":2856}","""""","""""","""""",""""""
js/markers.js,portals,50,"""""",overworld_portal_lsp,Portal to Artonian Island,Portal to Artonian Island,"""""",Sands of Creation,Khafra,"{""x"":25,""y"":3413}","""""","""""","""""",""""""
js/markers.js,portals,51,"""""",overworld_portal_lsp,Portal to Khafra,Portal to Khafra,"""""",Sands of Creation,Khafra,"{""x"":215,""y"":3385}","""""","""""","""""",""""""
js/markers.js,portals,52,"""""",overworld_portal_housing,Portal to House Realm,Portal to House Realm,"""""",Darkwoods,Josody,"{""x"":1271,""y"":2512}","""""","""""","""""",""""""
js/markers.js,portals,53,"""""",overworld_portal_housing,Portal to Housing Realm,Portal to Housing Realm,"""""",Black Swamp,Krog,"{""x"":3122,""y"":3730}","""""","""""","""""",""""""
js/markers.js,portals,54,"""""",overworld_portal_housing,Portal to Housing Realm,Portal to Housing Realm,"""""",Highlands,Parian,"{""x"":3465,""y"":3133}","""""","""""","""""",""""""
js/markers.js,portals,55,"""""",overworld_portal_housing,Portal to Housing Realm,Portal to Housing Realm,"""""",Western Isles,Lotor's Summer Palace,"{""x"":769,""y"":614}","""""","""""","""""",""""""
js/markers.js,portals,56,"""""",overworld_portal_whirlpool,Whirlpool to Obsidian Lake,Whirlpool to Obsidian Lake,"""""",Broken Finger,Obsidian Lake,"{""x"":1468,""y"":3713}","""""","""""","""""",""""""
js/markers.js,portals,57,"""""",overworld_portal_whirlpool,Whirlpool to Broken Lake,Whirlpool to Broken Lake,"""""",Broken Finger,Obsidian Lake,"{""x"":1538,""y"":3696}","""""","""""","""""",""""""
js/markers.js,portals,58,"""""",overworld_portal_whirlpool,Whirlpool to Proudblood Sound,Whirlpool to Proudblood Sound,"""""",Broken Finger,Obsidian Lake,"{""x"":1077,""y"":3533}","""""","""""","""""",""""""
js/markers.js,portals,59,"""""",overworld_portal_whirlpool,Whirlpool to Obsidian Lake,Whirlpool to Obsidian Lake,"""""",Broken Finger,Proudblood Sound,"{""x"":2310,""y"":3723}","""""","""""","""""",""""""
js/markers.js,portals,60,"""""",overworld_portal_whirlpool,Whirlpool to Lotor's Prison,Whirlpool to Lotor's Prison,"""""",Battle Plains,Chlera Bay,"{""x"":2556,""y"":3666}","""""","""""","""""",""""""
js/markers.js,portals,61,"""""",overworld_portal_whirlpool,Whirlpool to Jeel Docks,Whirlpool to Jeel Docks,"""""",Western Isles,Test Island,"{""x"":4000,""y"":4000}","""""","""""","""""",""""""
js/markers.js,portals,62,"""""",overworld_portal_whirlpool,Whirlpool to Silvest Bay,Whirlpool to Silvest Bay,"""""",Western Isles,PVP Island,"{""x"":4014,""y"":2425}","""""","""""","""""",""""""
js/markers.js,portals,63,"""""",overworld_portal_whirlpool,Whirlpool to Tundria East of Duremar,Whirlpool to Tundria East of Duremar,"""""",Western Isles,Scarab Island,"{""x"":30,""y"":2227}","""""","""""","""""",""""""
js/markers.js,portals,64,"""""",overworld_portal_whirlpool,Whirlpool to East Highlands of Death Tyrant Valley,Whirlpool to East Highlands of Death Tyrant Valley,"""""",Krythan,Silvest Valley,"{""x"":1242,""y"":1548}","""""","""""","""""",""""""
js/markers.js,portals,65,"""""",overworld_portal_whirlpool,Whirlpool to South of Test Island,Whirlpool to South of Test Island,"""""",Krythan,Guild Arena Island,"{""x"":63,""y"":847}","""""","""""","""""",""""""
js/markers.js,portals,66,"""""",overworld_portal_whirlpool,Whirlpool to Chlera Bay,Whirlpool to Chlera Bay,"""""",Krythan,Lotor's Prison,"{""x"":1471,""y"":631}","""""","""""","""""",""""""
js/markers.js,portals,67,"""""",overworld_portal_whirlpool,Whirlpool to Scarab Island,Whirlpool to Scarab Island,"""""",Tundria,Tundria,"{""x"":3998,""y"":947}","""""","""""","""""",""""""
js/markers.js,services_npcs,0,"""""",overworld_quest,Lord Trembley,Lord Trembley,"""""",Valinor,Valinor,"{""x"":760,""y"":75}","""""","""""","""""",""""""
js/markers.js,services_npcs,1,"""""",overworld_quest,Duke Randolf,Duke Randolf,"""""",Valinor,Valinor,"{""x"":751,""y"":77}","""""","""""","""""",""""""
js/markers.js,services_npcs,2,"""""",overworld_quest,Sandre (Wanders),Sandre (Wanders),"""""",Valinor,Valinor,"{""x"":769,""y"":138}","""""","""""","""""",""""""
js/markers.js,services_npcs,3,"""""",overworld_quest,Kumba Northern (Wanders),Kumba Northern (Wanders),"""""",Valinor,Valinor,"{""x"":758,""y"":136}","""""","""""","""""",""""""
js/markers.js,services_npcs,4,"""""",overworld_quest,Mary Locksley (Wanders),Mary Locksley (Wanders),"""""",Valinor,Valinor,"{""x"":773,""y"":145}","""""","""""","""""",""""""
js/markers.js,services_npcs,5,"""""",overworld_quest,Davey Logan (Wanders),Davey Logan (Wanders),"""""",Valinor,Valinor,"{""x"":746,""y"":144}","""""","""""","""""",""""""
js/markers.js,services_npcs,6,"""""",overworld_quest,Imica (Wanders),Imica (Wanders),"""""",Valinor,Valinor,"{""x"":743,""y"":136}","""""","""""","""""",""""""
js/markers.js,services_npcs,7,"""""",overworld_quest,Timothy Jager (Wanders),Timothy Jager (Wanders),"""""",Valinor,Valinor,"{""x"":733,""y"":136}","""""","""""","""""",""""""
js/markers.js,services_npcs,8,"""""",overworld_quest,Sandre (Wanders),Sandre (Wanders),"""""",Valinor,Valinor,"{""x"":749,""y"":105}","""""","""""","""""",""""""
js/markers.js,services_npcs,9,"""""",overworld_quest,Hereward (Wanders),Hereward (Wanders),"""""",Valinor,Valinor,"{""x"":765,""y"":144}","""""","""""","""""",""""""
js/markers.js,services_npcs,10,"""""",overworld_quest,Topacia (Wanders),Topacia (Wanders),"""""",Valinor,Valinor,"{""x"":771,""y"":109}","""""","""""","""""",""""""
js/markers.js,services_npcs,11,"""""",overworld_quest,Alchemist Baki,Alchemist Baki,"""""",Valinor,Valinor,"{""x"":781,""y"":115}","""""","""""","""""",""""""
js/markers.js,services_npcs,12,"""""",overworld_quest,Sarah Bent,Sarah Bent,"""""",Valinor,Valinor,"{""x"":782,""y"":120}","""""","""""","""""",""""""
js/markers.js,services_npcs,13,"""""",overworld_quest,Serina Wilcut,Serina Wilcut,"""""",Valinor,Valinor,"{""x"":782,""y"":122}","""""","""""","""""",""""""
js/markers.js,services_npcs,14,"""""",overworld_quest,Knight Bastrop,Knight Bastrop,"""""",Valinor,Valinor,"{""x"":780,""y"":124}","""""","""""","""""",""""""
js/markers.js,services_npcs,15,"""""",overworld_quest,Eustacius (Wanders),Eustacius (Wanders),"""""",Valinor,Valinor,"{""x"":786,""y"":126}","""""","""""","""""",""""""
js/markers.js,services_npcs,16,"""""",overworld_quest,Curtis Leabu (Wanders),Curtis Leabu (Wanders),"""""",Valinor,Valinor,"{""x"":787,""y"":96}","""""","""""","""""",""""""
js/markers.js,services_npcs,17,"""""",overworld_quest,Hasculf (Wanders),Hasculf (Wanders),"""""",Valinor,Valinor,"{""x"":783,""y"":94}","""""","""""","""""",""""""
js/markers.js,services_npcs,18,"""""",overworld_quest,A Young Maid (Wanders),A Young Maid (Wanders),"""""",Valinor,Valinor,"{""x"":795,""y"":157}","""""","""""","""""",""""""
js/markers.js,services_npcs,19,"""""",overworld_quest,Eastern Gate Lieutenant,Eastern Gate Lieutenant,"""""",Valinor,Valinor,"{""x"":886,""y"":137}","""""","""""","""""",""""""
js/markers.js,services_npcs,20,"""""",overworld_quest,Roger Duncan,Roger Duncan,"""""",Valinor,Valinor,"{""x"":647,""y"":180}","""""","""""","""""",""""""
js/markers.js,services_npcs,21,"""""",overworld_quest,Paula Duncan,Paula Duncan,"""""",Valinor,Valinor,"{""x"":647,""y"":188}","""""","""""","""""",""""""
js/markers.js,services_npcs,90,"""""",overworld_quest,Donkeo,Donkeo,"""""",Western Isles,Lotor's Summer Palace,"{""x"":851,""y"":727}","""""","""""","""""",""""""
js/markers.js,services_npcs,91,"""""",overworld_quest,Rodald (Wanders) - Rock Trolls Near Josody,Rodald (Wanders) - Rock Trolls Near Josody,"""""",Western Isles,Lotor's Summer Palace,"{""x"":825,""y"":676}","""""","""""","""""",""""""
js/markers.js,services_npcs,92,"""""",overworld_quest,Estiban (Wanders) - Sand Golems,Estiban (Wanders) - Sand Golems,"""""",Western Isles,Lotor's Summer Palace,"{""x"":843,""y"":698}","""""","""""","""""",""""""
js/markers.js,services_npcs,93,"""""",overworld_inn_keeper,Jeel Innkeeper,Jeel Innkeeper,"""""",Krythan,Jeel,"{""x"":301,""y"":859}","""""","""""","""""",""""""
js/markers.js,services_npcs,94,"""""",overworld_inn_keeper,Lotor's Castle Innkeeper,Lotor's Castle Innkeeper,"""""",Krythan,Lotor's Castle,"{""x"":234,""y"":1136}","""""","""""","""""",""""""
js/markers.js,services_npcs,95,"""""",overworld_inn_keeper,Vrethpool Innkeeper,Vrethpool Innkeeper,"""""",Krythan,Vrethpool,"{""x"":668,""y"":1674}","""""","""""","""""",""""""
js/markers.js,services_npcs,96,"""""",overworld_inn_keeper,Redwake Innkeeper,Redwake Innkeeper,"""""",Darkwoods,Redwake,"{""x"":457,""y"":2873}","""""","""""","""""",""""""
js/markers.js,services_npcs,97,"""""",overworld_inn_keeper,Dunmarrow Innkeeper,Dunmarrow Innkeeper,"""""",Darkwoods,Dunmarrow,"{""x"":1373,""y"":3219}","""""","""""","""""",""""""
js/markers.js,services_npcs,98,"""""",overworld_inn_keeper,Chlera Innkeeper,Chlera Innkeeper,"""""",Battle Plains,Chlera,"{""x"":2386,""y"":3598}","""""","""""","""""",""""""
js/markers.js,services_npcs,99,"""""",overworld_inn_keeper,Parian Innkeeper,Parian Innkeeper,"""""",Highlands,Parian,"{""x"":3475,""y"":3006}","""""","""""","""""",""""""
js/markers.js,services_npcs,100,"""""",overworld_inn_keeper,Ethera Palace Innkeeper,Ethera Palace Innkeeper,"""""",Highlands,Parian,"{""x"":3519,""y"":3692}","""""","""""","""""",""""""
js/markers.js,services_npcs,101,"""""",overworld_inn_keeper,Innkeeper Elros,Innkeeper Elros,"""""",Highlands,Valmond,"{""x"":2682,""y"":2186}","""""","""""","""""",""""""
js/markers.js,services_npcs,102,"""""",overworld_inn_keeper,Innkeeper Felice,Innkeeper Felice,"""""",Highlands,Valmond,"{""x"":2614,""y"":2133}","""""","""""","""""",""""""
js/markers.js,services_npcs,103,"""""",overworld_inn_keeper,Ruhura Innkeeper,Ruhura Innkeeper,"""""",Sands of Creation,Ruhura,"{""x"":343,""y"":4037}","""""","""""","""""",""""""
js/markers.js,services_npcs,104,"""""",overworld_inn_keeper,Khafra Innkeeper,Khafra Innkeeper,"""""",Sands of Creation,Khafra,"{""x"":228,""y"":2753}","""""","""""","""""",""""""
js/markers.js,services_npcs,105,"""""",overworld_inn_keeper,Roycroft Innkeeper,Roycroft Innkeeper,"""""",Breakwater,Roycroft,"{""x"":2497,""y"":2421}","""""","""""","""""",""""""
js/markers.js,services_npcs,106,"""""",overworld_inn_keeper,New Town Innkeeper,New Town Innkeeper,"""""",Breakwater,New Town,"{""x"":1958,""y"":1951}","""""","""""","""""",""""""
js/markers.js,services_npcs,107,"""""",overworld_inn_keeper,New Royale Innkeeper,New Royale Innkeeper,"""""",Breakwater,New Royale,"{""x"":1453,""y"":2015}","""""","""""","""""",""""""
js/markers.js,services_npcs,108,"""""",overworld_dock,Silvest Northern Island Dock,Silvest Northern Island Dock,"""""",Krythan,Silvest Valley,"{""x"":448,""y"":601}","""""","""""","""""",""""""
js/markers.js,services_npcs,109,"""""",overworld_dock,Fort Eastwatch Dock,Fort Eastwatch Dock,"""""",Krythan,Fort Eastwatch,"{""x"":1352,""y"":1288}","""""","""""","""""",""""""
js/markers.js,services_npcs,110,"""""",overworld_dock,Silvest Dock,Silvest Dock,"""""",Krythan,Silvest,"{""x"":1133,""y"":1472}","""""","""""","""""",""""""
js/markers.js,services_npcs,111,"""""",overworld_dock,Silvest Island Dock,Silvest Island Dock,"""""",Krythan,Silvest,"{""x"":1097,""y"":1515}","""""","""""","""""",""""""
js/markers.js,services_npcs,112,"""""",overworld_dock,Jeel Dock,Jeel Dock,"""""",Krythan,Jeel,"{""x"":265,""y"":822}","""""","""""","""""",""""""
js/markers.js,services_npcs,113,"""""",overworld_dock,Lotor's Castle Dock,Lotor's Castle Dock,"""""",Krythan,Lotor's Castle,"{""x"":211,""y"":1128}","""""","""""","""""",""""""
js/markers.js,services_npcs,114,"""""",overworld_dock,New Korelth Dock,New Korelth Dock,"""""",Krythan,New Korelth,"{""x"":430,""y"":1464}","""""","""""","""""",""""""
js/markers.js,services_npcs,115,"""""",overworld_dock,Tallem'im House Dock,Tallem'im House Dock,"""""",Krythan,Krythan Fields,"{""x"":70,""y"":1515}","""""","""""","""""",""""""
js/markers.js,services_npcs,116,"""""",overworld_dock,Karzak Cove Dock,Karzak Cove Dock,"""""",Krythan,Krythan Fields,"{""x"":1408,""y"":1097}","""""","""""","""""",""""""
js/markers.js,services_npcs,117,"""""",overworld_dock,Karzak Cove Dock,Karzak Cove Dock,"""""",Krythan,Krythan Fields,"{""x"":1372,""y"":1115}","""""","""""","""""",""""""
js/markers.js,services_npcs,118,"""""",overworld_dock,Josody Dock,Josody Dock,"""""",Darkwoods,Darkwoods,"{""x"":1406,""y"":2518}","""""","""""","""""",""""""
js/markers.js,services_npcs,119,"""""",overworld_dock,Redwake Dock,Redwake Dock,"""""",Darkwoods,Darkwoods,"{""x"":403,""y"":2868}","""""","""""","""""",""""""
js/markers.js,services_npcs,120,"""""",overworld_dock,Dragoon Dock,Dragoon Dock,"""""",Darkwoods,Darkwoods,"{""x"":403,""y"":3221}","""""","""""","""""",""""""
js/markers.js,services_npcs,121,"""""",overworld_dock,Whisperdale Dock,Whisperdale Dock,"""""",Darkwoods,Darkwoods,"{""x"":344,""y"":3491}","""""","""""","""""",""""""
js/markers.js,services_npcs,122,"""""",overworld_dock,Darkfell Dock,Darkfell Dock,"""""",Darkwoods,Darkwoods,"{""x"":912,""y"":3121}","""""","""""","""""",""""""
js/markers.js,services_npcs,123,"""""",overworld_dock,Dunmarrow Dock,Dunmarrow Dock,"""""",Darkwoods,Darkwoods,"{""x"":1364,""y"":3247}","""""","""""","""""",""""""
js/markers.js,services_npcs,124,"""""",overworld_dock,Wandering Spirit Dock,Wandering Spirit Dock,"""""",Battle Plains,Battle Plains,"{""x"":2010,""y"":2633}","""""","""""","""""",""""""
js/markers.js,services_npcs,125,"""""",overworld_dock,Chlera Dock,Chlera Dock,"""""",Battle Plains,Battle Plains,"{""x"":2488,""y"":3641}","""""","""""","""""",""""""
js/markers.js,services_npcs,126,"""""",overworld_dock,Battle Plains Dock,Battle Plains Dock,"""""",Battle Plains,Battle Plains,"{""x"":2599,""y"":3508}","""""","""""","""""",""""""
js/markers.js,services_npcs,127,"""""",overworld_dock,Maraket Dock,Maraket Dock,"""""",Battle Plains,Battle Plains,"{""x"":3109,""y"":4021}","""""","""""","""""",""""""
js/markers.js,services_npcs,128,"""""",overworld_dock,Samad Dock,Samad Dock,"""""",Black Swamp,Samad,"{""x"":2612,""y"":3513}","""""","""""","""""",""""""
js/markers.js,services_npcs,129,"""""",overworld_dock,Ethera Palace Dock,Ethera Palace Dock,"""""",Highlands,Ethera Palace,"{""x"":3597,""y"":3705}","""""","""""","""""",""""""
js/markers.js,services_npcs,130,"""""",overworld_dock,Ethera Mining Company Dock,Ethera Mining Company Dock,"""""",Highlands,Ethera Mining Company,"{""x"":3613,""y"":3645}","""""","""""","""""",""""""
js/markers.js,services_npcs,131,"""""",overworld_dock,Highlands East Dock - East of Parian,Highlands East Dock - East of Parian,"""""",Highlands,Highlands,"{""x"":3688,""y"":3158}","""""","""""","""""",""""""
js/markers.js,services_npcs,132,"""""",overworld_dock,Glamara McPlum's Dock,Glamara McPlum's Dock,"""""",Highlands,Highlands,"{""x"":3861,""y"":2581}","""""","""""","""""",""""""
js/markers.js,services_npcs,133,"""""",overworld_dock,North Highlands Dock,North Highlands Dock,"""""",Highlands,Highlands,"{""x"":3541,""y"":1582}","""""","""""","""""",""""""
js/markers.js,services_npcs,134,"""""",overworld_dock,Ettin Island Dock,Ettin Island Dock,"""""",Western Isles,Ettin Island,"{""x"":1707,""y"":1837}","""""","""""","""""",""""""
js/markers.js,services_npcs,135,"""""",overworld_dock,Palace Dock,Palace Dock,"""""",Western Isles,Lotor's Summer Palace,"{""x"":792,""y"":582}","""""","""""","""""",""""""
js/markers.js,services_npcs,136,"""""",overworld_dock,LSP Dock,LSP Dock,"""""",Western Isles,Lotor's Summer Palace,"{""x"":855,""y"":726}","""""","""""","""""",""""""
js/markers.js,services_npcs,137,"""""",overworld_dock,Valmond East Dock,Valmond East Dock,"""""",Heartwood Coast,Valmond,"{""x"":2592,""y"":2180}","""""","""""","""""",""""""
js/markers.js,services_npcs,138,"""""",overworld_dock,Valmond East Dock,Valmond East Dock,"""""",Heartwood Coast,Valmond,"{""x"":2592,""y"":2192}","""""","""""","""""",""""""
js/markers.js,services_npcs,139,"""""",overworld_dock,Valmond North Dock,Valmond North Dock,"""""",Heartwood Coast,Valmond,"{""x"":2655,""y"":2113}","""""","""""","""""",""""""
js/markers.js,services_npcs,140,"""""",overworld_dock,Valmond North Dock,Valmond North Dock,"""""",Heartwood Coast,Valmond,"{""x"":2662,""y"":2128}","""""","""""","""""",""""""
js/markers.js,services_npcs,141,"""""",overworld_dock,Valmond North Dock,Valmond North Dock,"""""",Heartwood Coast,Valmond,"{""x"":2678,""y"":2128}","""""","""""","""""",""""""
js/markers.js,services_npcs,142,"""""",overworld_dock,Teylon Dock,Teylon Dock,"""""",Heartwood Coast,Teylon,"{""x"":2423,""y"":1641}","""""","""""","""""",""""""
js/markers.js,services_npcs,143,"""""",overworld_dock,Heartwood North Dock (Northeast of Syldural),Heartwood North Dock (Northeast of Syldural),"""""",Heartwood Coast,Heartwood Coast,"{""x"":3513,""y"":1570}","""""","""""","""""",""""""
js/markers.js,services_npcs,144,"""""",overworld_dock,Duremar Dock,Duremar Dock,"""""",Tundria,Tundria,"{""x"":3726,""y"":953}","""""","""""","""""",""""""
js/markers.js,services_npcs,145,"""""",overworld_dock,Southeast Tundria Dock,Southeast Tundria Dock,"""""",Tundria,Tundria,"{""x"":3621,""y"":1331}","""""","""""","""""",""""""
js/markers.js,services_npcs,146,"""""",overworld_dock,Bridge Dock,Bridge Dock,"""""",Tundria,Tundria,"{""x"":2030,""y"":1048}","""""","""""","""""",""""""
js/markers.js,services_npcs,147,"""""",overworld_dock,Maroven North Dock,Maroven North Dock,"""""",Tundria,Maroven,"{""x"":2030,""y"":1240}","""""","""""","""""",""""""
js/markers.js,services_npcs,148,"""""",overworld_dock,Maroven Dock,Maroven Dock,"""""",Tundria,Maroven,"{""x"":1977,""y"":1266}","""""","""""","""""",""""""
js/markers.js,services_npcs,149,"""""",overworld_dock,Maroven Dock,Maroven Dock,"""""",Tundria,Maroven,"{""x"":1988,""y"":1266}","""""","""""","""""",""""""
js/markers.js,services_npcs,150,"""""",overworld_dock,Maroven Dock,Maroven Dock,"""""",Tundria,Maroven,"{""x"":1997,""y"":1280}","""""","""""","""""",""""""
js/markers.js,services_npcs,151,"""""",overworld_dock,Ruins of Osgarl Dock,Ruins of Osgarl Dock,"""""",Tundria,Ruins of Osgarl,"{""x"":2500,""y"":381}","""""","""""","""""",""""""
js/markers.js,services_npcs,152,"""""",overworld_dock,Tundria Northern Dock,Tundria Northern Dock,"""""",Tundria,Tundria Big Finger,"{""x"":1971,""y"":390}","""""","""""","""""",""""""
js/markers.js,services_npcs,153,"""""",overworld_dock,Lopal Dock,Lopal Dock,"""""",Western Isles,Scarab Island,"{""x"":344,""y"":2270}","""""","""""","""""",""""""
js/markers.js,services_npcs,154,"""""",overworld_dock,Ruhura Dock,Ruhura Dock,"""""",Sands of Creation,Ruhura,"{""x"":360,""y"":4062}","""""","""""","""""",""""""
js/markers.js,services_npcs,155,"""""",overworld_dock,Greater Dragon Island Dock,Greater Dragon Island Dock,"""""",Sands of Creation,Greater Dragon Island,"{""x"":280,""y"":3919}","""""","""""","""""",""""""
js/markers.js,services_npcs,156,"""""",overworld_dock,Khafra Fishing Outpost Dock,Khafra Fishing Outpost Dock,"""""",Sands of Creation,Khafra,"{""x"":87,""y"":2692}","""""","""""","""""",""""""
js/markers.js,services_npcs,157,"""""",overworld_dock,Khafra Dock,Khafra Dock,"""""",Sands of Creation,Khafra,"{""x"":211,""y"":2752}","""""","""""","""""",""""""
js/markers.js,services_npcs,158,"""""",overworld_dock,New Town Dock,New Town Dock,"""""",Breakwater,New Town Island,"{""x"":1974,""y"":1904}","""""","""""","""""",""""""
js/markers.js,services_npcs,159,"""""",overworld_dock,New Town Dock,New Town Dock,"""""",Breakwater,New Town Island,"{""x"":1974,""y"":1909}","""""","""""","""""",""""""
js/markers.js,services_npcs,160,"""""",overworld_dock,Undead Dwarven Dock,Undead Dwarven Dock,"""""",Breakwater,New Town Island,"{""x"":1841,""y"":1751}","""""","""""","""""",""""""
js/markers.js,services_npcs,161,"""""",overworld_dock,Deadman Island Dock,Deadman Island Dock,"""""",Breakwater,New Town Island,"{""x"":1796,""y"":1707}","""""","""""","""""",""""""
js/markers.js,services_npcs,162,"""""",overworld_dock,Roycroft North Dock,Roycroft North Dock,"""""",Breakwater,Roycroft Island,"{""x"":2516,""y"":2416}","""""","""""","""""",""""""
js/markers.js,services_npcs,163,"""""",overworld_dock,Roycroft South Dock,Roycroft South Dock,"""""",Breakwater,Roycroft Island,"{""x"":2450,""y"":2517}","""""","""""","""""",""""""
js/markers.js,services_npcs,164,"""""",overworld_dock,Roycroft South Dock,Roycroft South Dock,"""""",Breakwater,Roycroft Island,"{""x"":2459,""y"":2517}","""""","""""","""""",""""""
js/markers.js,services_npcs,165,"""""",overworld_dock,Roycroft South Dock,Roycroft South Dock,"""""",Breakwater,Roycroft Island,"{""x"":2468,""y"":2517}","""""","""""","""""",""""""
js/markers.js,services_npcs,166,"""""",overworld_dock,Pirate Raider's Dock,Pirate Raider's Dock,"""""",Breakwater,New Royale Island,"{""x"":1334,""y"":1767}","""""","""""","""""",""""""
js/markers.js,services_npcs,167,"""""",overworld_dock,New Royal North Dock,New Royal North Dock,"""""",Breakwater,New Royale Island,"{""x"":1439,""y"":1928}","""""","""""","""""",""""""
js/markers.js,services_npcs,168,"""""",overworld_dock,New Royal South Dock,New Royal South Dock,"""""",Breakwater,New Royale Island,"{""x"":1657,""y"":2301}","""""","""""","""""",""""""
js/markers.js,services_npcs,169,"""""",overworld_dock,New Royal Island South Dock,New Royal Island South Dock,"""""",Breakwater,New Royale Island,"{""x"":1299,""y"":2027}","""""","""""","""""",""""""
js/markers.js,services_npcs,170,"""""",overworld_dock,New Royal Island South Dock,Crab Island Dock,"""""",Breakwater,Crab Island,"{""x"":1058,""y"":2074}","""""","""""","""""",""""""
js/markers.js,services_npcs,171,"""""",overworld_dock,Broken Finger Town Dock,Broken Finger Town Dock,"""""",Broken Finger,Broken Finger,"{""x"":1147,""y"":3770}","""""","""""","""""",""""""
js/markers.js,services_npcs,172,"""""",overworld_dock,Broken Finger Island Dock,Broken Finger Island Dock,"""""",Broken Finger,Broken Finger,"{""x"":1427,""y"":3837}","""""","""""","""""",""""""
js/markers.js,services_npcs,177,"""""",overworld_information_npc,Sage Haritod,Sage Haritod,"""""",Valinor,Valinor,"{""x"":758,""y"":100}","""""","""""","""""",""""""
js/markers.js,services_npcs,181,"""""",overworld_information_npc,Fallen Warriors Memorial,Fallen Warriors Memorial,"""""",Western Isles,Lotor's Summer Palace,"{""x"":737,""y"":592}","""""","""""","""""",""""""
js/markers.js,services_npcs,182,"""""",overworld_information_npc,Memorial to the Lost Sons,Memorial to the Lost Sons,"""""",Western Isles,Lotor's Summer Palace,"{""x"":716,""y"":603}","""""","""""","""""",""""""
js/markers.js,services_npcs,183,"""""",overworld_information_npc,Brain Smith Memorial,Brain Smith Memorial,"""""",Western Isles,Lotor's Summer Palace,"{""x"":762,""y"":709}","""""","""""","""""",""""""
js/markers.js,services_npcs,186,"""""",overworld_information_npc,Grim Demonhunter,Grim Demonhunter,"""""",Krythan,Vrethpool,"{""x"":648,""y"":1710}","""""","""""","""""",""""""
js/markers.js,services_npcs,187,"""""",overworld_information_npc,The Utopia Shard,The Utopia Shard,"""""",Darkwoods,Darkwoods,"{""x"":1193,""y"":2904}","""""","""""","""""",""""""
js/markers.js,services_npcs,204,"""""",overworld_town_wizard_of_insight,Town Wizard of Insight,Town Wizard of Insight (Josody),"""""",Darkwoods,Josody,"{""x"":1352,""y"":2516}","""""","""""","""""",""""""
js/markers.js,services_npcs,205,"""""",overworld_town_wizard_of_insight,Town Wizard of Insight,Town Wizard of Insight (Gulley),"""""",Darkwoods,Gulley,"{""x"":1110,""y"":2791}","""""","""""","""""",""""""
js/markers.js,services_npcs,206,"""""",overworld_town_wizard_of_insight,Town Wizard of Insight,Town Wizard of Insight (Dunmarrow),"""""",Darkwoods,Dunmarrow,"{""x"":1344,""y"":3200}","""""","""""","""""",""""""
js/markers.js,services_npcs,207,"""""",overworld_town_wizard_of_insight,Town Wizard of Insight,Town Wizard of Insight (Chlera),"""""",Battle Plains,Chlera,"{""x"":2383,""y"":3574}","""""","""""","""""",""""""
js/markers.js,services_npcs,208,"""""",overworld_town_wizard_of_insight,Town Wizard of Insight,Town Wizard of Insight (Chlera),"""""",Battle Plains,Chlera,"{""x"":2179,""y"":3203}","""""","""""","""""",""""""
js/markers.js,services_npcs,209,"""""",overworld_town_wizard_of_insight,Town Wizard of Insight,Town Wizard of Insight (Dawat),"""""",Highlands,Dawat,"{""x"":3075,""y"":3384}","""""","""""","""""",""""""
js/markers.js,services_npcs,210,"""""",overworld_town_wizard_of_insight,Town Wizard of Insight,Town Wizard of Insight (Arda),"""""",Highlands,Arda,"{""x"":3419,""y"":3475}","""""","""""","""""",""""""
js/markers.js,services_npcs,211,"""""",overworld_town_wizard_of_insight,Town Wizard of Insight,Town Wizard of Insight (Ethera Palace),"""""",Highlands,Ethera Palace,"{""x"":3543,""y"":3696}","""""","""""","""""",""""""
js/markers.js,services_npcs,212,"""""",overworld_game_of_chance,Malson's Demon's Eye Game,Malson's Demon's Eye Game,"""""",Western Isles,Lotor's Summer Palace,"{""x"":839,""y"":730}","""""","""""","""""",""""""
js/markers.js,services_npcs,213,"""""",overworld_game_of_chance,Jairn's Demon Eye Game (Wanders),Jairn's Demon Eye Game (Wanders),"""""",Battle Plains,Chlera,"{""x"":2405,""y"":3585}","""""","""""","""""",""""""
js/markers.js,services_npcs,214,"""""",overworld_game_of_chance,Trinde's Demon Eye Game,Trinde's Demon Eye Game,"""""",Krythan,Parian,"{""x"":3516,""y"":3041}","""""","""""","""""",""""""
js/markers.js,services_npcs,215,"""""",overworld_game_of_chance,Baldrus's Demon Eye Game,Baldrus's Demon Eye Game (Wanders),"""""",Krythan,Parian,"{""x"":3478,""y"":3015}","""""","""""","""""",""""""
js/markers.js,services_npcs,216,"""""",overworld_game_of_chance,Moponi's Demon Eye Game,Moponi's Demon Eye Game (Wanders),"""""",Sand of Creation,Ruhura,"{""x"":399,""y"":4033}","""""","""""","""""",""""""
js/markers.js,services_npcs,217,"""""",overworld_game_of_chance,Lopal Demon Eye,Lopal Demon Eye,"""""",Western Isles,Scarab Island,"{""x"":422,""y"":2198}","""""","""""","""""",""""""
js/markers.js,services_npcs,218,"""""",overworld_event_ticket,Armsmaster,Armsmaster (The Guantlet Challenge),"""""",Western Isles,Lotor's Summer Palace,"{""x"":3470,""y"":3077}","""""","""""","""""",""""""
js/markers.js,services_npcs,219,"""""",overworld_event_judge,Fishing Event Judge,Fishing Event Judge,"""""",Western Isles,Lotor's Summer Palace,"{""x"":794,""y"":622}","""""","""""","""""",""""""
js/markers.js,services_npcs,220,"""""",overworld_event_judge,Mining Event Judge,Mining Event Judge,"""""",Western Isles,Lotor's Summer Palace,"{""x"":815,""y"":709}","""""","""""","""""",""""""
js/markers.js,services_npcs,221,"""""",overworld_obelisk,Obelisk Island Obelisk,Obelisk Island Obelisk,"""""",Western Isles,Obelisk Island,"{""x"":2108,""y"":2733}","""""","""""","""""",""""""
js/markers.js,services_npcs,222,"""""",overworld_obelisk,Hell Rune Spire,Hell Rune Spire,"""""",Hell,Hell,"{""x"":1032,""y"":3482}","""""","""""","""""",""""""
js/markers.js,services_npcs,223,"""""",overworld_obelisk,Northwest Tundria Obelisk,Northwest Tundria Obelisk,"""""",Tundria,Northwest Tundria,"{""x"":1638,""y"":120}","""""","""""","""""",""""""
js/markers.js,services_npcs,224,"""""",overworld_obelisk,Hammerfist Obelisk,Hammerfist Obelisk,"""""",Tundria,Tundria,"{""x"":2959,""y"":989}","""""","""""","""""",""""""
js/markers.js,services_npcs,225,"""""",overworld_obelisk,Hammerfist Obelisk,Tundria Rune Spire,"""""",Tundria,West of Trapdoor to Hammerfist,"{""x"":2966,""y"":648}","""""","""""","""""",""""""
js/markers.js,services_npcs,226,"""""",overworld_altar,Evil Altar,Evil Altar,"""""",Western Isles,Hell,"{""x"":1004,""y"":3322}","""""","""""","""""",""""""
js/markers.js,services_npcs,227,"""""",overworld_bank,Bank,Bank,"""""",Valinor,Valinor,"{""x"":743,""y"":99}","""""","""""","""""",""""""
js/markers.js,services_npcs,228,"""""",overworld_bank,Bank,Bank,"""""",Western Isles,Lotor's Summer Palace,"{""x"":840,""y"":680}","""""","""""","""""",""""""
js/markers.js,services_npcs,229,"""""",overworld_bank,Bank,Bank,"""""",Krythan,Hothbra,"{""x"":530,""y"":1067}","""""","""""","""""",""""""
js/markers.js,services_npcs,230,"""""",overworld_bank,Bank,Bank,"""""",Krythan,Jeel,"{""x"":281,""y"":870}","""""","""""","""""",""""""
js/markers.js,services_npcs,231,"""""",overworld_bank,Bank,Bank,"""""",Krythan,Lotor's Castle,"{""x"":262,""y"":1152}","""""","""""","""""",""""""
js/markers.js,services_npcs,232,"""""",overworld_bank,Bank,Bank,"""""",Silvest Valley,Fort Eastwatch,"{""x"":1349,""y"":1302}","""""","""""","""""",""""""
js/markers.js,services_npcs,233,"""""",overworld_bank,Bank,Bank,"""""",Silvest Valley,Silvest,"{""x"":1097,""y"":1374}","""""","""""","""""",""""""
js/markers.js,services_npcs,234,"""""",overworld_bank,Bank,Bank,"""""",Krythan,Cliffside,"{""x"":1058,""y"":1154}","""""","""""","""""",""""""
js/markers.js,services_npcs,235,"""""",overworld_bank,Bank,Bank,"""""",Krythan,Varg,"{""x"":803,""y"":1176}","""""","""""","""""",""""""
js/markers.js,services_npcs,236,"""""",overworld_bank,Bank,Bank,"""""",Krythan,Vrethpool,"{""x"":672,""y"":1701}","""""","""""","""""",""""""
js/markers.js,services_npcs,237,"""""",overworld_bank,Josody Bank,Bank,"""""",Darkwoods,Josody,"{""x"":1303,""y"":2509}","""""","""""","""""",""""""
js/markers.js,services_npcs,238,"""""",overworld_bank,Gulley Bank,Bank,"""""",Darkwoods,Gulley,"{""x"":1103,""y"":2774}","""""","""""","""""",""""""
js/markers.js,services_npcs,239,"""""",overworld_bank,Redwake Bank,Drax's Bank,"""""",Darkwoods,Redwake,"{""x"":444,""y"":2873}","""""","""""","""""",""""""
js/markers.js,services_npcs,240,"""""",overworld_bank,Darkfell Bank,Bank,"""""",Darkwoods,Darkfell,"{""x"":884,""y"":3079}","""""","""""","""""",""""""
js/markers.js,services_npcs,241,"""""",overworld_bank,Dunmarrow Bank,Bank,"""""",Darkwoods,Dunmarrow,"{""x"":1402,""y"":3201}","""""","""""","""""",""""""
js/markers.js,services_npcs,242,"""""",overworld_bank,Dunmarrow Bank,Wythwyvn's Bank,"""""",Darkwoods,Dunmarrow,"{""x"":1394,""y"":3208}","""""","""""","""""",""""""
js/markers.js,services_npcs,243,"""""",overworld_bank,Autumn Bank,Kezvorik's Bank,"""""",Darkwoods,Autumn,"{""x"":604,""y"":3420}","""""","""""","""""",""""""
js/markers.js,services_npcs,244,"""""",overworld_bank,Whisperdale Bank,Bank,"""""",Darkwoods,Whisperdale,"{""x"":381,""y"":3433}","""""","""""","""""",""""""
js/markers.js,services_npcs,245,"""""",overworld_bank,Bank,Bank,"""""",Battle Plains,Chlera,"{""x"":2391,""y"":3567}","""""","""""","""""",""""""
js/markers.js,services_npcs,246,"""""",overworld_bank,Bank,Bank,"""""",Battle Plains,Desprail,"{""x"":2204,""y"":3194}","""""","""""","""""",""""""
js/markers.js,services_npcs,247,"""""",overworld_bank,Feraxid's Bank,Feraxid's Bank,"""""",Battle Plains,Desprail,"{""x"":2205,""y"":3180}","""""","""""","""""",""""""
js/markers.js,services_npcs,248,"""""",overworld_bank,Bank,Bank,"""""",Black Swamp,Maraket,"{""x"":3076,""y"":4007}","""""","""""","""""",""""""
js/markers.js,services_npcs,249,"""""",overworld_bank,Bank,Bank,"""""",Black Swamp,Samad,"{""x"":2641,""y"":3517}","""""","""""","""""",""""""
js/markers.js,services_npcs,250,"""""",overworld_bank,Bank,Bank,"""""",Black Swamp,Dawat,"{""x"":3093,""y"":3377}","""""","""""","""""",""""""
js/markers.js,services_npcs,251,"""""",overworld_bank,North Bank,North Bank,"""""",Highlands,Parian,"{""x"":3441,""y"":2957}","""""","""""","""""",""""""
js/markers.js,services_npcs,252,"""""",overworld_bank,East Bank,East Bank,"""""",Highlands,Parian,"{""x"":3497,""y"":3025}","""""","""""","""""",""""""
js/markers.js,services_npcs,253,"""""",overworld_bank,South Bank,South Bank,"""""",Highlands,Parian,"{""x"":3451,""y"":3073}","""""","""""","""""",""""""
js/markers.js,services_npcs,254,"""""",overworld_bank,Bank,Bank,"""""",Highlands,Arda,"{""x"":3392,""y"":3494}","""""","""""","""""",""""""
js/markers.js,services_npcs,255,"""""",overworld_bank,Bank,Bank,"""""",Highlands,Ethera Palace,"{""x"":3518,""y"":3709}","""""","""""","""""",""""""
js/markers.js,services_npcs,256,"""""",overworld_bank,Bank,Bank,"""""",Western Isles,Scarab Island,"{""x"":418,""y"":2219}","""""","""""","""""",""""""
js/markers.js,services_npcs,257,"""""",overworld_bank,Bank,Bank,"""""",Heartwood Coast,Valmond,"{""x"":2713,""y"":2203}","""""","""""","""""",""""""
js/markers.js,services_npcs,258,"""""",overworld_bank,Bank,Bank,"""""",Heartwood Coast,Valmond,"{""x"":2639,""y"":2170}","""""","""""","""""",""""""
js/markers.js,services_npcs,259,"""""",overworld_bank,Bank,Bank,"""""",Sands of Creation,Ruhura,"{""x"":386,""y"":4014}","""""","""""","""""",""""""
js/markers.js,services_npcs,260,"""""",overworld_bank,Bank,Bank,"""""",Sands of Creation,Khafra,"{""x"":237,""y"":2809}","""""","""""","""""",""""""
js/markers.js,services_npcs,261,"""""",overworld_bank,Bank,Bank,"""""",Breakwater,Roycroft,"{""x"":2460,""y"":2438}","""""","""""","""""",""""""
js/markers.js,services_npcs,262,"""""",overworld_bank,Bank,Bank,"""""",Breakwater,Roycroft,"{""x"":1923,""y"":1944}","""""","""""","""""",""""""
js/markers.js,services_npcs,263,"""""",overworld_trainer,Cooking Trainers,Cooking Trainers,"""""",Valinor,Valinor,"{""x"":753,""y"":104}","""""","""""","""""",""""""
js/markers.js,services_npcs,264,"""""",overworld_trainer,Visdel,Visdel,"""""",Valinor,Valinor,"{""x"":753,""y"":106}","""""","""""","""""",""""""
js/markers.js,services_npcs,265,"""""",overworld_trainer,Leatherworking Trainer,Leatherworking Trainer,"""""",Valinor,Valinor,"{""x"":753,""y"":108}","""""","""""","""""",""""""
js/markers.js,services_npcs,266,"""""",overworld_trainer,Dalembert,Dalembert,"""""",Valinor,Valinor,"{""x"":753,""y"":110}","""""","""""","""""",""""""
js/markers.js,services_npcs,267,"""""",overworld_trainer,Blacksmith Trainer,Blacksmith Trainer,"""""",Valinor,Valinor,"{""x"":753,""y"":112}","""""","""""","""""",""""""
js/markers.js,services_npcs,268,"""""",overworld_trainer,Zach Trainer,Zach,"""""",Valinor,Valinor,"{""x"":753,""y"":114}","""""","""""","""""",""""""
js/markers.js,services_npcs,269,"""""",overworld_trainer,Carpentry Trainer,Carpentry Trainer,"""""",Valinor,Valinor,"{""x"":753,""y"":116}","""""","""""","""""",""""""
js/markers.js,services_npcs,270,"""""",overworld_trainer,Aylesha Trainer,Aylesha,"""""",Valinor,Valinor,"{""x"":753,""y"":118}","""""","""""","""""",""""""
js/markers.js,services_npcs,271,"""""",overworld_trainer,Thrown Weapons Trainers,Thrown Weapons Trainers,"""""",Valinor,Valinor,"{""x"":766,""y"":103}","""""","""""","""""",""""""
js/markers.js,services_npcs,272,"""""",overworld_trainer,Large Blades Trainer,Large Blades Trainer,"""""",Valinor,Valinor,"{""x"":766,""y"":105}","""""","""""","""""",""""""
js/markers.js,services_npcs,273,"""""",overworld_trainer,Small Blades Trainer,Small Blades Trainer,"""""",Valinor,Valinor,"{""x"":766,""y"":107}","""""","""""","""""",""""""
js/markers.js,services_npcs,274,"""""",overworld_trainer,Archery Trainer,Archery Trainer,"""""",Valinor,Valinor,"{""x"":766,""y"":109}","""""","""""","""""",""""""
js/markers.js,services_npcs,275,"""""",overworld_trainer,Crossbow Trainer,Crossbow Trainer,"""""",Valinor,Valinor,"{""x"":766,""y"":111}","""""","""""","""""",""""""
js/markers.js,services_npcs,276,"""""",overworld_trainer,Axe Trainer,Axe Trainer,"""""",Valinor,Valinor,"{""x"":766,""y"":113}","""""","""""","""""",""""""
js/markers.js,services_npcs,277,"""""",overworld_trainer,Polearms Trainer,Polearms Trainer,"""""",Valinor,Valinor,"{""x"":766,""y"":115}","""""","""""","""""",""""""
js/markers.js,services_npcs,278,"""""",overworld_trainer,Blunt Weapon Trainer,Blunt Weapon Trainer,"""""",Valinor,Valinor,"{""x"":766,""y"":117}","""""","""""","""""",""""""
js/markers.js,services_npcs,279,"""""",overworld_trainer,Warrior Apprentice,Warrior Apprentice (Wanders),"""""",Valinor,Valinor,"{""x"":760,""y"":114}","""""","""""","""""",""""""
js/markers.js,services_npcs,280,"""""",overworld_trainer,Leadership Trainers,Leadership Trainers,"""""",Valinor,Valinor,"{""x"":763,""y"":121}","""""","""""","""""",""""""
js/markers.js,services_npcs,281,"""""",overworld_trainer,Tailoring Trainer,Tailoring Trainer,"""""",Valinor,Valinor,"{""x"":736,""y"":108}","""""","""""","""""",""""""
js/markers.js,services_npcs,282,"""""",overworld_trainer,Farming Trainer,Farming Trainer,"""""",Valinor,Valinor,"{""x"":772,""y"":114}","""""","""""","""""",""""""
js/markers.js,services_npcs,283,"""""",overworld_trainer,Ralnaka (Farming Information),Ralnaka (Farming Information),"""""",Valinor,Valinor,"{""x"":769,""y"":114}","""""","""""","""""",""""""
js/markers.js,services_npcs,284,"""""",overworld_trainer,Valinor Orb Reset,Valinor Orb Reset,"""""",Valinor,Valinor,"{""x"":717,""y"":99}","""""","""""","""""",""""""
js/markers.js,services_npcs,285,"""""",overworld_trainer,Island Steward,Island Steward,"""""",Valinor,Valinor,"{""x"":777,""y"":102}","""""","""""","""""",""""""
js/markers.js,services_npcs,286,"""""",overworld_trainer,Osalka Farming Expert (Wanders),Osalka Farming Expert (Wanders),"""""",Valinor,Valinor,"{""x"":779,""y"":174}","""""","""""","""""",""""""
js/markers.js,services_npcs,287,"""""",overworld_trainer,Lotor's Steward,Lotor's Steward,"""""",Krythan,Lotor's Castle,"{""x"":244,""y"":1129}","""""","""""","""""",""""""
js/markers.js,services_npcs,288,"""""",overworld_trainer,Champion of Lotor,Champion of Lotor,"""""",Krythan,Lotor's Castle,"{""x"":246,""y"":1123}","""""","""""","""""",""""""
js/markers.js,services_npcs,289,"""""",overworld_trainer,Laurel the Royal Cartographer,Laurel the Royal Cartographer,"""""",Krythan,Lotor's Castle,"{""x"":240,""y"":1134}","""""","""""","""""",""""""
js/markers.js,services_npcs,290,"""""",overworld_trainer,Lotorian Knight,Lotorian Knight,"""""",Krythan,Lotor's Castle,"{""x"":239,""y"":1140}","""""","""""","""""",""""""
js/markers.js,services_npcs,291,"""""",overworld_trainer,Henchman Trainer,Henchman Trainer,"""""",Western Isles,Lotor's Summer Palace,"{""x"":838,""y"":706}","""""","""""","""""",""""""
js/markers.js,services_npcs,292,"""""",overworld_trainer,Real Estate Agent,Real Estate Agent,"""""",Western Isles,Lotor's Summer Palace,"{""x"":769,""y"":617}","""""","""""","""""",""""""
js/markers.js,services_npcs,293,"""""",overworld_trainer,Lotorian Faction Officer,Lotorian Faction Officer,"""""",Western Isles,Lotor's Summer Palace,"{""x"":780,""y"":608}","""""","""""","""""",""""""
js/markers.js,services_npcs,294,"""""",overworld_trainer,Champion of Lotor,Champion of Lotor,"""""",Western Isles,Lotor's Summer Palace,"{""x"":783,""y"":600}","""""","""""","""""",""""""
js/markers.js,services_npcs,295,"""""",overworld_trainer,Advanced Skill Trainer,Advanced Skill Trainer,"""""",Western Isles,Lotor's Summer Palace,"{""x"":788,""y"":600}","""""","""""","""""",""""""
js/markers.js,services_npcs,296,"""""",overworld_trainer,Lotor's Steward,Lotor's Steward,"""""",Western Isles,Lotor's Summer Palace,"{""x"":770,""y"":609}","""""","""""","""""",""""""
js/markers.js,services_npcs,297,"""""",overworld_trainer,Alchemy Taskmaster,Alchemy Taskmaster,"""""",Western Isles,Lotor's Summer Palace,"{""x"":761,""y"":682}","""""","""""","""""",""""""
js/markers.js,services_npcs,298,"""""",overworld_trainer,Brewing Taskmaster,Brewing Taskmaster,"""""",Western Isles,Lotor's Summer Palace,"{""x"":846,""y"":732}","""""","""""","""""",""""""
js/markers.js,services_npcs,299,"""""",overworld_trainer,Carpentry Taskmaster,Carpentry Taskmaster,"""""",Western Isles,Lotor's Summer Palace,"{""x"":856,""y"":716}","""""","""""","""""",""""""
js/markers.js,services_npcs,300,"""""",overworld_trainer,Neutral Faction Officer,Neutral Faction Officer,"""""",Western Isles,Lotor's Summer Palace,"{""x"":834,""y"":732}","""""","""""","""""",""""""
js/markers.js,services_npcs,301,"""""",overworld_trainer,Farming Taskmaster,Farming Taskmaster,"""""",Western Isles,Lotor's Summer Palace,"{""x"":862,""y"":705}","""""","""""","""""",""""""
js/markers.js,services_npcs,302,"""""",overworld_trainer,Familiar Trainer,Familiar Trainer,"""""",Darkwoods,Redwake,"{""x"":451,""y"":2873}","""""","""""","""""",""""""
js/markers.js,services_npcs,303,"""""",overworld_trainer,Henchman Trainer,Henchman Trainer,"""""",Darkwoods,Redwake,"{""x"":430,""y"":2866}","""""","""""","""""",""""""
js/markers.js,services_npcs,304,"""""",overworld_trainer,Lotorian Knight,Lotorian Knight,"""""",Darkwoods,Whisperdale,"{""x"":402,""y"":3429}","""""","""""","""""",""""""
js/markers.js,services_npcs,305,"""""",overworld_trainer,Carpentry Taskmaster,Carpentry Taskmaster,"""""",Western Isles,Scarab Island,"{""x"":405,""y"":2197}","""""","""""","""""",""""""
js/markers.js,services_npcs,306,"""""",overworld_trainer,Farming Taskmaster,Farming Taskmaster,"""""",Western Isles,Scarab Island,"{""x"":393,""y"":2197}","""""","""""","""""",""""""
js/markers.js,services_npcs,307,"""""",overworld_trainer,Tailoring Taskmaster,Tailoring Taskmaster,"""""",Western Isles,Scarab Island,"{""x"":408,""y"":2211}","""""","""""","""""",""""""
js/markers.js,services_npcs,308,"""""",overworld_trainer,Brewing Taskmaster,Brewing Taskmaster,"""""",Western Isles,Scarab Island,"{""x"":401,""y"":2226}","""""","""""","""""",""""""
js/markers.js,services_npcs,309,"""""",overworld_trainer,Blacksmith Taskmaster,Blacksmith Taskmaster,"""""",Western Isles,Scarab Island,"{""x"":378,""y"":2214}","""""","""""","""""",""""""
js/markers.js,services_npcs,310,"""""",overworld_trainer,Leatherworking Taskmaster,Leatherworking Taskmaster,"""""",Western Isles,Scarab Island,"{""x"":360,""y"":2208}","""""","""""","""""",""""""
js/markers.js,services_npcs,311,"""""",overworld_trainer,Alchemy Taskmaster,Alchemy Taskmaster,"""""",Western Isles,Scarab Island,"{""x"":379,""y"":2235}","""""","""""","""""",""""""
js/markers.js,services_npcs,312,"""""",overworld_trainer,Dransik Trading Mercenary,Dransik Trading Mercenary,"""""",Breakwater,Roycroft,"{""x"":2477,""y"":2439}","""""","""""","""""",""""""
js/markers.js,services_npcs,313,"""""",overworld_trainer,Dransik Trading Mercenary,Dransik Trading Mercenary,"""""",Breakwater,Roycroft,"{""x"":1898,""y"":1950}","""""","""""","""""",""""""
js/markers.js,shops,0,"""""",overworld_shop_pub,Dalgo's Tavern,Dalgo's Tavern,"""""",Western Isles,Party Island,"{""x"":437,""y"":86}","""""","""""","""""",""""""
js/markers.js,shops,1,"""""",overworld_shop_pub,Larodeth Lywelyn's Pub and Grub Tavern,Larodeth Lywelyn's Pub and Grub Tavern,"""""",Valinor,Valinor,"{""x"":748,""y"":115}","""""","""""","""""",""""""
js/markers.js,shops,2,"""""",overworld_shop_weaponry,Micheal Vonda's Weaponry Shop,Micheal Vonda's Weaponry Shop,"""""",Valinor,Valinor,"{""x"":737,""y"":119}","""""","""""","""""",""""""
js/markers.js,shops,3,"""""",overworld_shop_armory,Thomas Blackstone's Armory Shop,Thomas Blackstone's Armory Shop,"""""",Valinor,Valinor,"{""x"":732,""y"":124}","""""","""""","""""",""""""
js/markers.js,shops,4,"""""",overworld_shop_provisioner,Whiliam Rosen's Provisioner Shop,Whiliam Rosen's Provisioner Shop,"""""",Valinor,Valinor,"{""x"":734,""y"":115}","""""","""""","""""",""""""
js/markers.js,shops,5,"""""",overworld_shop_provisioner,Leon Elias's Provisioner Shop,Leon Elias's Provisioner Shop,"""""",Valinor,Valinor,"{""x"":771,""y"":119}","""""","""""","""""",""""""
js/markers.js,shops,6,"""""",overworld_shop_magic,Cladius Zamilus's Magic Shop,Cladius Zamilus's Magic Shop,"""""",Valinor,Valinor,"{""x"":783,""y"":114}","""""","""""","""""",""""""
js/markers.js,shops,7,"""""",overworld_shop_carpentry,Linus Houson's Carpentry Store,Linus Houson's Carpentry Store,"""""",Valinor,Valinor,"{""x"":750,""y"":150}","""""","""""","""""",""""""
js/markers.js,shops,8,"""""",overworld_shop_blacksmith,Kerry Thomas' Blacksmith Shop ,Kerry Thomas' Blacksmith Shop ,"""""",Valinor,Valinor,"{""x"":750,""y"":151}","""""","""""","""""",""""""
js/markers.js,shops,9,"""""",overworld_shop_leather,Tina Florence's Leather Shop,Tina Florence's Leather Shop,"""""",Valinor,Valinor,"{""x"":750,""y"":152}","""""","""""","""""",""""""
js/markers.js,shops,10,"""""",overworld_shop_pub,Folger's Pub,Folger's Pub,"""""",Silvest Valley,Silvest,"{""x"":1065,""y"":1170}","""""","""""","""""",""""""
js/markers.js,shops,11,"""""",overworld_shop_provisioner,Stedwyck's Provisioner Shop,Stedwyck's Provisioner Shop,"""""",Silvest Valley,Silvest,"{""x"":1065,""y"":1156}","""""","""""","""""",""""""
js/markers.js,shops,12,"""""",overworld_shop_leather,Glover's Leather Shop,Glover's Leather Shop,"""""",Silvest Valley,Silvest,"{""x"":1084,""y"":1173}","""""","""""","""""",""""""
js/markers.js,shops,13,"""""",overworld_shop_carpentry,Peake's Carpentry Shop,Peake's Carpentry Shop,"""""",Silvest Valley,Silvest,"{""x"":1075,""y"":1180}","""""","""""","""""",""""""
js/markers.js,shops,14,"""""",overworld_shop_weaponry,Docale's Pub,Bertwald's Weaponry Shop,"""""",Silvest Valley,Silvest,"{""x"":1137,""y"":1370}","""""","""""","""""",""""""
js/markers.js,shops,15,"""""",overworld_shop_armory,Docale's Pub,Oswyn's Armory Shop,"""""",Silvest Valley,Silvest,"{""x"":1119,""y"":1381}","""""","""""","""""",""""""
js/markers.js,shops,16,"""""",overworld_shop_blacksmith,Docale's Pub,Eadwyn's Blacksmith Shop,"""""",Silvest Valley,Silvest,"{""x"":1116,""y"":1390}","""""","""""","""""",""""""
js/markers.js,shops,17,"""""",overworld_shop_pub,Docale's Pub,Cearl's Pub,"""""",Silvest Valley,Silvest,"{""x"":1093,""y"":1386}","""""","""""","""""",""""""
js/markers.js,shops,18,"""""",overworld_shop_farming,Bunker's Farming Shop,Bunker's Farming Shop,"""""",Silvest Valley,Silvest,"{""x"":1079,""y"":1380}","""""","""""","""""",""""""
js/markers.js,shops,19,"""""",overworld_shop_leather,Vessik's Leather Shop,Vessik's Leather Shop,"""""",Silvest Valley,Silvest,"{""x"":1087,""y"":1359}","""""","""""","""""",""""""
js/markers.js,shops,20,"""""",overworld_shop_carpentry,Bunden's Carpentry Shop,Bunden's Carpentry Shop,"""""",Silvest Valley,Silvest,"{""x"":1091,""y"":1356}","""""","""""","""""",""""""
js/markers.js,shops,21,"""""",overworld_shop_magic,Thyrdwulf's Magic Shop,Thyrdwulf's Magic Shop,"""""",Silvest Valley,Silvest,"{""x"":1101,""y"":1359}","""""","""""","""""",""""""
js/markers.js,shops,22,"""""",overworld_shop_provisioner,Coenred's Provisioner Shop,Coenred's Provisioner Shop,"""""",Silvest Valley,Silvest,"{""x"":1118,""y"":1362}","""""","""""","""""",""""""
js/markers.js,shops,23,"""""",overworld_shop_weaponry,Sgt. Stykler's Weaponry Shop,Sgt. Stykler's Weaponry Shop,"""""",Silvest Valley,Fort Eastwatch,"{""x"":1356,""y"":1299}","""""","""""","""""",""""""
js/markers.js,shops,24,"""""",overworld_shop_armory,Sgt. Brayce's Armory Shop,Sgt. Brayce's Armory Shop,"""""",Silvest Valley,Fort Eastwatch,"{""x"":1356,""y"":1308}","""""","""""","""""",""""""
js/markers.js,shops,25,"""""",overworld_shop_armory,Keppler's Provisioner Shop,Keppler's Provisioner Shop,"""""",Silvest Valley,Fort Eastwatch,"{""x"":1337,""y"":1298}","""""","""""","""""",""""""
js/markers.js,shops,26,"""""",overworld_shop_pub,Timison's Pub,Timison's Pub,"""""",Silvest Valley,Fort Eastwatch,"{""x"":1341,""y"":1309}","""""","""""","""""",""""""
js/markers.js,shops,27,"""""",overworld_shop_carpentry,Caedmon's Capenter Shop,Caedmon's Capenter Shop,"""""",Krythan,Jeel,"{""x"":330,""y"":847}","""""","""""","""""",""""""
js/markers.js,shops,28,"""""",overworld_shop_magic,Candor's Magic Shop,Candor's Magic Shop,"""""",Krythan,Jeel,"{""x"":314,""y"":830}","""""","""""","""""",""""""
js/markers.js,shops,30,"""""",overworld_shop_blacksmith,Aelli's Blacksmith Shop,Aelli's Blacksmith Shop,"""""",Krythan,Jeel,"{""x"":300,""y"":836}","""""","""""","""""",""""""
js/markers.js,shops,31,"""""",overworld_shop_provisioner,Merchant's Provisioner Shop,Merchant's Provisioner Shop,"""""",Krythan,Jeel,"{""x"":298,""y"":836}","""""","""""","""""",""""""
js/markers.js,shops,32,"""""",overworld_shop_pub,Terry O'Doul's Pub,Terry O'Doul's Pub,"""""",Krythan,Jeel,"{""x"":292,""y"":842}","""""","""""","""""",""""""
js/markers.js,shops,33,"""""",overworld_shop_shipyard,Locket Kirchkin's Ship Yard,Locket Kirchkin's Ship Yard,"""""",Krythan,Jeel,"{""x"":276,""y"":821}","""""","""""","""""",""""""
js/markers.js,shops,34,"""""",overworld_shop_leather,Archos' Leather Shop,Archos' Leather Shop,"""""",Krythan,Jeel,"{""x"":262,""y"":847}","""""","""""","""""",""""""
js/markers.js,shops,35,"""""",overworld_shop_provisioner,Tondbert's Provisioner Shop,Tondbert's Provisioner Shop,"""""",Krythan,Jeel,"{""x"":263,""y"":873}","""""","""""","""""",""""""
js/markers.js,shops,36,"""""",overworld_shop_farming,Osuald's Farming Shop,Osuald's Farming Shop,"""""",Krythan,Jeel,"{""x"":242,""y"":883}","""""","""""","""""",""""""
js/markers.js,shops,37,"""""",overworld_shop_pub,Brewmaster Idmun's Pub,Brewmaster Idmun's Pub,"""""",Krythan,Lotor's Castle,"{""x"":253,""y"":1133}","""""","""""","""""",""""""
js/markers.js,shops,38,"""""",overworld_shop_magic,Hlothere's Magic Shop,Hlothere's Magic Shop,"""""",Krythan,Lotor's Castle,"{""x"":257,""y"":1137}","""""","""""","""""",""""""
js/markers.js,shops,39,"""""",overworld_shop_scrolls,Flannig Scroll Shop,Flannig Scroll Shop,"""""",Krythan,Lotor's Castle,"{""x"":253,""y"":1138}","""""","""""","""""",""""""
js/markers.js,shops,40,"""""",overworld_shop_generic,VIP Store,Lotor's Castle VIP Store,"""""",Krythan,Lotor's Castle,"{""x"":253,""y"":1140}","""""","""""","""""",""""""
js/markers.js,shops,41,"""""",overworld_shop_jewelry,Ricardo Sardi's Jewelry Shop,Ricardo Sardi's Jewelry Shop,"""""",Krythan,Lotor's Castle,"{""x"":258,""y"":1139}","""""","""""","""""",""""""
js/markers.js,shops,42,"""""",overworld_shop_weaponry,Hale's Weaponry Shop,Hale's Weaponry Shop,"""""",Krythan,Lotor's Castle,"{""x"":255,""y"":1156}","""""","""""","""""",""""""
js/markers.js,shops,43,"""""",overworld_shop_armory,Bercthun's Armory Shop,Bercthun's Armory Shop,"""""",Krythan,Lotor's Castle,"{""x"":253,""y"":1156}","""""","""""","""""",""""""
js/markers.js,shops,44,"""""",overworld_shop_blacksmith,Swidhelm's Blacksmith Shop,Swidhelm's Blacksmith Shop,"""""",Krythan,Lotor's Castle,"{""x"":262,""y"":1155}","""""","""""","""""",""""""
js/markers.js,shops,45,"""""",overworld_shop_farming,Merchant's Farm Shop,Merchant's Farm Shop,"""""",Krythan,Lotor's Castle,"{""x"":213,""y"":1146}","""""","""""","""""",""""""
js/markers.js,shops,46,"""""",overworld_shop_magic,Raegenhere's Magic Shop,Raegenhere's Magic Shop,"""""",Krythan,Hothbra,"{""x"":519,""y"":1068}","""""","""""","""""",""""""
js/markers.js,shops,47,"""""",overworld_shop_pub,Cudbert's Pub,Cudbert's Pub,"""""",Krythan,Hothbra,"{""x"":505,""y"":1064}","""""","""""","""""",""""""
js/markers.js,shops,48,"""""",overworld_shop_weaponry,Darbin's Weaponry Shop,Darbin's Weaponry Shop,"""""",Krythan,Hothbra,"{""x"":506,""y"":1095}","""""","""""","""""",""""""
js/markers.js,shops,49,"""""",overworld_shop_blacksmith,Darbinson's Blacksmith Shop,Darbinson's Blacksmith Shop,"""""",Krythan,Hothbra,"{""x"":510,""y"":1093}","""""","""""","""""",""""""
js/markers.js,shops,50,"""""",overworld_shop_carpentry,Kedecia's Carpentry Shop,Kedecia's Carpentry Shop,"""""",Krythan,Hothbra,"{""x"":516,""y"":1086}","""""","""""","""""",""""""
js/markers.js,shops,51,"""""",overworld_shop_provisioner,Valetrem's Provisioner Shop,Valetrem's Provisioner Shop,"""""",Krythan,Hothbra,"{""x"":521,""y"":1091}","""""","""""","""""",""""""
js/markers.js,shops,52,"""""",overworld_shop_provisioner,Kevin Larcon's Provisioner Shop,Kevin Larcon's Provisioner Shop,"""""",Krythan,Vrethpool,"{""x"":650,""y"":1676}","""""","""""","""""",""""""
js/markers.js,shops,53,"""""",overworld_shop_pub,Aedelred's Pub,Aedelred's Pub,"""""",Krythan,Vrethpool,"{""x"":678,""y"":1681}","""""","""""","""""",""""""
js/markers.js,shops,54,"""""",overworld_shop_armory,David's Armory Shop,David's Armory Shop,"""""",Krythan,Vrethpool,"{""x"":689,""y"":1682}","""""","""""","""""",""""""
js/markers.js,shops,55,"""""",overworld_shop_blacksmith,Dubois' Blacksmith Shop,Dubois' Blacksmith Shop,"""""",Krythan,Vrethpool,"{""x"":684,""y"":1680}","""""","""""","""""",""""""
js/markers.js,shops,56,"""""",overworld_shop_weaponry,Andhun's Weaponry Shop,Andhun's Weaponry Shop,"""""",Krythan,Vrethpool,"{""x"":691,""y"":1698}","""""","""""","""""",""""""
js/markers.js,shops,57,"""""",overworld_shop_evil_trinket,Gallos' Evil Trinket Shop,Gallos' Evil Trinket Shop,"""""",Krythan,Vrethpool,"{""x"":651,""y"":1706}","""""","""""","""""",""""""
js/markers.js,shops,58,"""""",overworld_shop_magic,Rygor's Magic Shop,Rygor's Magic Shop,"""""",Krythan,Vrethpool,"{""x"":683,""y"":1705}","""""","""""","""""",""""""
js/markers.js,shops,59,"""""",overworld_shop_magic,Aedelwald's Magic Shop,Aedelwald's Magic Shop,"""""",Krythan,Varg,"{""x"":779,""y"":1194}","""""","""""","""""",""""""
js/markers.js,shops,60,"""""",overworld_shop_provisioner,Aedelwald's Magic Shop,Trondhere's Provisioner Shop,"""""",Krythan,Varg,"{""x"":774,""y"":1194}","""""","""""","""""",""""""
js/markers.js,shops,61,"""""",overworld_shop_pub,Egbert's Pub,Egbert's Pub,"""""",Krythan,Varg,"{""x"":773,""y"":1173}","""""","""""","""""",""""""
js/markers.js,shops,62,"""""",overworld_shop_leather,Tegwienol's Leather Shop,Tegwienol's Leather Shop,"""""",Darkwoods,Josody,"{""x"":1306,""y"":2544}","""""","""""","""""",""""""
js/markers.js,shops,63,"""""",overworld_shop_carpentry,Zaliquon's Carpentry Shop,Zaliquon's Carpentry Shop,"""""",Darkwoods,Josody,"{""x"":1310,""y"":2539}","""""","""""","""""",""""""
js/markers.js,shops,64,"""""",overworld_shop_farming,Quender's Farming Shop,Quender's Farming Shop,"""""",Darkwoods,Josody,"{""x"":1329,""y"":2543}","""""","""""","""""",""""""
js/markers.js,shops,65,"""""",overworld_shop_provisioner,Margret Dawson's Provisioner Shop,Margret Dawson's Provisioner Shop,"""""",Darkwoods,Josody,"{""x"":1321,""y"":2526}","""""","""""","""""",""""""
js/markers.js,shops,66,"""""",overworld_shop_blacksmith,Kezwyx's Blacksmith Shop,Kezwyx's Blacksmith Shop,"""""",Darkwoods,Josody,"{""x"":1370,""y"":2525}","""""","""""","""""",""""""
js/markers.js,shops,67,"""""",overworld_shop_weaponry,Shyvly's Weaponry Shop,Shyvly's Weaponry Shop,"""""",Darkwoods,Josody,"{""x"":1367,""y"":2529}","""""","""""","""""",""""""
js/markers.js,shops,68,"""""",overworld_shop_weaponry,Malivar's Weaponry Shop,Malivar's Weaponry Shop,"""""",Darkwoods,Josody,"{""x"":1368,""y"":2529}","""""","""""","""""",""""""
js/markers.js,shops,69,"""""",overworld_shop_armory,Darzig's Armory Shop,Darzig's Armory Shop,"""""",Darkwoods,Josody,"{""x"":1365,""y"":2504}","""""","""""","""""",""""""
js/markers.js,shops,70,"""""",overworld_shop_shipyard,Gilron Argas's Shipyard,Gilron Argas's Shipyard,"""""",Darkwoods,Josody,"{""x"":1386,""y"":2510}","""""","""""","""""",""""""
js/markers.js,shops,71,"""""",overworld_shop_magic,Zavoril's Magic Shop,Zavoril's Magic Shop,"""""",Darkwoods,Josody,"{""x"":1389,""y"":2534}","""""","""""","""""",""""""
js/markers.js,shops,72,"""""",overworld_shop_scrolls,Rugue's Scroll Shop,Rugue's Scroll Shop,"""""",Darkwoods,Josody,"{""x"":1387,""y"":2534}","""""","""""","""""",""""""
js/markers.js,shops,73,"""""",overworld_shop_pub,Nilswin's Cooking Shop,Nilswin's Cooking Shop,"""""",Darkwoods,Josody,"{""x"":1352,""y"":2544}","""""","""""","""""",""""""
js/markers.js,shops,74,"""""",overworld_shop_pub,Garcon's Cooking Shop,Garcon's Cooking Shop,"""""",Darkwoods,Josody,"{""x"":1350,""y"":2544}","""""","""""","""""",""""""
js/markers.js,shops,75,"""""",overworld_shop_leather,Vyserin's Leather Shop,Vyserin's Leather Shop,"""""",Darkwoods,Gulley,"{""x"":1097,""y"":2796}","""""","""""","""""",""""""
js/markers.js,shops,76,"""""",overworld_shop_carpentry,Dryzid's Carpentry Shop,Dryzid's Carpentry Shop,"""""",Darkwoods,Gulley,"{""x"":1093,""y"":2783}","""""","""""","""""",""""""
js/markers.js,shops,77,"""""",overworld_shop_provisioner,Yrmina's Provisioner Shop,Yrmina's Provisioner Shop,"""""",Darkwoods,Gulley,"{""x"":1103,""y"":2786}","""""","""""","""""",""""""
js/markers.js,shops,78,"""""",overworld_shop_farming,Erkal's Farming Shop,Erkal's Farming Shop,"""""",Darkwoods,Gulley,"{""x"":1114,""y"":2784}","""""","""""","""""",""""""
js/markers.js,shops,79,"""""",overworld_shop_pub,Nadar's Pub,Nadar's Pub,"""""",Darkwoods,Gulley,"{""x"":1115,""y"":2760}","""""","""""","""""",""""""
js/markers.js,shops,80,"""""",overworld_shop_magic,Xulimar's Magic Shop,Xulimar's Magic Shop,"""""",Darkwoods,Gulley,"{""x"":1105,""y"":2766}","""""","""""","""""",""""""
js/markers.js,shops,81,"""""",overworld_shop_generic,VIP Store,VIP Store,"""""",Darkwoods,Redwake,"{""x"":458,""y"":2870}","""""","""""","""""",""""""
js/markers.js,shops,82,"""""",overworld_shop_pub,Melanea's Pub,Melanea's Pub,"""""",Darkwoods,Redwake,"{""x"":463,""y"":2874}","""""","""""","""""",""""""
js/markers.js,shops,83,"""""",overworld_shop_magic,Ezleth's Magic Shop,Ezleth's Magic Shop,"""""",Darkwoods,Redwake,"{""x"":467,""y"":2884}","""""","""""","""""",""""""
js/markers.js,shops,84,"""""",overworld_shop_armory,Galimar the Armorer Shop,Galimar the Armorer Shop,"""""",Darkwoods,Redwake,"{""x"":471,""y"":2879}","""""","""""","""""",""""""
js/markers.js,shops,85,"""""",overworld_shop_weaponry,Weaponmaster Yazivir's Weaponry Shop,Weaponmaster Yazivir's Weaponry Shop,"""""",Darkwoods,Redwake,"{""x"":476,""y"":2879}","""""","""""","""""",""""""
js/markers.js,shops,86,"""""",overworld_shop_blacksmith,Padwick's Blacksmith Shop,Padwick's Blacksmith Shop,"""""",Darkwoods,Redwake,"{""x"":469,""y"":2862}","""""","""""","""""",""""""
js/markers.js,shops,87,"""""",overworld_shop_leather,Relimar's Leather Shop,Relimar's Leather Shop,"""""",Darkwoods,Redwake,"{""x"":469,""y"":2854}","""""","""""","""""",""""""
js/markers.js,shops,88,"""""",overworld_shop_carpentry,Somicar's Carpentry Shop,Somicar's Carpentry Shop,"""""",Darkwoods,Redwake,"{""x"":441,""y"":2854}","""""","""""","""""",""""""
js/markers.js,shops,89,"""""",overworld_shop_provisioner,Tezryk's Provisioner Shop,Tezryk's Provisioner Shop,"""""",Darkwoods,Redwake,"{""x"":441,""y"":2865}","""""","""""","""""",""""""
js/markers.js,shops,90,"""""",overworld_shop_shipyard,Mosan's Shipyard,Mosan's Shipyard,"""""",Darkwoods,Redwake,"{""x"":418,""y"":2867}","""""","""""","""""",""""""
js/markers.js,shops,91,"""""",overworld_shop_farming,Garzug's Farming Shop,Garzug's Farming Shop,"""""",Darkwoods,Redwake,"{""x"":456,""y"":2841}","""""","""""","""""",""""""
js/markers.js,shops,92,"""""",overworld_shop_jewelry,Constance Roak's Jewelry Shop,Constance Roak's Jewelry Shop,"""""",Darkwoods,Redwake,"{""x"":470,""y"":2841}","""""","""""","""""",""""""
js/markers.js,shops,93,"""""",overworld_shop_pub,Corewyr's Pub,Corewyr's Pub,"""""",Darkwoods,Darkfell,"{""x"":893,""y"":3079}","""""","""""","""""",""""""
js/markers.js,shops,94,"""""",overworld_shop_jewelry,Willis Dargi's Jewelry Shop,Willis Dargi's Jewelry Shop,"""""",Darkwoods,Darkfell,"{""x"":895,""y"":3073}","""""","""""","""""",""""""
js/markers.js,shops,95,"""""",overworld_shop_provisioner,Ereisa's Provisioner Shop,Ereisa's Provisioner Shop,"""""",Darkwoods,Darkfell,"{""x"":903,""y"":3081}","""""","""""","""""",""""""
js/markers.js,shops,96,"""""",overworld_shop_provisioner,Driejar's Provisioner Shop,Driejar's Provisioner Shop,"""""",Darkwoods,Darkfell,"{""x"":909,""y"":3081}","""""","""""","""""",""""""
js/markers.js,shops,97,"""""",overworld_shop_carpentry,Tiras' Carpentry Shop,Tiras' Carpentry Shop,"""""",Darkwoods,Darkfell,"{""x"":890,""y"":3093}","""""","""""","""""",""""""
js/markers.js,shops,98,"""""",overworld_shop_weaponry,Eralid's Weaponry Shop,Eralid's Weaponry Shop,"""""",Darkwoods,Darkfell,"{""x"":906,""y"":3090}","""""","""""","""""",""""""
js/markers.js,shops,99,"""""",overworld_shop_armory,Galaeth's Armory Shop,Galaeth's Armory Shop,"""""",Darkwoods,Darkfell,"{""x"":901,""y"":3099}","""""","""""","""""",""""""
js/markers.js,shops,100,"""""",overworld_shop_blacksmith,Rhiram's Blacksmith Shop,Rhiram's Blacksmith Shop,"""""",Darkwoods,Darkfell,"{""x"":906,""y"":3096}","""""","""""","""""",""""""
js/markers.js,shops,101,"""""",overworld_shop_leather,Ederaron's Leather Shop,Ederaron's Leather Shop,"""""",Darkwoods,Darkfell,"{""x"":919,""y"":3091}","""""","""""","""""",""""""
js/markers.js,shops,102,"""""",overworld_shop_jewelry,Aeal Unlope's Jewelry Shop,Aeal Unlope's Jewelry Shop,"""""",Darkwoods,Darkfell,"{""x"":898,""y"":3119}","""""","""""","""""",""""""
js/markers.js,shops,103,"""""",overworld_shop_carpentry,Elvryn's Carpentery Shop,Elvryn's Carpentery Shop,"""""",Darkwoods,Dunmarrow,"{""x"":1354,""y"":3193}","""""","""""","""""",""""""
js/markers.js,shops,104,"""""",overworld_shop_leather,Lominar's Taxidermy Shop,Lominar's Taxidermy Shop,"""""",Darkwoods,Dunmarrow,"{""x"":1351,""y"":3200}","""""","""""","""""",""""""
js/markers.js,shops,105,"""""",overworld_shop_shipyard,Calidor Reitmsa's Ship Yard,Calidor Reitmsa's Ship Yard,"""""",Darkwoods,Dunmarrow,"{""x"":1362,""y"":3228}","""""","""""","""""",""""""
js/markers.js,shops,106,"""""",overworld_shop_pub,Charyne's Tavern,Charyne's Tavern,"""""",Darkwoods,Dunmarrow,"{""x"":1377,""y"":3224}","""""","""""","""""",""""""
js/markers.js,shops,107,"""""",overworld_shop_pub,Charyne's Tavern,Charyne's Tavern,"""""",Darkwoods,Dunmarrow,"{""x"":1377,""y"":3224}","""""","""""","""""",""""""
js/markers.js,shops,108,"""""",overworld_shop_provisioner,Keile Joargo's Provisioner Shop,Keile Joargo's Provisioner Shop,"""""",Darkwoods,Dunmarrow,"{""x"":1391,""y"":3232}","""""","""""","""""",""""""
js/markers.js,shops,109,"""""",overworld_shop_weaponry,Xulfax's Weaponry Shop,Xulfax's Weaponry Shop,"""""",Darkwoods,Dunmarrow,"{""x"":1391,""y"":3220}","""""","""""","""""",""""""
js/markers.js,shops,110,"""""",overworld_shop_armory,Hertzel's Armory Shop,Hertzel's Armory Shop,"""""",Darkwoods,Dunmarrow,"{""x"":1391,""y"":3210}","""""","""""","""""",""""""
js/markers.js,shops,111,"""""",overworld_shop_blacksmith,Calonar's Blacksmith Shop,Calonar's Blacksmith Shop,"""""",Darkwoods,Dunmarrow,"{""x"":1400,""y"":3211}","""""","""""","""""",""""""
js/markers.js,shops,112,"""""",overworld_shop_magic,Saldizor's Magic Shop,Saldizor's Magic Shop,"""""",Darkwoods,Dunmarrow,"{""x"":1412,""y"":3183}","""""","""""","""""",""""""
js/markers.js,shops,113,"""""",overworld_shop_weaponry,Xatak's Weaponry Shop,Xatak's Weaponry Shop,"""""",Darkwoods,Whisperdale,"{""x"":578,""y"":3395}","""""","""""","""""",""""""
js/markers.js,shops,114,"""""",overworld_shop_leather,Narzil's Leather Shop,Narzil's Leather Shop,"""""",Darkwoods,Whisperdale,"{""x"":578,""y"":3417}","""""","""""","""""",""""""
js/markers.js,shops,115,"""""",overworld_shop_provisioner,Varyana's Provisioner Shop,Varyana's Provisioner Shop,"""""",Darkwoods,Whisperdale,"{""x"":583,""y"":3420}","""""","""""","""""",""""""
js/markers.js,shops,116,"""""",overworld_shop_pub,Sylvax's Pub,Sylvax's Pub,"""""",Darkwoods,Whisperdale,"{""x"":588,""y"":3416}","""""","""""","""""",""""""
js/markers.js,shops,117,"""""",overworld_shop_magic,Malkoron's Magic Shop,Malkoron's Magic Shop,"""""",Darkwoods,Whisperdale,"{""x"":601,""y"":3396}","""""","""""","""""",""""""
js/markers.js,shops,118,"""""",overworld_shop_jewelry,Larcie Nightwind's Jewelry Shop,Larcie Nightwind's Jewelry Shop,"""""",Darkwoods,Whisperdale,"{""x"":599,""y"":3396}","""""","""""","""""",""""""
js/markers.js,shops,119,"""""",overworld_shop_carpentry,Dolbrax's Carpentry Shop,Dolbrax's Carpentry Shop,"""""",Darkwoods,Whisperdale,"{""x"":592,""y"":3394}","""""","""""","""""",""""""
js/markers.js,shops,120,"""""",overworld_shop_leather,Alaven's Leather Shop,Alaven's Leather Shop,"""""",Darkwoods,Lord Vezryl's Estate,"{""x"":545,""y"":3176}","""""","""""","""""",""""""
js/markers.js,shops,121,"""""",overworld_shop_pub,Golgaste's Kitchen,Golgaste's Kitchen,"""""",Darkwoods,Lord Vezryl's Estate,"{""x"":551,""y"":3163}","""""","""""","""""",""""""
js/markers.js,shops,122,"""""",overworld_shop_leather,Vornath's Leather Shop,Vornath's Leather Shop,"""""",Darkwoods,Whisperdale,"{""x"":392,""y"":3474}","""""","""""","""""",""""""
js/markers.js,shops,123,"""""",overworld_shop_carpentry,Quizlin's Carpentry Shop,Quizlin's Carpentry Shop,"""""",Darkwoods,Whisperdale,"{""x"":381,""y"":3477}","""""","""""","""""",""""""
js/markers.js,shops,124,"""""",overworld_shop_pub,Belokk's Tavern,Belokk's Tavern,"""""",Darkwoods,Whisperdale,"{""x"":377,""y"":3450}","""""","""""","""""",""""""
js/markers.js,shops,125,"""""",overworld_shop_farming,Pharyd's Farming Shop,Pharyd's Farming Shop,"""""",Darkwoods,Whisperdale,"{""x"":366,""y"":3456}","""""","""""","""""",""""""
js/markers.js,shops,126,"""""",overworld_shop_provisioner,Kazagar's Provisioner Shop,Kazagar's Provisioner Shop,"""""",Darkwoods,Whisperdale,"{""x"":378,""y"":3439}","""""","""""","""""",""""""
js/markers.js,shops,127,"""""",overworld_shop_magic,Gidrax's Magic Shop,Gidrax's Magic Shop,"""""",Darkwoods,Whisperdale,"{""x"":403,""y"":3435}","""""","""""","""""",""""""
js/markers.js,shops,128,"""""",overworld_shop_blacksmith,Adalar's Blacksmith Shop,Adalar's Blacksmith Shop,"""""",Darkwoods,Whisperdale,"{""x"":405,""y"":3448}","""""","""""","""""",""""""
js/markers.js,shops,129,"""""",overworld_shop_armory,Igrik's Armory Shop,Igrik's Armory Shop,"""""",Darkwoods,Whisperdale,"{""x"":393,""y"":3444}","""""","""""","""""",""""""
js/markers.js,shops,130,"""""",overworld_shop_weaponry,Gantagor's Weaponry Shop,Gantagor's Weaponry Shop,"""""",Darkwoods,Whisperdale,"{""x"":393,""y"":3450}","""""","""""","""""",""""""
js/markers.js,shops,131,"""""",overworld_shop_jewelry,Dalores Farkai's Jewelry Shop,Dalores Farkai's Jewelry Shop,"""""",Darkwoods,Whisperdale,"{""x"":339,""y"":3476}","""""","""""","""""",""""""
js/markers.js,shops,132,"""""",overworld_shop_shipyard,Manet's Shipyard,Manet's Shipyard,"""""",Darkwoods,Whisperdale,"{""x"":339,""y"":3479}","""""","""""","""""",""""""
js/markers.js,shops,133,"""""",overworld_shop_generic,Lady Vezryl's Alliance Shop,Lady Vezryl's Alliance Shop,"""""",Darkwoods,Whisperdale,"{""x"":402,""y"":3426}","""""","""""","""""",""""""
js/markers.js,shops,134,"""""",overworld_shop_scrolls,Mordani's Scroll Shop,Mordani's Scroll Shop,"""""",Darkwoods,Whisperdale,"{""x"":438,""y"":3428}","""""","""""","""""",""""""
js/markers.js,shops,135,"""""",overworld_shop_weaponry,Emelio's Weaponry Shop,Emelio's Weaponry Shop,"""""",Battle Plains,Chlera,"{""x"":2371,""y"":3563}","""""","""""","""""",""""""
js/markers.js,shops,136,"""""",overworld_shop_blacksmith,Varnak's Blacksmith Shop,Varnak's Blacksmith Shop,"""""",Battle Plains,Chlera,"{""x"":2370,""y"":3576}","""""","""""","""""",""""""
js/markers.js,shops,137,"""""",overworld_shop_magic,Ulric's Magic Shop,Ulric's Magic Shop,"""""",Battle Plains,Chlera,"{""x"":2389,""y"":3588}","""""","""""","""""",""""""
js/markers.js,shops,138,"""""",overworld_shop_pub,David's Pub,David's Pub,"""""",Battle Plains,Chlera,"{""x"":2402,""y"":3592}","""""","""""","""""",""""""
js/markers.js,shops,139,"""""",overworld_shop_provisioner,Zalman's Provisioner Shop,Zalman's Provisioner Shop,"""""",Battle Plains,Chlera,"{""x"":2415,""y"":3587}","""""","""""","""""",""""""
js/markers.js,shops,140,"""""",overworld_shop_armory,Maximillian's Armory Shop,Maximillian's Armory Shop,"""""",Battle Plains,Chlera,"{""x"":2432,""y"":3595}","""""","""""","""""",""""""
js/markers.js,shops,141,"""""",overworld_shop_blacksmith,Duras' Blacksmith Shop,Duras' Blacksmith Shop,"""""",Battle Plains,Chlera,"{""x"":2437,""y"":3606}","""""","""""","""""",""""""
js/markers.js,shops,142,"""""",overworld_shop_leather,Viona's Leather Shop,Viona's Leather Shop,"""""",Battle Plains,Chlera,"{""x"":2371,""y"":3626}","""""","""""","""""",""""""
js/markers.js,shops,143,"""""",overworld_shop_leather,Shagrat's Carpentry Shop,Shagrat's Carpentry Shop,"""""",Battle Plains,Chlera,"{""x"":2377,""y"":3622}","""""","""""","""""",""""""
js/markers.js,shops,144,"""""",overworld_shop_farming,Laci's Farming Shop,Laci's Farming Shop,"""""",Battle Plains,Chlera,"{""x"":2407,""y"":3615}","""""","""""","""""",""""""
js/markers.js,shops,145,"""""",overworld_shop_leather,Dera's Leather Shop,Dera's Leather Shop,"""""",Battle Plains,Desprail,"{""x"":2186,""y"":3230}","""""","""""","""""",""""""
js/markers.js,shops,146,"""""",overworld_shop_armory,Rigan's Armory Shop,Rigan's Armory Shop,"""""",Battle Plains,Desprail,"{""x"":2177,""y"":3197}","""""","""""","""""",""""""
js/markers.js,shops,147,"""""",overworld_shop_provisioner,Yisean's Provisioner Shop,Yisean's Provisioner Shop,"""""",Battle Plains,Desprail,"{""x"":2211,""y"":3195}","""""","""""","""""",""""""
js/markers.js,shops,148,"""""",overworld_shop_carpentry,Domas' Carpentry Shop,Domas' Carpentry Shop,"""""",Battle Plains,Desprail,"{""x"":2230,""y"":3185}","""""","""""","""""",""""""
js/markers.js,shops,149,"""""",overworld_shop_farming,Diadra's Farming Shop,Diadra's Farming Shop,"""""",Battle Plains,Desprail,"{""x"":2236,""y"":3185}","""""","""""","""""",""""""
js/markers.js,shops,150,"""""",overworld_shop_blacksmith,Nydymond's Blacksmith Shop,Nydymond's Blacksmith Shop,"""""",Battle Plains,Desprail,"{""x"":2236,""y"":3199}","""""","""""","""""",""""""
js/markers.js,shops,151,"""""",overworld_shop_weaponry,Nafur's Weaponry Shop,Nafur's Weaponry Shop,"""""",Battle Plains,Desprail,"{""x"":2231,""y"":3207}","""""","""""","""""",""""""
js/markers.js,shops,152,"""""",overworld_shop_magic,Droawan's Magic Shop,Droawan's Magic Shop,"""""",Battle Plains,Desprail,"{""x"":2228,""y"":3202}","""""","""""","""""",""""""
js/markers.js,shops,153,"""""",overworld_shop_armory,Batuk's Armory Shop,Batuk's Armory Shop,"""""",Black Swamp,Krog,"{""x"":3143,""y"":3752}","""""","""""","""""",""""""
js/markers.js,shops,154,"""""",overworld_shop_leather,Gorn's Leather Shop,Gorn's Leather Shop,"""""",Black Swamp,Krog,"{""x"":3162,""y"":3753}","""""","""""","""""",""""""
js/markers.js,shops,155,"""""",overworld_shop_farming,Vrriga's Farming Shop,Vrriga's Farming Shop,"""""",Black Swamp,Krog,"{""x"":3145,""y"":3781}","""""","""""","""""",""""""
js/markers.js,shops,156,"""""",overworld_shop_magic,Savu's Magic Shop,Savu's Magic Shop,"""""",Black Swamp,Krog,"{""x"":3121,""y"":3768}","""""","""""","""""",""""""
js/markers.js,shops,157,"""""",overworld_shop_magic,Fragak's Weaponry Shop,Fragak's Weaponry Shop,"""""",Black Swamp,Krog,"{""x"":3121,""y"":3768}","""""","""""","""""",""""""
js/markers.js,shops,158,"""""",overworld_shop_weaponry,Fragak's Weaponry Shop,Fragak's Weaponry Shop,"""""",Black Swamp,Krog,"{""x"":3129,""y"":3784}","""""","""""","""""",""""""
js/markers.js,shops,159,"""""",overworld_shop_jewelry,Mongo Rark's Jewelry Shop,Mongo Rark's Jewelry Shop,"""""",Black Swamp,Krog,"{""x"":3135,""y"":3780}","""""","""""","""""",""""""
js/markers.js,shops,160,"""""",overworld_shop_armory,Kronav's Armory Shop,Kronav's Armory Shop,"""""",Black Swamp,Krog,"{""x"":3122,""y"":3792}","""""","""""","""""",""""""
js/markers.js,shops,161,"""""",overworld_shop_pub,Kornak's Pub,Kornak's Pub,"""""",Black Swamp,Krog,"{""x"":3116,""y"":3805}","""""","""""","""""",""""""
js/markers.js,shops,162,"""""",overworld_shop_provisioner,Drakan's Provisioner Shop,Drakan's Provisioner Shop,"""""",Black Swamp,Krog,"{""x"":3092,""y"":3789}","""""","""""","""""",""""""
js/markers.js,shops,163,"""""",overworld_shop_carpentry,Jarra's Carpentry Shop,Jarra's Carpentry Shop,"""""",Black Swamp,Krog,"{""x"":3081,""y"":3785}","""""","""""","""""",""""""
js/markers.js,shops,164,"""""",overworld_shop_scrolls,Riqa's Scroll Shop,Riqa's Scroll Shop,"""""",Black Swamp,Krog,"{""x"":3095,""y"":3804}","""""","""""","""""",""""""
js/markers.js,shops,165,"""""",overworld_shop_generic,Lady of Krog's Alliance Shop,Lady of Krog's Alliance Shop,"""""",Black Swamp,Krog,"{""x"":3074,""y"":3762}","""""","""""","""""",""""""
js/markers.js,shops,166,"""""",overworld_shop_magic,Tanak's Magic Shop,Tanak's Magic Shop,"""""",Black Swamp,Maraket,"{""x"":3082,""y"":4006}","""""","""""","""""",""""""
js/markers.js,shops,167,"""""",overworld_shop_shipyard,Beldran's Shipyard,Beldran's Shipyard,"""""",Black Swamp,Maraket,"{""x"":3090,""y"":4020}","""""","""""","""""",""""""
js/markers.js,shops,168,"""""",overworld_shop_armory,Jezral's Armory Shop,Jezral's Armory Shop,"""""",Black Swamp,Maraket,"{""x"":3070,""y"":4023}","""""","""""","""""",""""""
js/markers.js,shops,169,"""""",overworld_shop_blacksmith,Verdax's Blacksmith Shop,Verdax's Blacksmith Shop,"""""",Black Swamp,Maraket,"{""x"":3070,""y"":4025}","""""","""""","""""",""""""
js/markers.js,shops,170,"""""",overworld_shop_weaponry,Moortok's Weaponry Shop,Moortok's Weaponry Shop,"""""",Black Swamp,Maraket,"{""x"":3058,""y"":4016}","""""","""""","""""",""""""
js/markers.js,shops,171,"""""",overworld_shop_pub,Moorta's Pub,Moorta's Pub,"""""",Black Swamp,Maraket,"{""x"":3047,""y"":4009}","""""","""""","""""",""""""
js/markers.js,shops,172,"""""",overworld_shop_provisioner,Gabbik's Provisioner Shop,Gabbik's Provisioner Shop,"""""",Black Swamp,Maraket,"{""x"":3051,""y"":4002}","""""","""""","""""",""""""
js/markers.js,shops,173,"""""",overworld_shop_leather,Greelnik's Leather Shop,Greelnik's Leather Shop,"""""",Black Swamp,Maraket,"{""x"":3035,""y"":4001}","""""","""""","""""",""""""
js/markers.js,shops,174,"""""",overworld_shop_carpentry,Hamatad's Carpentry Shop,Hamatad's Carpentry Shop,"""""",Black Swamp,Maraket,"{""x"":3035,""y"":4008}","""""","""""","""""",""""""
js/markers.js,shops,175,"""""",overworld_shop_farming,Targek's Farming Shop,Targek's Farming Shop,"""""",Black Swamp,Maraket,"{""x"":3043,""y"":4026}","""""","""""","""""",""""""
js/markers.js,shops,176,"""""",overworld_shop_provisioner,Dagda's Provisioner Shop,Dagda's Provisioner Shop,"""""",Black Swamp,Samad,"{""x"":2661,""y"":3507}","""""","""""","""""",""""""
js/markers.js,shops,177,"""""",overworld_shop_weaponry,Rakgol's Weaponry Shop,Rakgol's Weaponry Shop,"""""",Black Swamp,Samad,"{""x"":2666,""y"":3514}","""""","""""","""""",""""""
js/markers.js,shops,178,"""""",overworld_shop_magic,Gradrak's Magic Shop,Gradrak's Magic Shop,"""""",Black Swamp,Samad,"{""x"":2651,""y"":3518}","""""","""""","""""",""""""
js/markers.js,shops,179,"""""",overworld_shop_pub,Jurgen's Pub,Jurgen's Pub,"""""",Black Swamp,Samad,"{""x"":2650,""y"":3505}","""""","""""","""""",""""""
js/markers.js,shops,180,"""""",overworld_shop_carpentry,Frodegi's Carpentry Shop,Frodegi's Carpentry Shop,"""""",Black Swamp,Samad,"{""x"":2627,""y"":3516}","""""","""""","""""",""""""
js/markers.js,shops,181,"""""",overworld_shop_armory,Tradena's Armory Shop,Tradena's Armory Shop,"""""",Black Swamp,Samad,"{""x"":2625,""y"":3506}","""""","""""","""""",""""""
js/markers.js,shops,182,"""""",overworld_shop_leather,Tomak's Leather Shop,Tomak's Leather Shop,"""""",Black Swamp,Samad,"{""x"":2604,""y"":3519}","""""","""""","""""",""""""
js/markers.js,shops,183,"""""",overworld_shop_farming,Uthein's Farming Shop,Uthein's Farming Shop,"""""",Black Swamp,Samad,"{""x"":2605,""y"":3531}","""""","""""","""""",""""""
js/markers.js,shops,184,"""""",overworld_shop_armory,Vrrgkan's Armory Shop,Vrrgkan's Armory Shop,"""""",Black Swamp,Dawat,"{""x"":3076,""y"":3371}","""""","""""","""""",""""""
js/markers.js,shops,185,"""""",overworld_shop_weaponry,Nok's Weaponry Shop,Nok's Weaponry Shop,"""""",Black Swamp,Dawat,"{""x"":3075,""y"":3378}","""""","""""","""""",""""""
js/markers.js,shops,186,"""""",overworld_shop_pub,Chogto's Pub,Chogto's Pub,"""""",Black Swamp,Dawat,"{""x"":3100,""y"":3377}","""""","""""","""""",""""""
js/markers.js,shops,187,"""""",overworld_shop_farming,Trabad's Farming Shop,Trabad's Farming Shop,"""""",Black Swamp,Dawat,"{""x"":3095,""y"":3373}","""""","""""","""""",""""""
js/markers.js,shops,188,"""""",overworld_shop_farming,Frolg's Carpentry Shop,Frolg's Carpentry Shop,"""""",Black Swamp,Dawat,"{""x"":3089,""y"":3372}","""""","""""","""""",""""""
js/markers.js,shops,189,"""""",overworld_shop_farming,Uncoe's Provisioner Shop,Uncoe's Provisioner Shop,"""""",Black Swamp,Dawat,"{""x"":3099,""y"":3387}","""""","""""","""""",""""""
js/markers.js,shops,190,"""""",overworld_shop_magic,Janos McGreggor's Magic Shop,Janos McGreggor's Magic Shop,"""""",Black Swamp,Dawat,"{""x"":3091,""y"":3374}","""""","""""","""""",""""""
js/markers.js,shops,191,"""""",overworld_shop_weaponry,Rhonidd's Weaponry Shop,Rhonidd's Weaponry Shop,"""""",Highlands,Parian,"{""x"":3473,""y"":3074}","""""","""""","""""",""""""
js/markers.js,shops,192,"""""",overworld_shop_blacksmith,Hemos' Blacksmith Shop,Hemos' Blacksmith Shop,"""""",Highlands,Parian,"{""x"":3472,""y"":3064}","""""","""""","""""",""""""
js/markers.js,shops,193,"""""",overworld_shop_scrolls,Sage Rauth's Scrolls Shop,Sage Rauth's Scrolls Shop,"""""",Highlands,Parian,"{""x"":3479,""y"":3073}","""""","""""","""""",""""""
js/markers.js,shops,194,"""""",overworld_shop_magic,Tragos' Magic Shop,Tragos' Magic Shop,"""""",Highlands,Parian,"{""x"":3479,""y"":3076}","""""","""""","""""",""""""
js/markers.js,shops,195,"""""",overworld_shop_provisioner,Thodonna's Provisioner Shop,Thodonna's Provisioner Shop,"""""",Highlands,Parian,"{""x"":3473,""y"":3086}","""""","""""","""""",""""""
js/markers.js,shops,196,"""""",overworld_shop_jewelry,Maggie Hobson's Jewelry Shop,Maggie Hobson's Jewelry Shop,"""""",Highlands,Parian,"{""x"":3494,""y"":3068}","""""","""""","""""",""""""
js/markers.js,shops,197,"""""",overworld_shop_provisioner,Theiseth's Provisioner Shop,Theiseth's Provisioner Shop,"""""",Highlands,Parian,"{""x"":3500,""y"":3063}","""""","""""","""""",""""""
js/markers.js,shops,198,"""""",overworld_shop_shipyard,Arthuren's Ship Yard Shop,Arthuren's Ship Yard Shop,"""""",Highlands,Parian,"{""x"":3514,""y"":3071}","""""","""""","""""",""""""
js/markers.js,shops,199,"""""",overworld_shop_magic,Theard's Magic Shop,Theard's Magic Shop,"""""",Highlands,Parian,"{""x"":3499,""y"":3048}","""""","""""","""""",""""""
js/markers.js,shops,200,"""""",overworld_shop_pub,Loeband's Pub,Loeband's Pub,"""""",Highlands,Parian,"{""x"":3506,""y"":3033}","""""","""""","""""",""""""
js/markers.js,shops,202,"""""",overworld_shop_carpentry,Rella's Storage Shop,Welatrem's Carpenter Shop,"""""",Highlands,Parian,"{""x"":3479,""y"":3028}","""""","""""","""""",""""""
js/markers.js,shops,203,"""""",overworld_shop_leather,Draga's Leather Shop,Draga's Leather Shop,"""""",Highlands,Parian,"{""x"":3494,""y"":3003}","""""","""""","""""",""""""
js/markers.js,shops,204,"""""",overworld_shop_armory,Kedardogan's Armory Shop,Kedardogan's Armory Shop,"""""",Highlands,Parian,"{""x"":3478,""y"":3006}","""""","""""","""""",""""""
js/markers.js,shops,205,"""""",overworld_shop_blacksmith,Afedriwyr's Blacksmith Shop,Afedriwyr's Blacksmith Shop,"""""",Highlands,Parian,"{""x"":3486,""y"":3006}","""""","""""","""""",""""""
js/markers.js,shops,206,"""""",overworld_shop_pub,Malinnor's Pub,Malinnor's Pub,"""""",Highlands,Parian,"{""x"":3459,""y"":2995}","""""","""""","""""",""""""
js/markers.js,shops,207,"""""",overworld_shop_farming,Melisandria's Farming Shop,Melisandria's Farming Shop,"""""",Highlands,Parian,"{""x"":3446,""y"":3005}","""""","""""","""""",""""""
js/markers.js,shops,208,"""""",overworld_shop_carpentry,Oloatlan's Carpentry Shop,Oloatlan's Carpentry Shop,"""""",Highlands,Parian,"{""x"":3444,""y"":2984}","""""","""""","""""",""""""
js/markers.js,shops,209,"""""",overworld_shop_weaponry,Hailey Brown's Weaponry Shop,Hailey Brown's Weaponry Shop,"""""",Highlands,Parian,"{""x"":3442,""y"":2984}","""""","""""","""""",""""""
js/markers.js,shops,210,"""""",overworld_shop_provisioner,Jeralif's Provisioner Shop,Jeralif's Provisioner Shop,"""""",Highlands,Parian,"{""x"":3444,""y"":2971}","""""","""""","""""",""""""
js/markers.js,shops,211,"""""",overworld_shop_magic,Zaetlan's Magic Shop,Zaetlan's Magic Shop,"""""",Highlands,Parian,"{""x"":3421,""y"":2977}","""""","""""","""""",""""""
js/markers.js,shops,212,"""""",overworld_shop_weaponry,Ereld's Weaponry Shop,Ereld's Weaponry Shop,"""""",Highlands,Parian,"{""x"":3425,""y"":2961}","""""","""""","""""",""""""
js/markers.js,shops,213,"""""",overworld_shop_weaponry,Kedalel's Weaponry Shop,Kedalel's Weaponry Shop,"""""",Highlands,Arda,"{""x"":3405,""y"":3492}","""""","""""","""""",""""""
js/markers.js,shops,214,"""""",overworld_shop_weaponry,Adie's Weaponry Shop,Adie's Weaponry Shop,"""""",Highlands,Arda,"{""x"":3402,""y"":3496}","""""","""""","""""",""""""
js/markers.js,shops,215,"""""",overworld_shop_leather,Adie's Leather Shop,Mo's Leather Shop,"""""",Highlands,Arda,"{""x"":3413,""y"":3497}","""""","""""","""""",""""""
js/markers.js,shops,216,"""""",overworld_shop_carpentry,Delawyth's Carpentry Shop,Delawyth's Carpentry Shop,"""""",Highlands,Arda,"{""x"":3422,""y"":3497}","""""","""""","""""",""""""
js/markers.js,shops,217,"""""",overworld_shop_armory,Edelassa's Armory Shop,Edelassa's Armory Shop,"""""",Highlands,Arda,"{""x"":3380,""y"":3496}","""""","""""","""""",""""""
js/markers.js,shops,218,"""""",overworld_shop_blacksmith,Edelbram's Blacksmith Shop,Edelbram's Blacksmith Shop,"""""",Highlands,Arda,"{""x"":3382,""y"":3491}","""""","""""","""""",""""""
js/markers.js,shops,219,"""""",overworld_shop_generic,Lothath's Provisioner Shop,Lothath's Provisioner Shop,"""""",Highlands,Arda,"{""x"":3393,""y"":3477}","""""","""""","""""",""""""
js/markers.js,shops,220,"""""",overworld_shop_pub,Grimlock's Pub,Grimlock's Pub,"""""",Highlands,Arda,"{""x"":3420,""y"":3468}","""""","""""","""""",""""""
js/markers.js,shops,221,"""""",overworld_shop_magic,Janus Laruis' Magic Shop,Janus Laruis' Magic Shop,"""""",Highlands,Arda,"{""x"":3381,""y"":3471}","""""","""""","""""",""""""
js/markers.js,shops,222,"""""",overworld_shop_bakery,Kryiel's Bakery Shop,Kryiel's Bakery Shop,"""""",Highlands,Ethera Palace,"{""x"":3560,""y"":3672}","""""","""""","""""",""""""
js/markers.js,shops,223,"""""",overworld_shop_magic,Astaeg's Magic Shop,Astaeg's Magic Shop,"""""",Highlands,Ethera Palace,"{""x"":3557,""y"":3695}","""""","""""","""""",""""""
js/markers.js,shops,224,"""""",overworld_shop_farming,Dugos' Farming Shop,Dugos' Farming Shop,"""""",Highlands,Ethera Palace,"{""x"":3556,""y"":3700}","""""","""""","""""",""""""
js/markers.js,shops,225,"""""",overworld_shop_shipyard,Adrekor's Ship Yard,Adrekor's Ship Yard,"""""",Highlands,Ethera Palace,"{""x"":3573,""y"":3697}","""""","""""","""""",""""""
js/markers.js,shops,226,"""""",overworld_shop_armory,Sevililoth's Armory Shop,Sevililoth's Armory Shop,"""""",Highlands,Ethera Palace,"{""x"":3556,""y"":3719}","""""","""""","""""",""""""
js/markers.js,shops,227,"""""",overworld_shop_leather,Zathras' Leather Shop,Zathras' Leather Shop,"""""",Highlands,Ethera Palace,"{""x"":3561,""y"":3725}","""""","""""","""""",""""""
js/markers.js,shops,228,"""""",overworld_shop_provisioner,Ethialin's Provisioner Shop,Ethialin's Provisioner Shop,"""""",Highlands,Ethera Palace,"{""x"":3544,""y"":3712}","""""","""""","""""",""""""
js/markers.js,shops,229,"""""",overworld_shop_blacksmith,Cadenad's Blacksmith Shop,Cadenad's Blacksmith Shop,"""""",Highlands,Ethera Palace,"{""x"":3538,""y"":3710}","""""","""""","""""",""""""
js/markers.js,shops,230,"""""",overworld_shop_weaponry,Lothannon's Weaponry Shop,Lothannon's Weaponry Shop,"""""",Highlands,Ethera Palace,"{""x"":3525,""y"":3710}","""""","""""","""""",""""""
js/markers.js,shops,231,"""""",overworld_shop_weaponry,Desdemona's Provisioner Shop,Desdemona's Provisioner Shop,"""""",Highlands,Ethera Palace,"{""x"":3513,""y"":3696}","""""","""""","""""",""""""
js/markers.js,shops,232,"""""",overworld_shop_carpentry,Larelikor's Carpentry Shop,Larelikor's Carpentry Shop,"""""",Highlands,Ethera Palace,"{""x"":3537,""y"":3689}","""""","""""","""""",""""""
js/markers.js,shops,233,"""""",overworld_shop_weaponry,O'riles Weaponry Shop,O'riles Weaponry Shop,"""""",Western Isles,Lotor's Summer Palace,"{""x"":810,""y"":673}","""""","""""","""""",""""""
js/markers.js,shops,234,"""""",overworld_shop_armory,Colleen Franks' Armory Shop,Colleen Franks' Armory Shop,"""""",Western Isles,Lotor's Summer Palace,"{""x"":809,""y"":681}","""""","""""","""""",""""""
js/markers.js,shops,235,"""""",overworld_shop_farming,Garius' Farming Shop,Garius' Farming Shop,"""""",Western Isles,Lotor's Summer Palace,"{""x"":860,""y"":713}","""""","""""","""""",""""""
js/markers.js,shops,236,"""""",overworld_shop_carpentry,Tom Uslak Carpenter Shop,Tom Uslak Carpenter Shop,"""""",Western Isles,Lotor's Summer Palace,"{""x"":852,""y"":710}","""""","""""","""""",""""""
js/markers.js,shops,237,"""""",overworld_shop_survey,Blueprint Sales,Blueprint Sales,"""""",Western Isles,Lotor's Summer Palace,"{""x"":768,""y"":622}","""""","""""","""""",""""""
js/markers.js,shops,238,"""""",overworld_shop_survey,Surveying and Tools Sales,Surveying and Tools Sales,"""""",Western Isles,Lotor's Summer Palace,"{""x"":770,""y"":622}","""""","""""","""""",""""""
js/markers.js,shops,239,"""""",overworld_shop_magic,Wizard Swishwhich's Shop,Wizard Swishwhich's Shop,"""""",Western Isles,Lotor's Summer Palace,"{""x"":770,""y"":599}","""""","""""","""""",""""""
js/markers.js,shops,240,"""""",overworld_shop_magic,Wizard Blunderstone,Wizard Blunderstone,"""""",Western Isles,Lotor's Summer Palace,"{""x"":769,""y"":600}","""""","""""","""""",""""""
js/markers.js,shops,241,"""""",overworld_shop_generic,VIP Store,VIP Store,"""""",Western Isles,Lotor's Summer Palace,"{""x"":763,""y"":604}","""""","""""","""""",""""""
js/markers.js,shops,242,"""""",overworld_shop_generic,Lotor's Gardener's Shop,Lotor's Gardener's Shop,"""""",Western Isles,Lotor's Summer Palace,"{""x"":762,""y"":598}","""""","""""","""""",""""""
js/markers.js,shops,243,"""""",overworld_shop_shipyard,Larson Davide's Shipyard Shop,Larson Davide's Shipyard Shop,"""""",Western Isles,Lotor's Summer Palace,"{""x"":790,""y"":593}","""""","""""","""""",""""""
js/markers.js,shops,245,"""""",overworld_shop_magic,Doyle Trobush's Magic Shop,Doyle Trobush's Magic Shop,"""""",Western Isles,Lotor's Summer Palace,"{""x"":756,""y"":677}","""""","""""","""""",""""""
js/markers.js,shops,246,"""""",overworld_shop_runecrafting,Panteo's Runecrafting Shop,Panteo's Jewelry Shop,"""""",Western Isles,Lotor's Summer Palace,"{""x"":789,""y"":660}","""""","""""","""""",""""""
js/markers.js,shops,247,"""""",overworld_shop_jewelry,Canuelle's Jewelry Shop,Canuelle's Jewelry Shop,"""""",Western Isles,Lotor's Summer Palace,"{""x"":789,""y"":690}","""""","""""","""""",""""""
js/markers.js,shops,248,"""""",overworld_shop_leather,Mongor's Leatherworking Shop,Mongor's Leatherworking Shop,"""""",Western Isles,Lotor's Summer Palace,"{""x"":802,""y"":704}","""""","""""","""""",""""""
js/markers.js,shops,249,"""""",overworld_shop_blacksmith,Kaleic's Blacksmith Shop,Kaleic's Blacksmith Shop,"""""",Western Isles,Lotor's Summer Palace,"{""x"":799,""y"":700}","""""","""""","""""",""""""
js/markers.js,shops,250,"""""",overworld_shop_provisioner,Mace Gurban's Provisioner Shop,Mace Gurban's Provisioner Shop,"""""",Western Isles,Lotor's Summer Palace,"{""x"":811,""y"":698}","""""","""""","""""",""""""
js/markers.js,shops,251,"""""",overworld_shop_pub,Docale's Pub,Docale's Pub,"""""",Western Isles,Lotor's Summer Palace,"{""x"":846,""y"":728}","""""","""""","""""",""""""
js/markers.js,shops,252,"""""",overworld_shop_carpentry,Ricbert's Carpentry Shop,Ricbert's Carpentry Shop,"""""",Western Isles,Scarab Island,"{""x"":405,""y"":2192}","""""","""""","""""",""""""
js/markers.js,shops,253,"""""",overworld_shop_farming,Berctuald's Farming Shop,Berctuald's Farming Shop,"""""",Western Isles,Scarab Island,"{""x"":398,""y"":2194}","""""","""""","""""",""""""
js/markers.js,shops,254,"""""",overworld_shop_farming,Sevyd's Farming Shop,Sevyd's Farming Shop,"""""",Highlands,Arda,"{""x"":3405,""y"":3477}","""""","""""","""""",""""""
js/markers.js,shops,255,"""""",overworld_shop_pub,Osric's Pub,Osric's Pub,"""""",Western Isles,Scarab Island,"{""x"":402,""y"":2219}","""""","""""","""""",""""""
js/markers.js,shops,256,"""""",overworld_shop_provisioner,Wulfhere's Provisioner Shop,Wulfhere's Provisioner Shop,"""""",Western Isles,Scarab Island,"{""x"":384,""y"":2219}","""""","""""","""""",""""""
js/markers.js,shops,257,"""""",overworld_shop_weaponry,Killjoy's Weaponry Shop,Killjoy's Weaponry Shop,"""""",Western Isles,Scarab Island,"{""x"":370,""y"":2219}","""""","""""","""""",""""""
js/markers.js,shops,258,"""""",overworld_shop_armory,Harkyn's Armory Shop,Harkyn's Armory Shop,"""""",Western Isles,Scarab Island,"{""x"":374,""y"":2215}","""""","""""","""""",""""""
js/markers.js,shops,259,"""""",overworld_shop_magic,Aldulf's Magic Shop,Aldulf's Magic Shop,"""""",Western Isles,Scarab Island,"{""x"":379,""y"":2236}","""""","""""","""""",""""""
js/markers.js,shops,260,"""""",overworld_shop_provisioner,Leroy Janks's Provisioner Shop,Leroy Janks's Provisioner Shop,"""""",Western Isles,Lycanth,"{""x"":274,""y"":2633}","""""","""""","""""",""""""
js/markers.js,shops,261,"""""",overworld_shop_magic,Maritha's Magic Shop,Maritha's Magic Shop,"""""",Western Isles,Lycanth,"{""x"":275,""y"":2641}","""""","""""","""""",""""""
js/markers.js,shops,262,"""""",overworld_shop_pub,Kolb's Pub,Kolb's Pub,"""""",Western Isles,Lycanth,"{""x"":272,""y"":2655}","""""","""""","""""",""""""
js/markers.js,shops,263,"""""",overworld_shop_provisioner,Dawthis' Provisioner Shop,Dawthis' Provisioner Shop,"""""",Western Isles,Lycanth,"{""x"":252,""y"":2646}","""""","""""","""""",""""""
js/markers.js,shops,264,"""""",overworld_shop_blacksmith,Thorpe's Blacksmith Shop,Thorpe's Blacksmith Shop,"""""",Western Isles,Lycanth,"{""x"":252,""y"":2636}","""""","""""","""""",""""""
js/markers.js,shops,265,"""""",overworld_shop_weaponry,Vanoch's Weaponry Shop,Vanoch's Weaponry Shop,"""""",Hearwood Coast,Valmond,"{""x"":2751,""y"":2199}","""""","""""","""""",""""""
js/markers.js,shops,266,"""""",overworld_shop_magic,Athosian's Magic Shop,Athosian's Magic Shop,"""""",Hearwood Coast,Valmond,"{""x"":2733,""y"":2198}","""""","""""","""""",""""""
js/markers.js,shops,267,"""""",overworld_shop_jewelry,Ninothen's Jewelry Shop,Ninothen's Jewelry Shop,"""""",Hearwood Coast,Valmond,"{""x"":2753,""y"":2213}","""""","""""","""""",""""""
js/markers.js,shops,268,"""""",overworld_shop_carpentry,Medain's Carpentry Shop,Medain's Carpentry Shop,"""""",Hearwood Coast,Valmond,"{""x"":2738,""y"":2219}","""""","""""","""""",""""""
js/markers.js,shops,269,"""""",overworld_shop_leather,Senoch's Leatherworking Shop,Senoch's Leatherworking Shop,"""""",Hearwood Coast,Valmond,"{""x"":2748,""y"":2226}","""""","""""","""""",""""""
js/markers.js,shops,270,"""""",overworld_shop_provisioner,Imdy's Provisioner Shop,Imdy's Provisioner Shop,"""""",Hearwood Coast,Valmond,"{""x"":2747,""y"":2235}","""""","""""","""""",""""""
js/markers.js,shops,271,"""""",overworld_shop_farming,Krista's Farming Shop,Krista's Farming Shop,"""""",Hearwood Coast,Valmond,"{""x"":2691,""y"":2224}","""""","""""","""""",""""""
js/markers.js,shops,272,"""""",overworld_shop_farming,Warthien's Farming Shop,Warthien's Farming Shop,"""""",Hearwood Coast,Valmond,"{""x"":2725,""y"":2182}","""""","""""","""""",""""""
js/markers.js,shops,273,"""""",overworld_shop_blacksmith,Hevee's Blacksmith Shop,Hevee's Blacksmith Shop,"""""",Hearwood Coast,Valmond,"{""x"":2716,""y"":2184}","""""","""""","""""",""""""
js/markers.js,shops,274,"""""",overworld_shop_armory,Yeros' Armory Shop,Yeros' Armory Shop,"""""",Hearwood Coast,Valmond,"{""x"":2710,""y"":2181}","""""","""""","""""",""""""
js/markers.js,shops,275,"""""",overworld_shop_provisioner,Tenweth's Provisioner Shop,Tenweth's Provisioner Shop,"""""",Hearwood Coast,Valmond,"{""x"":2696,""y"":2182}","""""","""""","""""",""""""
js/markers.js,shops,276,"""""",overworld_shop_provisioner,Conbar's Pub,Conbar's Pub,"""""",Hearwood Coast,Valmond,"{""x"":2681,""y"":2163}","""""","""""","""""",""""""
js/markers.js,shops,277,"""""",overworld_shop_provisioner,Adaria Ustir's Farming Shop,Adaria Ustir's Farming Shop,"""""",Hearwood Coast,Valmond,"{""x"":2659,""y"":2168}","""""","""""","""""",""""""
js/markers.js,shops,278,"""""",overworld_shop_weaponry,Khadik's Weaponry Shop,Khadik's Weaponry Shop,"""""",Hearwood Coast,Valmond,"{""x"":2653,""y"":2167}","""""","""""","""""",""""""
js/markers.js,shops,279,"""""",overworld_shop_magic,Thular's Magic Shop,Thular's Magic Shop,"""""",Hearwood Coast,Valmond,"{""x"":2637,""y"":2155}","""""","""""","""""",""""""
js/markers.js,shops,280,"""""",overworld_shop_provisioner,Rorik's Provisioner Shop,Rorik's Provisioner Shop,"""""",Hearwood Coast,Valmond,"{""x"":2629,""y"":2139}","""""","""""","""""",""""""
js/markers.js,shops,281,"""""",overworld_shop_pub,Isun's Pub,Isun's Pub,"""""",Hearwood Coast,Valmond,"{""x"":2615,""y"":2130}","""""","""""","""""",""""""
js/markers.js,shops,282,"""""",overworld_shop_weaponry,Fallana's Weaponry Shop,Fallana's Weaponry Shop,"""""",Hearwood Coast,Valmond,"{""x"":2630,""y"":2123}","""""","""""","""""",""""""
js/markers.js,shops,283,"""""",overworld_shop_blacksmith,Talnur's Blacksmith Shop,Talnur's Blacksmith Shop,"""""",Hearwood Coast,Valmond,"{""x"":2622,""y"":2167}","""""","""""","""""",""""""
js/markers.js,shops,284,"""""",overworld_shop_shipyard,Gordon McDowl's Shipyard Shop,Gordon McDowl's Shipyard Shop,"""""",Hearwood Coast,Valmond,"{""x"":2627,""y"":2185}","""""","""""","""""",""""""
js/markers.js,shops,285,"""""",overworld_shop_carpentry,Aventi's Carpentry Shop,Aventi's Carpentry Shop,"""""",Sands of Creation,Khafra,"{""x"":282,""y"":2787}","""""","""""","""""",""""""
js/markers.js,shops,286,"""""",overworld_shop_blacksmith,Rabulo's Blacksmith Shop,Rabulo's Blacksmith Shop,"""""",Sands of Creation,Khafra,"{""x"":280,""y"":2786}","""""","""""","""""",""""""
js/markers.js,shops,287,"""""",overworld_shop_jewelry,Sohrab's Jewelry Shop,Sohrab's Jewelry Shop,"""""",Sands of Creation,Khafra,"{""x"":266,""y"":2761}","""""","""""","""""",""""""
js/markers.js,shops,288,"""""",overworld_shop_pub,Akhenaten's Pub,Akhenaten's Pub,"""""",Sands of Creation,Khafra,"{""x"":266,""y"":2774}","""""","""""","""""",""""""
js/markers.js,shops,289,"""""",overworld_shop_pub,Helthla's Pub,Helthla's Pub,"""""",Sands of Creation,Khafra,"{""x"":262,""y"":2774}","""""","""""","""""",""""""
js/markers.js,shops,290,"""""",overworld_shop_farming,Laska's Farming Shop,Laska's Farming Shop,"""""",Sands of Creation,Khafra,"{""x"":264,""y"":2807}","""""","""""","""""",""""""
js/markers.js,shops,291,"""""",overworld_shop_leather,RiaRuz's Leatherworking Shop,RiaRuz's Leatherworking Shop,"""""",Sands of Creation,Khafra,"{""x"":260,""y"":2806}","""""","""""","""""",""""""
js/markers.js,shops,292,"""""",overworld_shop_jewelry,Funsani's Jewelry Shop,Funsani's Jewelry Shop,"""""",Sands of Creation,Khafra,"{""x"":250,""y"":2782}","""""","""""","""""",""""""
js/markers.js,shops,293,"""""",overworld_shop_weaponry,Lisimba's Weaponry Shop,Lisimba's Weaponry Shop,"""""",Sands of Creation,Khafra,"{""x"":239,""y"":2781}","""""","""""","""""",""""""
js/markers.js,shops,294,"""""",overworld_shop_magic,Heqet's Magic Shop,Heqet's Magic Shop,"""""",Sands of Creation,Khafra,"{""x"":220,""y"":2770}","""""","""""","""""",""""""
js/markers.js,shops,295,"""""",overworld_shop_shipyard,Habid Hamal's Shipyard,Habid Hamal's Shipyard,"""""",Sands of Creation,Khafra,"{""x"":213,""y"":2772}","""""","""""","""""",""""""
js/markers.js,shops,296,"""""",overworld_shop_provisioner,Habid Hamal's Provisioner,Habid Hamal's Provisioner,"""""",Sands of Creation,Khafra,"{""x"":211,""y"":2805}","""""","""""","""""",""""""
js/markers.js,shops,297,"""""",overworld_shop_provisioner,Trobol's Provisioner,Trobol's Provisioner,"""""",Sands of Creation,Khafra,"{""x"":90,""y"":2700}","""""","""""","""""",""""""
js/markers.js,shops,298,"""""",overworld_shop_farming,Kolnix's Farming Shop,Kolnix's Farming Shop,"""""",Sands of Creation,Ruhura,"{""x"":415,""y"":4036}","""""","""""","""""",""""""
js/markers.js,shops,299,"""""",overworld_shop_pub,Sistri's Pub,Sistri's Pub,"""""",Sands of Creation,Ruhura,"{""x"":394,""y"":4030}","""""","""""","""""",""""""
js/markers.js,shops,300,"""""",overworld_shop_pub,Nxthei's Pub,Nxthei's Pub,"""""",Sands of Creation,Ruhura,"{""x"":393,""y"":4030}","""""","""""","""""",""""""
js/markers.js,shops,301,"""""",overworld_shop_blacksmith,Caldoax's Blacksmith Shop,Caldoax's Blacksmith Shop,"""""",Sands of Creation,Ruhura,"{""x"":383,""y"":4038}","""""","""""","""""",""""""
js/markers.js,shops,302,"""""",overworld_shop_generic,Blueprint Sales Shop,Blueprint Sales Shop,"""""",Sands of Creation,Ruhura,"{""x"":381,""y"":4039}","""""","""""","""""",""""""
js/markers.js,shops,303,"""""",overworld_shop_generic,Surveying and Tools Sales Shop,Surveying and Tools Sales Shop,"""""",Sands of Creation,Ruhura,"{""x"":381,""y"":4041}","""""","""""","""""",""""""
js/markers.js,shops,304,"""""",overworld_shop_leather,Rungi's Leatherworking Shop,Rungi's Leatherworking Shop,"""""",Sands of Creation,Ruhura,"{""x"":369,""y"":4033}","""""","""""","""""",""""""
js/markers.js,shops,305,"""""",overworld_shop_pub,Jorzkl's Pub,Jorzkl's Pub,"""""",Sands of Creation,Ruhura,"{""x"":342,""y"":4038}","""""","""""","""""",""""""
js/markers.js,shops,306,"""""",overworld_shop_carpentry,Misal's Carpentry Shop,Misal's Carpentry Shop,"""""",Sands of Creation,Ruhura,"{""x"":360,""y"":4021}","""""","""""","""""",""""""
js/markers.js,shops,307,"""""",overworld_shop_jewelry,Paila's Jewelry Shop,Paila's Jewelry Shop,"""""",Sands of Creation,Ruhura,"{""x"":351,""y"":4017}","""""","""""","""""",""""""
js/markers.js,shops,308,"""""",overworld_shop_magic,Hxyth's Magic Shop,Hxyth's Magic Shop,"""""",Sands of Creation,Ruhura,"{""x"":358,""y"":4011}","""""","""""","""""",""""""
js/markers.js,shops,309,"""""",overworld_shop_magic,Mekea's Magic Shop,Mekea's Magic Shop,"""""",Sands of Creation,Ruhura,"{""x"":357,""y"":4012}","""""","""""","""""",""""""
js/markers.js,shops,310,"""""",overworld_shop_provisioner,Jacksil's Provisioner Shop,Jacksil's Provisioner Shop,"""""",Sands of Creation,Ruhura,"{""x"":363,""y"":3999}","""""","""""","""""",""""""
js/markers.js,shops,311,"""""",overworld_shop_jewelry,Opinla's Jewelry Shop,Opinla's Jewelry Shop,"""""",Sands of Creation,Ruhura,"{""x"":368,""y"":3986}","""""","""""","""""",""""""
js/markers.js,shops,312,"""""",overworld_shop_weaponry,Lugnno's Weaponry Shop,Lugnno's Weaponry Shop,"""""",Sands of Creation,Ruhura,"{""x"":389,""y"":3986}","""""","""""","""""",""""""
js/markers.js,shops,313,"""""",overworld_shop_armory,Yzxthl's Armory Shop,Yzxthl's Armory Shop,"""""",Sands of Creation,Ruhura,"{""x"":392,""y"":3986}","""""","""""","""""",""""""
js/markers.js,shops,314,"""""",overworld_shop_generic,Emit Palpos' Housing Shop,Emit Palpos' Housing Shop,"""""",Breakwater,Roycroft,"{""x"":2392,""y"":2387}","""""","""""","""""",""""""
js/markers.js,shops,315,"""""",overworld_shop_generic,Philonias Targon's Planet Shop,Philonias Targon's Planet Shop,"""""",Breakwater,Roycroft,"{""x"":2390,""y"":2387}","""""","""""","""""",""""""
js/markers.js,shops,316,"""""",overworld_shop_generic,Finnias McGrup's Survey and Tools Shop,Finnias McGrup's Survey and Tools Shop,"""""",Breakwater,Roycroft,"{""x"":2388,""y"":2389}","""""","""""","""""",""""""
js/markers.js,shops,317,"""""",overworld_shop_armory,Kali Jenkins' Armory Shop,Kali Jenkins' Armory Shop,"""""",Breakwater,Roycroft,"{""x"":2411,""y"":2387}","""""","""""","""""",""""""
js/markers.js,shops,318,"""""",overworld_shop_blacksmith,Bella Hudsal's Blacksmith Shop,Bella Hudsal's Blacksmith Shop,"""""",Breakwater,Roycroft,"{""x"":2425,""y"":2370}","""""","""""","""""",""""""
js/markers.js,shops,319,"""""",overworld_shop_weaponry,Weaponsmith Marklor's Weaponry Shop,Weaponsmith Marklor's Weaponry Shop,"""""",Breakwater,Roycroft,"{""x"":2434,""y"":2370}","""""","""""","""""",""""""
js/markers.js,shops,320,"""""",overworld_shop_armory,Tonel Paltown's Armory Shop,Tonel Paltown's Armory Shop,"""""",Breakwater,Roycroft,"{""x"":2442,""y"":2370}","""""","""""","""""",""""""
js/markers.js,shops,321,"""""",overworld_shop_provisioner,Pierre St Croix's Provisioner Shop,Pierre St Croix's Provisioner Shop,"""""",Breakwater,Roycroft,"{""x"":2457,""y"":2370}","""""","""""","""""",""""""
js/markers.js,shops,322,"""""",overworld_shop_provisioner,Nelle St Croix's Provisioner Shop,Nelle St Croix's Provisioner Shop,"""""",Breakwater,Roycroft,"{""x"":2455,""y"":2370}","""""","""""","""""",""""""
js/markers.js,shops,323,"""""",overworld_shop_runecrafting,Rin Flacol's Runecrafting Shop,Rin Flacol's Runecrafting Shop,"""""",Breakwater,Roycroft,"{""x"":2468,""y"":2373}","""""","""""","""""",""""""
js/markers.js,shops,324,"""""",overworld_shop_weaponry,Ralpe Argos' Weaponry Shop,Ralpe Argos' Weaponry Shop,"""""",Breakwater,Roycroft,"{""x"":2488,""y"":2372}","""""","""""","""""",""""""
js/markers.js,shops,325,"""""",overworld_shop_leather,Nokael Yarnsparl's Leatherworking Shop,Nokael Yarnsparl's Leatherworking Shop,"""""",Breakwater,Roycroft,"{""x"":2491,""y"":2384}","""""","""""","""""",""""""
js/markers.js,shops,326,"""""",overworld_shop_leather,Krysta Inge's Provisioner Shop,Krysta Inge's Provisioner Shop,"""""",Breakwater,Roycroft,"{""x"":2498,""y"":2398}","""""","""""","""""",""""""
js/markers.js,shops,327,"""""",overworld_shop_carpentry,Gregor Motopolis' Carpentry Shop,Gregor Motopolis' Carpentry Shop,"""""",Breakwater,Roycroft,"{""x"":2500,""y"":2408}","""""","""""","""""",""""""
js/markers.js,shops,328,"""""",overworld_shop_jewelry,Lauralee Jones' Jewelry Shop,Lauralee Jones' Jewelry Shop,"""""",Breakwater,Roycroft,"{""x"":2477,""y"":2419}","""""","""""","""""",""""""
js/markers.js,shops,329,"""""",overworld_shop_farming,Franklin Rose's Farming Shop,Franklin Rose's Farming Shop,"""""",Breakwater,Roycroft,"{""x"":2432,""y"":2434}","""""","""""","""""",""""""
js/markers.js,shops,330,"""""",overworld_shop_carpentry,Albert Pile's Carpentry Shop,Albert Pile's Carpentry Shop,"""""",Breakwater,Roycroft,"{""x"":2419,""y"":2404}","""""","""""","""""",""""""
js/markers.js,shops,331,"""""",overworld_shop_pub,Earl McJovin's Pub,Earl McJovin's Pub,"""""",Breakwater,Roycroft,"{""x"":2422,""y"":2435}","""""","""""","""""",""""""
js/markers.js,shops,332,"""""",overworld_shop_pub,Waitress Sara Klemp,Waitress Sara Klemp,"""""",Breakwater,Roycroft,"{""x"":2411,""y"":2437}","""""","""""","""""",""""""
js/markers.js,shops,333,"""""",overworld_shop_jewelry,Jules Locksley's Jewelry Shop,Jules Locksley's Jewelry Shop,"""""",Breakwater,Roycroft,"{""x"":2423,""y"":2452}","""""","""""","""""",""""""
js/markers.js,shops,334,"""""",overworld_shop_magic,Elzar the Potion Maker's Magic Shop,Elzar the Potion Maker's Magic Shop,"""""",Breakwater,Roycroft,"{""x"":2479,""y"":2450}","""""","""""","""""",""""""
js/markers.js,shops,335,"""""",overworld_shop_pub,Kap Silvesto's Pub,Kap Silvesto's Pub,"""""",Breakwater,Roycroft,"{""x"":2507,""y"":2435}","""""","""""","""""",""""""
js/markers.js,shops,336,"""""",overworld_shop_pub,Waitress Tara Silvesto,Waitress Tara Silvesto,"""""",Breakwater,Roycroft,"{""x"":2501,""y"":2442}","""""","""""","""""",""""""
js/markers.js,shops,337,"""""",overworld_shop_shipyard,Ship Builder Loutai R'Tari,Ship Builder Loutai R'Tari,"""""",Breakwater,Roycroft,"{""x"":2467,""y"":2476}","""""","""""","""""",""""""
js/markers.js,shops,338,"""""",overworld_shop_shipyard,Rumple Rogers' Shipyard,Rumple Rogers' Shipyard,"""""",Breakwater,Roycroft,"{""x"":2442,""y"":2501}","""""","""""","""""",""""""
js/markers.js,shops,339,"""""",overworld_shop_shipyard,Tom Edgar's Shipyard,Tom Edgar's Shipyard,"""""",Breakwater,New Town,"{""x"":1959,""y"":1909}","""""","""""","""""",""""""
js/markers.js,shops,340,"""""",overworld_shop_armory,Kal Offen's Armory Shop,Kal Offen's Armory Shop,"""""",Breakwater,New Town,"{""x"":1946,""y"":1929}","""""","""""","""""",""""""
js/markers.js,shops,341,"""""",overworld_shop_weaponry,Stout Guerny's Weaponry Shop,Stout Guerny's Weaponry Shop,"""""",Breakwater,New Town,"{""x"":1938,""y"":1921}","""""","""""","""""",""""""
js/markers.js,shops,342,"""""",overworld_shop_jewelry,Kerrig's Jewelry Shop,Kerrig's Jewelry Shop,"""""",Breakwater,New Town,"{""x"":1910,""y"":1920}","""""","""""","""""",""""""
js/markers.js,shops,343,"""""",overworld_shop_provisioner,Osiris the Provisioner Shop,Osiris the Provisioner Shop,"""""",Breakwater,New Town,"{""x"":1914,""y"":1920}","""""","""""","""""",""""""
js/markers.js,shops,344,"""""",overworld_shop_carpentry,Morris Dayson's Carpentry Shop,Morris Dayson's Carpentry Shop,"""""",Breakwater,New Town,"{""x"":1946,""y"":1950}","""""","""""","""""",""""""
js/markers.js,shops,345,"""""",overworld_shop_pub,Molly McTavish's Pub,Molly McTavish's Pub,"""""",Breakwater,New Town,"{""x"":1982,""y"":1969}","""""","""""","""""",""""""
js/markers.js,shops,346,"""""",overworld_shop_pub,Herman McTavish's Pub,Herman McTavish's Pub,"""""",Breakwater,New Town,"{""x"":1979,""y"":1961}","""""","""""","""""",""""""
js/markers.js,shops,347,"""""",overworld_shop_farming,Farmer Jacobs' Farming Shop,Farmer Jacobs' Farming Shop,"""""",Breakwater,New Town,"{""x"":1984,""y"":1943}","""""","""""","""""",""""""
js/markers.js,shops,348,"""""",overworld_shop_blacksmith,Carolanna Hawkins' Blacksmith Shop,Carolanna Hawkins' Blacksmith Shop,"""""",Breakwater,New Town,"{""x"":2012,""y"":1926}","""""","""""","""""",""""""
js/markers.js,shops,349,"""""",overworld_shop_magic,Artis Gilmon's Magic Shop,Artis Gilmon's Magic Shop,"""""",Breakwater,New Town,"{""x"":2021,""y"":1947}","""""","""""","""""",""""""
js/markers.js,spawns,0,"""""",overworld_spawn_good,Spawn Gate,Spawn Gate,"""""",Valinor,Valinor,"{""x"":778,""y"":140}","""""","""""","""""",""""""
js/markers.js,spawns,1,"""""",overworld_spawn_good,Spawn Gate,Silvest Spawn Gate,"""""",Silvest Valley,Silvest Valley,"{""x"":951,""y"":1321}","""""","""""","""""",""""""
js/markers.js,spawns,2,"""""",overworld_spawn_good,Spawn Gate,Silvest Spawn Gate,"""""",Silvest Valley,Silvest,"{""x"":1127,""y"":1338}","""""","""""","""""",""""""
js/markers.js,spawns,3,"""""",overworld_spawn_good,Spawn Gate,Fort Eastwatch Spawn Gate,"""""",Silvest Valley,Fort Eastwatch,"{""x"":1319,""y"":1290}","""""","""""","""""",""""""
js/markers.js,spawns,4,"""""",overworld_spawn_good,Spawn Gate,Varg Spawn Gate,"""""",Krythan,Varg,"{""x"":761,""y"":1175}","""""","""""","""""",""""""
js/markers.js,spawns,5,"""""",overworld_spawn_evil,Evil Spawn Gate,Evil Spawn Gate,"""""",Krythan,Krythan Fields,"{""x"":776,""y"":872}","""""","""""","""""",""""""
js/markers.js,spawns,6,"""""",overworld_spawn_good,Good Spawn Gate,Good Spawn Gate,"""""",Krythan,Hothbra,"{""x"":487,""y"":1065}","""""","""""","""""",""""""
js/markers.js,spawns,7,"""""",overworld_spawn_good,Good Spawn Gate,Good Spawn Gate,"""""",Krythan,Jeel,"{""x"":284,""y"":858}","""""","""""","""""",""""""
js/markers.js,spawns,8,"""""",overworld_spawn_good,Spawn Gate,Lotor's Castle Spawn Gate,"""""",Krythan,Lotor's Castle,"{""x"":265,""y"":1194}","""""","""""","""""",""""""
js/markers.js,spawns,9,"""""",overworld_spawn_good,Spawn Gate,Vrethpool Spawn Gate,"""""",Krythan,Vrethpool,"{""x"":647,""y"":1721}","""""","""""","""""",""""""
js/markers.js,spawns,10,"""""",overworld_spawn_good,Spawn Gate,Vrethpool Spawn Gate,"""""",Krythan,Vrethpool,"{""x"":471,""y"":1642}","""""","""""","""""",""""""
js/markers.js,spawns,11,"""""",overworld_spawn_evil,Evil Spawn Gate,Evil Spawn Gate,"""""",Darkwoods,Darkwoods,"{""x"":455,""y"":3095}","""""","""""","""""",""""""
js/markers.js,spawns,12,"""""",overworld_spawn_good,Good Spawn Gate,Good Spawn Gate,"""""",Darkwoods,Josody,"{""x"":1315,""y"":2514}","""""","""""","""""",""""""
js/markers.js,spawns,13,"""""",overworld_spawn_good,Good Spawn Gate,Good Spawn Gate,"""""",Darkwoods,Dunmarrow,"{""x"":1385,""y"":3186}","""""","""""","""""",""""""
js/markers.js,spawns,14,"""""",overworld_spawn_good,Good Spawn Gate,Good Spawn Gate,"""""",Darkwoods,Darkfell,"{""x"":887,""y"":3033}","""""","""""","""""",""""""
js/markers.js,spawns,15,"""""",overworld_spawn_good,Good Spawn Gate,Good Spawn Gate,"""""",Darkwoods,Autumn,"{""x"":583,""y"":3321}","""""","""""","""""",""""""
js/markers.js,spawns,16,"""""",overworld_spawn_good,Good Spawn Gate,Good Spawn Gate,"""""",Darkwoods,Whisperdale,"{""x"":389,""y"":3456}","""""","""""","""""",""""""
js/markers.js,spawns,17,"""""",overworld_spawn_good,Good Spawn Gate,Good Spawn Gate,"""""",Battle Plains,Chlera,"{""x"":2391,""y"":3577}","""""","""""","""""",""""""
js/markers.js,spawns,18,"""""",overworld_spawn_evil,Evil Spawn Gate,Evil Spawn Gate,"""""",Battle Plains,Desprail,"{""x"":2215,""y"":3111}","""""","""""","""""",""""""
js/markers.js,spawns,19,"""""",overworld_spawn_good,Good Spawn Gate,Good Spawn Gate,"""""",Black Swamp,Black Swamp Outpost,"{""x"":2920,""y"":3578}","""""","""""","""""",""""""
js/markers.js,spawns,20,"""""",overworld_spawn_good,Good Spawn Gate,Good Spawn Gate,"""""",Black Swamp,Krog,"{""x"":3095,""y"":3754}","""""","""""","""""",""""""
js/markers.js,spawns,21,"""""",overworld_spawn_good,Good Spawn Gate,Good Spawn Gate,"""""",Black Swamp,Maraket,"{""x"":3063,""y"":4041}","""""","""""","""""",""""""
js/markers.js,spawns,22,"""""",overworld_spawn_good,Good Spawn Gate,Good Spawn Gate,"""""",Black Swamp,Samad,"{""x"":2631,""y"":3545}","""""","""""","""""",""""""
js/markers.js,spawns,23,"""""",overworld_spawn_good,Good Spawn Gate,Good Spawn Gate,"""""",Black Swamp,Dawat,"{""x"":3094,""y"":3363}","""""","""""","""""",""""""
js/markers.js,spawns,24,"""""",overworld_spawn_good,Good Spawn Gate,Good Spawn Gate,"""""",Western Isles,Parian,"{""x"":3469,""y"":3025}","""""","""""","""""",""""""
js/markers.js,spawns,25,"""""",overworld_spawn_good,Good Spawn Gate,Good Spawn Gate,"""""",Highlands,Ethera Palace,"{""x"":3527,""y"":3670}","""""","""""","""""",""""""
js/markers.js,spawns,26,"""""",overworld_spawn_evil,Evil Spawn Gate,Evil Spawn Gate,"""""",Highlands,Eastern Highlands,"{""x"":3799,""y"":2647}","""""","""""","""""",""""""
js/markers.js,spawns,27,"""""",overworld_spawn_good,Good Spawn Gate,Good Spawn Gate,"""""",Western Isles,Scarab Island,"{""x"":439,""y"":2025}","""""","""""","""""",""""""
js/markers.js,spawns,28,"""""",overworld_spawn_good,Good Spawn Gate,Good Spawn Gate,"""""",Heartwood Coast,Valmond,"{""x"":2693,""y"":2201}","""""","""""","""""",""""""
js/markers.js,spawns,29,"""""",overworld_spawn_good,Good Spawn Gate,Good Spawn Gate,"""""",Sands of Creation,Ruhura,"{""x"":263,""y"":3554}","""""","""""","""""",""""""
js/markers.js,spawns,30,"""""",overworld_spawn_evil,Evil Spawn Gate,Evil Spawn Gate,"""""",Sands of Creation,Ruhura,"{""x"":375,""y"":4024}","""""","""""","""""",""""""
js/markers.js,spawns,31,"""""",overworld_spawn_good,Good Spawn Gate,Good Spawn Gate,"""""",Sands of Creation,Khafra,"{""x"":269,""y"":2825}","""""","""""","""""",""""""
js/markers.js,spawns,32,"""""",overworld_spawn_good,Good Spawn Gate,Good Spawn Gate,"""""",Breakwater,Roycroft,"{""x"":2427,""y"":2505}","""""","""""","""""",""""""
js/markers.js,spawns,33,"""""",overworld_spawn_good,Good Spawn Gate,Good Spawn Gate,"""""",Breakwater,New Town,"{""x"":1899,""y"":1926}","""""","""""","""""",""""""
js/markers.js,undergrounds,0,"""""",overworld_dungeon,Frump's Lair,Frump's Lair,"""""",Valinor,Valinor,"{""x"":608,""y"":358}","""""","""""","""""",""""""
js/markers.js,undergrounds,1,"""""",overworld_dungeon,Bonesnarl's Lair,Bonesnarl's Lair,"""""",Valinor,Valinor,"{""x"":874,""y"":310}","""""","""""","""""",""""""
js/markers.js,undergrounds,2,"""""",overworld_stairs,Stairs to Valinor Basement,Stairs to Valinor Basement (Top Left),"""""",Valinor,Valinor,"{""x"":753,""y"":98}","""""","""""","""""",""""""
js/markers.js,undergrounds,3,"""""",overworld_stairs,Stairs to Valinor Basement,Stairs to Valinor Basement (Top Right),"""""",Valinor,Valinor,"{""x"":765,""y"":98}","""""","""""","""""",""""""
js/markers.js,undergrounds,4,"""""",overworld_stairs,Stairs to Valinor Basement,Stairs to Valinor Basement (Bottom Left),"""""",Valinor,Valinor,"{""x"":752,""y"":128}","""""","""""","""""",""""""
js/markers.js,undergrounds,5,"""""",overworld_stairs,Stairs to Valinor Basement,Stairs to Valinor Basement (Bottom Right),"""""",Valinor,Valinor,"{""x"":766,""y"":128}","""""","""""","""""",""""""
js/markers.js,undergrounds,6,"""""",overworld_ladder,Ladder to Valinor Basement,Ladder to Valinor Basement (Left),"""""",Valinor,Valinor,"{""x"":750,""y"":155}","""""","""""","""""",""""""
js/markers.js,undergrounds,7,"""""",overworld_ladder,Ladder to Valinor Basement,Ladder to Valinor Basement (Right),"""""",Valinor,Valinor,"{""x"":768,""y"":155}","""""","""""","""""",""""""
js/markers.js,undergrounds,8,"""""",overworld_stairs,Stairs to Mage Trainers,Stairs to Mage Trainers,"""""",Valinor,Valinor,"{""x"":763,""y"":118}","""""","""""","""""",""""""
js/markers.js,undergrounds,9,"""""",overworld_ladder,Book 2 Temple Entrance,Book 2 Temple Entrance,"""""",Krythan,Hothbra,"{""x"":520,""y"":1064}","""""","""""","""""",""""""
js/markers.js,undergrounds,10,"""""",overworld_ladder,Jeel Catacombs,Jeel Catacombs,"""""",Krythan,Jeel,"{""x"":294,""y"":834}","""""","""""","""""",""""""
js/markers.js,undergrounds,11,"""""",overworld_ladder,Crypt of Kargoth,Crypt of Kargoth Entrance,"""""",Krythan,Crypt of Kargoth,"{""x"":436,""y"":852}","""""","""""","""""",""""""
js/markers.js,undergrounds,12,"""""",overworld_stairs,Lotor's Castle Arena Basement,Lotor's Castle Arena Basement,"""""",Krythan,Lotor's Castle,"{""x"":215,""y"":1183}","""""","""""","""""",""""""
js/markers.js,undergrounds,13,"""""",overworld_stairs,Lotor's Castle Arena Basement,Lotor's Castle Arena Basement,"""""",Krythan,Lotor's Castle,"{""x"":213,""y"":1183}","""""","""""","""""",""""""
js/markers.js,undergrounds,14,"""""",overworld_mine,Silvest Mines Entrance,Silvest Mines Entrance,"""""",Silvest Valley,Silvest Mines,"{""x"":1015,""y"":1110}","""""","""""","""""",""""""
js/markers.js,undergrounds,15,"""""",overworld_stairs,Cultist Lair Crypt,Cultist Lair Crypt,"""""",Silvest Valley,Cultist Lair Crypt,"{""x"":871,""y"":1392}","""""","""""","""""",""""""
js/markers.js,undergrounds,16,"""""",overworld_snake,Snake Pit,Snake Pit,"""""",Silvest Valley,Silvest Valley,"{""x"":966,""y"":1347}","""""","""""","""""",""""""
js/markers.js,undergrounds,17,"""""",overworld_mine,Cliffside Mines,Cliffside Mines,"""""",Silvest Valley,Cliffside Pass,"{""x"":1097,""y"":1183}","""""","""""","""""",""""""
js/markers.js,undergrounds,18,"""""",overworld_stairs,Coenred's Provisioner Shop Basement,Coenred's Provisioner Shop Basement Entrance,"""""",Silvest Valley,Silvest,"{""x"":1123,""y"":1361}","""""","""""","""""",""""""
js/markers.js,undergrounds,19,"""""",overworld_stairs,Silvest Library Basement Entrance,Silvest Library Basement Entrance,"""""",Silvest Valley,Silvest,"{""x"":1149,""y"":1362}","""""","""""","""""",""""""
js/markers.js,undergrounds,20,"""""",overworld_cave,Provisioner's Basement,Galen's Hideout,"""""",Silvest Valley,Galen's Hideout,"{""x"":1304,""y"":1112}","""""","""""","""""",""""""
js/markers.js,undergrounds,21,"""""",overworld_cave,Sozal's Cave North Entrance,Sozal's Cave North Entrance,"""""",Silvest Valley,Sozal's Cave,"{""x"":1126,""y"":1155}","""""","""""","""""",""""""
js/markers.js,undergrounds,22,"""""",overworld_ladder,Silves Mines Entrance,Silves Mines Entrance,"""""",Silvest Valley,Kozak Cove,"{""x"":1378,""y"":1106}","""""","""""","""""",""""""
js/markers.js,undergrounds,23,"""""",overworld_cave,Sozal's Cave,Sozal's Cave,"""""",Silvest Valley,Near Silvest Valley North Coast,"{""x"":1162,""y"":1176}","""""","""""","""""",""""""
js/markers.js,undergrounds,24,"""""",overworld_ladder,Kobold Castle Entrance,Silvest Mine Entrance,"""""",Silvest Valley,Kobold Castle,"{""x"":1292,""y"":1122}","""""","""""","""""",""""""
js/markers.js,undergrounds,25,"""""",overworld_cave,Dalvon Mines Entrance,Dalvon Mines Entrance,"""""",Silvest Valley,Valley of the Dead,"{""x"":1441,""y"":1398}","""""","""""","""""",""""""
js/markers.js,undergrounds,26,"""""",overworld_ladder,Krythan Crypt,Krythan Crypt,"""""",Krythan,Krythan Cemetary,"{""x"":906,""y"":1028}","""""","""""","""""",""""""
js/markers.js,undergrounds,27,"""""",overworld_ladder,Gideon's Trapdoor,Gideon's Trapdoor,"""""",Krythan,Monk Island,"{""x"":509,""y"":583}","""""","""""","""""",""""""
js/markers.js,undergrounds,28,"""""",overworld_ladder,Gideon's Trapdoor,Mirthik's  Passage,"""""",Krythan,Mirthik's  Passage,"{""x"":509,""y"":608}","""""","""""","""""",""""""
js/markers.js,undergrounds,29,"""""",overworld_ladder,Mirthik's Passage Entrance,Mirthik's Passage Entrance,"""""",Krythan,Monk Island,"{""x"":504,""y"":643}","""""","""""","""""",""""""
js/markers.js,undergrounds,30,"""""",overworld_snake,Snake pit,Snake pit,"""""",Krythan,Krythan Fields,"{""x"":326,""y"":741}","""""","""""","""""",""""""
js/markers.js,undergrounds,31,"""""",overworld_ladder,Holendar's Mansion Basement Entrance,Holendar's Mansion Basement Entrance,"""""",Krythan,Krythan Fields,"{""x"":820,""y"":1043}","""""","""""","""""",""""""
js/markers.js,undergrounds,32,"""""",overworld_ladder,Holendar's Mansion Basement Escape Entrance,Holendar's Mansion Basement Escape Entrance,"""""",Krythan,Krythan Fields,"{""x"":875,""y"":1062}","""""","""""","""""",""""""
js/markers.js,undergrounds,33,"""""",overworld_stairs,Trap Door to LSP,Trap Door to LSP,"""""",Krythan,Krythan Fields,"{""x"":780,""y"":862}","""""","""""","""""",""""""
js/markers.js,undergrounds,34,"""""",overworld_ladder,Ladder to LSP Sewer (Away from evil spawn gate),Ladder to LSP Sewer (Away from evil spawn gate),"""""",Krythan,Krythan Fields,"{""x"":790,""y"":917}","""""","""""","""""",""""""
js/markers.js,undergrounds,35,"""""",overworld_ladder,Orc Fort Tunnels,Orc Fort Tunnels,"""""",Krythan,Krythan Fields,"{""x"":793,""y"":1575}","""""","""""","""""",""""""
js/markers.js,undergrounds,36,"""""",overworld_ladder,Orc Fort Tunnels,Orc Fort Tunnels,"""""",Krythan,Krythan Fields,"{""x"":754,""y"":1539}","""""","""""","""""",""""""
js/markers.js,undergrounds,37,"""""",overworld_dungeon,Talazarian Dungeon,Talazarian Dungeon,"""""",Krythan,Krythan Fields,"{""x"":362,""y"":1464}","""""","""""","""""",""""""
js/markers.js,undergrounds,38,"""""",overworld_ladder,Krythan Swamp Backdoor,Krythan Swamp Backdoor,"""""",Krythan,South West Krythan,"{""x"":146,""y"":1615}","""""","""""","""""",""""""
js/markers.js,undergrounds,39,"""""",overworld_ladder,Krythan Swamp Backdoor,Krythan Swamp Backdoor,"""""",Krythan,Krythan Swamp,"{""x"":120,""y"":1641}","""""","""""","""""",""""""
js/markers.js,undergrounds,40,"""""",overworld_crypt,Lopal Crypt,Lopal Crypt,"""""",Western Isles,Scarab Island,"{""x"":272,""y"":2201}","""""","""""","""""",""""""
js/markers.js,undergrounds,41,"""""",overworld_mine,Scarab Island Mine,Scarab Island Mine,"""""",Western Isles,Scarab Island,"{""x"":343,""y"":2136}","""""","""""","""""",""""""
js/markers.js,undergrounds,42,"""""",overworld_ladder,Lopal Catacombs,Lopal Catacombs,"""""",Western Isles,Scarab Island,"{""x"":407,""y"":2231}","""""","""""","""""",""""""
js/markers.js,undergrounds,43,"""""",overworld_ladder,Werewolf Island Pass Entrance,Werewolf Island Pass Entrance,"""""",Krythan,Werewolf Island,"{""x"":462,""y"":2552}","""""","""""","""""",""""""
js/markers.js,undergrounds,44,"""""",overworld_ladder,Werewolf Island Pass Entrance,Werewolf Island Pass Entrance,"""""",Krythan,Werewolf Island,"{""x"":450,""y"":2552}","""""","""""","""""",""""""
js/markers.js,undergrounds,45,"""""",overworld_cave,Spore Cave Entrance,Spore Cave Entrance,"""""",Krythan,Werewolf Island,"{""x"":316,""y"":2602}","""""","""""","""""",""""""
js/markers.js,undergrounds,46,"""""",overworld_stairs,Lycanth Crypt,Lycanth Crypt,"""""",Krythan,Werewolf Island,"{""x"":297,""y"":2617}","""""","""""","""""",""""""
js/markers.js,undergrounds,47,"""""",overworld_spider,Shadow Spider Cave,Shadow Spider Cave,"""""",Darkwoods,Darkwoods,"{""x"":1463,""y"":2675}","""""","""""","""""",""""""
js/markers.js,undergrounds,48,"""""",overworld_cave,Swamp Beast Cave,Swamp Beast Cave,"""""",Darkwoods,Darkwoods,"{""x"":1654,""y"":2678}","""""","""""","""""",""""""
js/markers.js,undergrounds,49,"""""",overworld_cave,Swamp Beast Cave,Swamp Beast Cave,"""""",Darkwoods,Darkwoods,"{""x"":1572,""y"":2657}","""""","""""","""""",""""""
js/markers.js,undergrounds,50,"""""",overworld_cave,Astari Ruin Shelter Entrance,Astari Ruin Shelter Entrance,"""""",Darkwoods,Darkwoods,"{""x"":813,""y"":3221}","""""","""""","""""",""""""
js/markers.js,undergrounds,51,"""""",overworld_ant,Ant Mound,Ant Mound,"""""",Darkwoods,Darkwoods,"{""x"":839,""y"":3271}","""""","""""","""""",""""""
js/markers.js,undergrounds,52,"""""",overworld_termigon,Termigon Pit,Termigon Pit,"""""",Darkwoods,Darkwoods,"{""x"":759,""y"":3322}","""""","""""","""""",""""""
js/markers.js,undergrounds,53,"""""",overworld_mine,Triddle Mine,Triddle Mine,"""""",Darkwoods,Darkwoods,"{""x"":799,""y"":3335}","""""","""""","""""",""""""
js/markers.js,undergrounds,54,"""""",overworld_snake,Whisperdale Snake Pit,Whisperdale Snake Pit,"""""",Darkwoods,Darkwoods,"{""x"":473,""y"":3431}","""""","""""","""""",""""""
js/markers.js,undergrounds,55,"""""",overworld_ant,Dunmarrow Fire Ant Pit,Dunmarrow Fire Ant Pit,"""""",Darkwoods,Darkwoods,"{""x"":1271,""y"":3031}","""""","""""","""""",""""""
js/markers.js,undergrounds,56,"""""",overworld_crypt,McKelsky Crypt,McKelsky Crypt,"""""",Darkwoods,Darkwoods,"{""x"":1430,""y"":3045}","""""","""""","""""",""""""
js/markers.js,undergrounds,57,"""""",overworld_dungeon,Marsh Dungeon,Marsh Dungeon,"""""",Darkwoods,Darkwoods,"{""x"":482,""y"":3506}","""""","""""","""""",""""""
js/markers.js,undergrounds,58,"""""",overworld_dungeon,Cathedral of Joyous Afterlife (North Entrance),Cathedral of Joyous Afterlife (North Entrance),"""""",Darkwoods,Darkwoods,"{""x"":633,""y"":3187}","""""","""""","""""",""""""
js/markers.js,undergrounds,59,"""""",overworld_dungeon,Cathedral of Joyous Afterlife (North Entrance),Cathedral of Joyous Afterlife (North Entrance),"""""",Darkwoods,Darkwoods,"{""x"":628,""y"":3198}","""""","""""","""""",""""""
js/markers.js,undergrounds,60,"""""",overworld_dungeon,Cathedral of Joyous Afterlife (South Entrance),Cathedral of Joyous Afterlife (South Entrance),"""""",Darkwoods,Darkwoods,"{""x"":680,""y"":3319}","""""","""""","""""",""""""
js/markers.js,undergrounds,61,"""""",overworld_ladder,Crypts of Ryonkah Entrance,Crypts of Ryonkah Entrance,"""""",Darkwoods,Crypts of Ryonkah,"{""x"":1028,""y"":2981}","""""","""""","""""",""""""
js/markers.js,undergrounds,62,"""""",overworld_stairs,Whisperdale Library Basement,Whisperdale Library Basement,"""""",Darkwoods,Darkwoods,"{""x"":423,""y"":3430}","""""","""""","""""",""""""
js/markers.js,undergrounds,63,"""""",overworld_ladder,Vel Dran Cave Entrance,Vel Dran Cave Entrance,"""""",Highlands,Vel Dran,"{""x"":3127,""y"":3222}","""""","""""","""""",""""""
js/markers.js,undergrounds,64,"""""",overworld_stairs,Minotaur Maze,Minotaur Maze,"""""",Highlands,Highlands,"{""x"":2996,""y"":3044}","""""","""""","""""",""""""
js/markers.js,undergrounds,65,"""""",overworld_stairs,Minotaur Maze,Minotaur Maze,"""""",Highlands,Highlands,"{""x"":3003,""y"":3044}","""""","""""","""""",""""""
js/markers.js,undergrounds,67,"""""",overworld_closed,Cave (CLOSED),Cave (CLOSED),"""""",Highlands,Highlands,"{""x"":3561,""y"":1927}","""""","""""","""""",""""""
js/markers.js,undergrounds,68,"""""",overworld_cave,Zanock's Mine (East),Zanock's Mine (East),"""""",Highlands,Zanock's Mine,"{""x"":3098,""y"":2392}","""""","""""","""""",""""""
js/markers.js,undergrounds,69,"""""",overworld_dungeon,Arllandah's Lair,Arllandah's Lair,"""""",Highlands,Highlands,"{""x"":3205,""y"":2628}","""""","""""","""""",""""""
js/markers.js,undergrounds,70,"""""",overworld_mine,Darushk Entrance,Darushk Entrance,"""""",Highlands,Highlands,"{""x"":3746,""y"":2712}","""""","""""","""""",""""""
js/markers.js,undergrounds,71,"""""",overworld_mine,Darushk Mine,Darushk Mine,"""""",Highlands,Highlands,"{""x"":3602,""y"":2774}","""""","""""","""""",""""""
js/markers.js,undergrounds,72,"""""",overworld_ladder,West Entrance to Parian Tunnels,West Entrance to Parian Tunnels,"""""",Highlands,Highlands,"{""x"":3450,""y"":3038}","""""","""""","""""",""""""
js/markers.js,undergrounds,73,"""""",overworld_ladder,East Entrance to Parian Tunnels,East Entrance to Parian Tunnels,"""""",Highlands,Highlands,"{""x"":3507,""y"":3028}","""""","""""","""""",""""""
js/markers.js,undergrounds,75,"""""",overworld_ladder,Grell Entrance,Grell Entrance<br><small>(Ctrl+Click for details)</small>,"""""",Highlands,Grell,"{""x"":3241,""y"":3608}","""""","""""","""""",""""""
js/markers.js,undergrounds,76,"""""",overworld_ladder,Grell Tunnels,Grell Tunnels,"""""",Highlands,Highlands,"{""x"":3335,""y"":3595}","""""","""""","""""",""""""
js/markers.js,undergrounds,77,"""""",overworld_ladder,Badlands Entrance,Badlands Entrance,"""""",Highlands,Highlands,"{""x"":2709,""y"":2887}","""""","""""","""""",""""""
js/markers.js,undergrounds,78,"""""",overworld_cave,Vel Dran Cave,Vel Dran Cave,"""""",Highlands,Highlands,"{""x"":3287,""y"":3300}","""""","""""","""""",""""""
js/markers.js,undergrounds,79,"""""",overworld_mine,Ethera Mine,Ethera Mine,"""""",Highlands,Highlands,"{""x"":3624,""y"":3597}","""""","""""","""""",""""""
js/markers.js,undergrounds,80,"""""",overworld_mine,Ethera Mine,Ethera Mine,"""""",Highlands,Highlands,"{""x"":3656,""y"":3621}","""""","""""","""""",""""""
js/markers.js,undergrounds,81,"""""",overworld_ladder,Necropolis Maze Tunnel Entrance,Necropolis Maze Tunnel Entrance,"""""",Darkwoods,Necropolis,"{""x"":1362,""y"":2888}","""""","""""","""""",""""""
js/markers.js,undergrounds,82,"""""",overworld_ladder,Necropolis Maze Tunnel Entrance,Necropolis Maze Tunnel Entrance,"""""",Darkwoods,Necropolis,"{""x"":1377,""y"":2935}","""""","""""","""""",""""""
js/markers.js,undergrounds,83,"""""",overworld_ladder,Necropolis Basement Entrance,Necropolis Basement Entrance,"""""",Darkwoods,Necropolis,"{""x"":1348,""y"":2932}","""""","""""","""""",""""""
js/markers.js,undergrounds,84,"""""",overworld_cave,Badlands Cave,Badlands Cave,"""""",Battle Plains,Battle Plains,"{""x"":2888,""y"":2882}","""""","""""","""""",""""""
js/markers.js,undergrounds,85,"""""",overworld_cave,Badlands Cave,Badlands Cave,"""""",Battle Plains,Battle Plains,"{""x"":2290,""y"":2779}","""""","""""","""""",""""""
js/markers.js,undergrounds,86,"""""",overworld_dungeon,Deep Shadow Temple,Deep Shadow Temple,"""""",Battle Plains,Battle Plains,"{""x"":2009,""y"":2675}","""""","""""","""""",""""""
js/markers.js,undergrounds,87,"""""",overworld_cave,Fungiod Cave,Fungoid Cave,"""""",Battle Plains,Battle Plains,"{""x"":1961,""y"":3763}","""""","""""","""""",""""""
js/markers.js,undergrounds,88,"""""",overworld_stairs,Chlera Catacombs,Chlera Catacombs,"""""",Battle Plains,Chlera,"{""x"":2330,""y"":3620}","""""","""""","""""",""""""
js/markers.js,undergrounds,89,"""""",overworld_stairs,Desprail Tunnels,Desprail Tunnels,"""""",Battle Plains,Desprail,"{""x"":2230,""y"":3198}","""""","""""","""""",""""""
js/markers.js,undergrounds,90,"""""",overworld_cave,Desprail Cave,Desprail Cave,"""""",Battle Plains,Battle Plains,"{""x"":2136,""y"":3155}","""""","""""","""""",""""""
js/markers.js,undergrounds,91,"""""",overworld_snake,Maraket Snake Pit Entrance,Maraket Snake Pit Entrance,"""""",Black Swamp,Krog,"{""x"":3272,""y"":3990}","""""","""""","""""",""""""
js/markers.js,undergrounds,92,"""""",overworld_sewer,Krog Sewer Entrance,Krog Sewer Entrance,"""""",Black Swamp,Vorda Swamp,"{""x"":2823,""y"":3623}","""""","""""","""""",""""""
js/markers.js,undergrounds,93,"""""",overworld_crypt,Drakkan Crypt Entrance,Drakkan Crypt Entrance,"""""",Black Swamp,Drakkan,"{""x"":2792,""y"":3833}","""""","""""","""""",""""""
js/markers.js,undergrounds,94,"""""",overworld_well,Waste Tunnels Entrance,Waste Tunnels Entrance,"""""",Black Swamp,Black Swamp,"{""x"":3244,""y"":3834}","""""","""""","""""",""""""
js/markers.js,undergrounds,95,"""""",overworld_ant,Ant Hill Entrance,Ant Hill Entrance,"""""",Black Swamp,Medosk Mountains,"{""x"":3095,""y"":3865}","""""","""""","""""",""""""
js/markers.js,undergrounds,96,"""""",overworld_scorpion,Scorpion Pit Entrance,Scorpion Pit Entrance,"""""",Black Swamp,Black Swamp,"{""x"":3130,""y"":3660}","""""","""""","""""",""""""
js/markers.js,undergrounds,97,"""""",overworld_dungeon,Temple of Agon Entrance,Temple of Agon Entrance,"""""",Black Swamp,Black Swamp,"{""x"":3114,""y"":3638}","""""","""""","""""",""""""
js/markers.js,undergrounds,98,"""""",overworld_dungeon,Ivogur's Mine Entrance,Ivogur's Mine Entrance,"""""",Black Swamp,Black Swamp,"{""x"":2962,""y"":3913}","""""","""""","""""",""""""
js/markers.js,undergrounds,99,"""""",overworld_dungeon,Valekar's Fortress Dungeon Entrance,Valekar's Fortress Dungeon Entrance,"""""",Black Swamp,Black Swamp,"{""x"":3079,""y"":3516}","""""","""""","""""",""""""
js/markers.js,undergrounds,100,"""""",overworld_mine,Sogrun Mine Entrance,Sogrun Mine Entrance,"""""",Black Swamp,Krog,"{""x"":3154,""y"":3737}","""""","""""","""""",""""""
js/markers.js,undergrounds,101,"""""",overworld_sewer,Krog Sewer Entrance,Krog Sewer Entrance,"""""",Black Swamp,Black Swamp,"{""x"":3018,""y"":3814}","""""","""""","""""",""""""
js/markers.js,undergrounds,102,"""""",overworld_dungeon,Lotorian Dungeon,Lotorian Dungeon,"""""",Western Isles,Hell,"{""x"":1208,""y"":3348}","""""","""""","""""",""""""
js/markers.js,undergrounds,103,"""""",overworld_cave,The Den of Baylor,The Den of Baylor,"""""",Western Isles,Hell,"{""x"":1126,""y"":3393}","""""","""""","""""",""""""
js/markers.js,undergrounds,104,"""""",overworld_cave,Horned One Cave,Horned One Cave,"""""",Western Isles,Hell,"{""x"":1307,""y"":3385}","""""","""""","""""",""""""
js/markers.js,undergrounds,105,"""""",overworld_stairs,Sewer Entrance,Sewer Entrance,"""""",Western Isles,Lotor's Summer Palace,"{""x"":764,""y"":752}","""""","""""","""""",""""""
js/markers.js,undergrounds,106,"""""",overworld_stairs,Leather and Armory Shop Basement,Leather and Armory Shop Basement,"""""",Western Isles,Lotor's Summer Palace,"{""x"":798,""y"":705}","""""","""""","""""",""""""
js/markers.js,undergrounds,107,"""""",overworld_stairs,Shadow Temple South Entrance,Shadow Temple South Entrance,"""""",Western Isles,Western Isles,"{""x"":2110,""y"":2765}","""""","""""","""""",""""""
js/markers.js,undergrounds,108,"""""",overworld_crypt,Gnobol Mauseleum Crypt,Gnobol Mauseleum Crypt,"""""",Heartwood Coast,Gnobol Mauseleum,"{""x"":3079,""y"":1607}","""""","""""","""""",""""""
js/markers.js,undergrounds,109,"""""",overworld_cave,Zanock's Mine (West),Zanock's Mine (West),"""""",Heartwood Coast,Zanock's Mine,"{""x"":2872,""y"":2360}","""""","""""","""""",""""""
js/markers.js,undergrounds,110,"""""",overworld_snake,Valmond Skeleton Pit,Valmond Skeleton Pit,"""""",Heartwood Coast,Valmond,"{""x"":3192,""y"":1881}","""""","""""","""""",""""""
js/markers.js,undergrounds,111,"""""",overworld_ladder,South Carpentry Cellar Entrance,South Carpentry Cellar Entrance,"""""",Heartwood Coast,Valmond,"{""x"":2739,""y"":2212}","""""","""""","""""",""""""
js/markers.js,undergrounds,112,"""""",overworld_ladder,North East Wall Cellar Entrance,North East Wall Cellar Entrance,"""""",Heartwood Coast,Valmond,"{""x"":2758,""y"":2188}","""""","""""","""""",""""""
js/markers.js,undergrounds,113,"""""",overworld_ladder,North East Wall Cellar Entrance,North East Wall Cellar Entrance,"""""",Heartwood Coast,Valmond,"{""x"":2758,""y"":2178}","""""","""""","""""",""""""
js/markers.js,undergrounds,114,"""""",overworld_ladder,North East Wall Cellar Entrance,North East Wall Cellar Entrance,"""""",Heartwood Coast,Valmond,"{""x"":2758,""y"":2150}","""""","""""","""""",""""""
js/markers.js,undergrounds,115,"""""",overworld_ladder,South East Wall Cellar Entrance,South East Wall Cellar Entrance,"""""",Heartwood Coast,Valmond,"{""x"":2748,""y"":2249}","""""","""""","""""",""""""
js/markers.js,undergrounds,116,"""""",overworld_ladder,South East Wall Cellar Entrance,South East Wall Cellar Entrance,"""""",Heartwood Coast,Valmond,"{""x"":2738,""y"":2249}","""""","""""","""""",""""""
js/markers.js,undergrounds,117,"""""",overworld_ladder,South West Wall Cellar Entrance,South West Wall Cellar Entrance,"""""",Heartwood Coast,Valmond,"{""x"":2689,""y"":2251}","""""","""""","""""",""""""
js/markers.js,undergrounds,118,"""""",overworld_ladder,Temple of Isos Cellar Entrance,Temple of Isos Cellar Entrance,"""""",Heartwood Coast,Valmond,"{""x"":2722,""y"":2220}","""""","""""","""""",""""""
js/markers.js,undergrounds,119,"""""",overworld_ladder,South West Outpost Cellar Entrance,South West Outpost Cellar Entrance,"""""",Heartwood Coast,Valmond,"{""x"":2614,""y"":2214}","""""","""""","""""",""""""
js/markers.js,undergrounds,120,"""""",overworld_stairs,Magic Shop Cellar Entrance,Magic Shop Cellar Entrance,"""""",Heartwood Coast,Valmond,"{""x"":2738,""y"":2203}","""""","""""","""""",""""""
js/markers.js,undergrounds,121,"""""",overworld_ladder,Pub Basement Entrance,Pub Basement Entrance,"""""",Heartwood Coast,Valmond,"{""x"":2675,""y"":2162}","""""","""""","""""",""""""
js/markers.js,undergrounds,122,"""""",overworld_stairs,Valmond Crypt Entrance,Valmond Crypt Entrance,"""""",Heartwood Coast,Valmond,"{""x"":2764,""y"":2042}","""""","""""","""""",""""""
js/markers.js,undergrounds,123,"""""",overworld_cave,Syldural,Syldural Cave Entrance,"""""",Heartwood Coast,Syldural Cave,"{""x"":3273,""y"":1633}","""""","""""","""""",""""""
js/markers.js,undergrounds,124,"""""",overworld_cave,Icebane's Cavern Entrance,Icebane's Cavern Entrance,"""""",Tundria,Tundria,"{""x"":2305,""y"":1368}","""""","""""","""""",""""""
js/markers.js,undergrounds,125,"""""",overworld_crypt,Maroven Crypt,Maroven Crypt,"""""",Tundria,Tundria,"{""x"":2041,""y"":1393}","""""","""""","""""",""""""
js/markers.js,undergrounds,126,"""""",overworld_crypt,Maroven Crypt,Maroven Crypt,"""""",Tundria,Maroven,"{""x"":1991,""y"":1209}","""""","""""","""""",""""""
js/markers.js,undergrounds,127,"""""",overworld_dungeon,Hammerfist Mine Entrance,Hammerfist Mine Entrance,"""""",Tundria,Tundria,"{""x"":2777,""y"":599}","""""","""""","""""",""""""
js/markers.js,undergrounds,128,"""""",overworld_cave,Web Spinner Spider Cave,Web Spinner Spider Cave,"""""",Tundria,Tundria,"{""x"":2873,""y"":964}","""""","""""","""""",""""""
js/markers.js,undergrounds,129,"""""",overworld_crypt,Duremar Tomb,Duremar Tomb,"""""",Tundria,Tundria,"{""x"":3525,""y"":1264}","""""","""""","""""",""""""
js/markers.js,undergrounds,130,"""""",overworld_crypt,Unknown Crypt,Unknown Crypt,"""""",Tundria,Tundria,"{""x"":3784,""y"":986}","""""","""""","""""",""""""
js/markers.js,undergrounds,131,"""""",overworld_dungeon,Frieda's Dungeon,Frieda's Dungeon,"""""",Tundria,Tundria,"{""x"":2551,""y"":439}","""""","""""","""""",""""""
js/markers.js,undergrounds,132,"""""",overworld_dungeon,Artraxis Dungeon,Artraxis Dungeon,"""""",Tundria,Tundria,"{""x"":2888,""y"":426}","""""","""""","""""",""""""
js/markers.js,undergrounds,133,"""""",overworld_ladder,Darok the Banished's Jail (South Entrance),Darok the Banished's Jail (South Entrance),"""""",Tundria,Artraxis Dungeon,"{""x"":2920,""y"":409}","""""","""""","""""",""""""
js/markers.js,undergrounds,134,"""""",overworld_ladder,Darok the Banished's Jail (North Entrance),Darok the Banished's Jail (North Entrance),"""""",Tundria,Artraxis Dungeon,"{""x"":2896,""y"":443}","""""","""""","""""",""""""
js/markers.js,undergrounds,135,"""""",overworld_dungeon,Trapdoor to Hammerfist Mine,Trapdoor to Hammerfist Mine,"""""",Tundria,Artraxis Dungeon,"{""x"":2838,""y"":613}","""""","""""","""""",""""""
js/markers.js,undergrounds,136,"""""",overworld_cave,Sand Golem Crypt,Sand Golem Crypt Entrance,"""""",Sands of Creation,Ruhura,"{""x"":839,""y"":3924}","""""","""""","""""",""""""
js/markers.js,undergrounds,137,001,overworld_stairs,Lupinsix's Lair,Lupinsix's Lair Entrance,"""""",Sands of Creation,Ruhura,"{""x"":792,""y"":3848}","""""","""""","""""",""""""
js/markers.js,undergrounds,138,"""""",overworld_ladder,Ruhura Elemental Cave,Ruhura Elemental Cave,"""""",Sands of Creation,Ruhura,"{""x"":545,""y"":3838}","""""","""""","""""",""""""
js/markers.js,undergrounds,139,"""""",overworld_ladder,Artonian Pass Entrance (Ruhura Side),Artonian Pass Entrance (Ruhura Side),"""""",Sands of Creation,Ruhura,"{""x"":308,""y"":3909}","""""","""""","""""",""""""
js/markers.js,undergrounds,140,"""""",overworld_ladder,Artonian Pass Entrance (Greater Dragon Island Side),Artonian Pass Entrance (Greater Dragon Island Side),"""""",Sands of Creation,Ruhura,"{""x"":401,""y"":3793}","""""","""""","""""",""""""
js/markers.js,undergrounds,141,"""""",overworld_ladder,Elemental Cave,Elemental Cave,"""""",Sands of Creation,Ruhura,"{""x"":454,""y"":3718}","""""","""""","""""",""""""
js/markers.js,undergrounds,142,"""""",overworld_cave,Artonian Cave Entrance,Artonian Cave Entrance,"""""",Sands of Creation,Ruhura,"{""x"":490,""y"":3652}","""""","""""","""""",""""""
js/markers.js,undergrounds,143,"""""",overworld_ladder,Artonian Cave Entrance,Artonian Fort Cave Entrance,"""""",Sands of Creation,Artonian Fort,"{""x"":551,""y"":3676}","""""","""""","""""",""""""
js/markers.js,undergrounds,144,"""""",overworld_portal_lsp,Mukarramma Dungeon,Portal to Mukarramma Dungeon,"""""",Sands of Creation,Ruhura,"{""x"":950,""y"":4006}","""""","""""","""""",""""""
js/markers.js,undergrounds,145,"""""",overworld_ladder,Elemental Cave Kharfa Side Trap Door (One Way),Elemental Cave Kharfa Side Trap Door (One Way),"""""",Sands of Creation,Ruhura,"{""x"":81,""y"":3470}","""""","""""","""""",""""""
js/markers.js,undergrounds,146,"""""",overworld_stairs,Leather Shop Basement,Leather Shop Basement,"""""",Sands of Creation,Ruhura,"{""x"":370,""y"":4036}","""""","""""","""""",""""""
js/markers.js,undergrounds,147,"""""",overworld_cave,Greater Dragon Island Cave,Greater Dragon Island Cave,"""""",Sands of Creation,Greater Dragon Island,"{""x"":301,""y"":3773}","""""","""""","""""",""""""
js/markers.js,undergrounds,148,"""""",overworld_ladder,Khafra Elemental Cave,Khafra Elemental Cave,"""""",Sands of Creation,Khafra,"{""x"":79,""y"":3355}","""""","""""","""""",""""""
js/markers.js,undergrounds,149,"""""",overworld_stairs,Sheikh Khalifa's Wine Cellar Entrance,Sheikh Khalifa's Wine Cellar Entrance,"""""",Sands of Creation,Khafra,"{""x"":292,""y"":2872}","""""","""""","""""",""""""
js/markers.js,undergrounds,150,"""""",overworld_stairs,Sheikh Khalifa's Wine Cellar Entrance,Sheikh Khalifa's Wine Cellar Entrance,"""""",Sands of Creation,Khafra,"{""x"":284,""y"":2825}","""""","""""","""""",""""""
js/markers.js,undergrounds,151,"""""",overworld_crypt,Darkwing's Lair Entrance,Darkwing's Lair Entrance,"""""",Breakwater,New Town Island,"{""x"":1945,""y"":1696}","""""","""""","""""",""""""
js/markers.js,undergrounds,152,"""""",overworld_dungeon,Cyclops and Lion Cave,Cyclops and Lion Cave,"""""",Breakwater,New Town Island,"{""x"":2039,""y"":1833}","""""","""""","""""",""""""
js/markers.js,undergrounds,153,"""""",overworld_mine,Zule's Cave Entrance,Zule's Cave Entrance,"""""",Breakwater,New Town Island,"{""x"":2175,""y"":1518}","""""","""""","""""",""""""
js/markers.js,undergrounds,154,"""""",overworld_stairs,Son of Scalo's Hideout,Son of Scalo's Hideout,"""""",Breakwater,Roycroft Island,"{""x"":2216,""y"":2261}","""""","""""","""""",""""""
js/markers.js,undergrounds,155,"""""",overworld_stairs,Warehouse Basement,Warehouse Basement,"""""",Breakwater,Roycroft Island,"{""x"":2459,""y"":2358}","""""","""""","""""",""""""
js/markers.js,undergrounds,156,"""""",overworld_stairs, Pass to Northern Roycroft Island, Pass to Northern Roycroft Island,"""""",Breakwater,Roycroft Island,"{""x"":2311,""y"":2199}","""""","""""","""""",""""""
js/markers.js,undergrounds,157,"""""",overworld_stairs, Pass to Southern Roycroft Island, Pass to Southern Roycroft Island,"""""",Breakwater,Roycroft Island,"{""x"":2311,""y"":2185}","""""","""""","""""",""""""
js/markers.js,undergrounds,158,"""""",overworld_dungeon,Broken Finger Dungeon,Broken Finger Dungeon,"""""",Broken Finger,Broken Finger,"{""x"":1144,""y"":3659}","""""","""""","""""",""""""
js/markers.js,undergrounds,159,"""""",overworld_stairs,Trap Door to Gulley Portal ,Trap Door to Gulley Portal ,"""""",Broken Finger,Broken Finger,"{""x"":1293,""y"":3715}","""""","""""","""""",""""""
js/markers.js,undergrounds,160,"""""",overworld_stairs,Entrance to Horned Ones Cave,Entrance to Horned Ones Cave,"""""",Broken Finger,Broken Finger,"{""x"":1213,""y"":3558}","""""","""""","""""",""""""
js/underworld-markers.js,shops,0,"""""",underworld_shop_leather,Hamad's Leatherworking Shop,Hamad's Leatherworking Shop,"""""",Sands of Creation,Ruhura,"{""x"":372,""y"":4033}","""""","""""","""""",""""""
js/labels.js,landmarks,0,"""""","""""",Valley of the Dead,"""""","""""",Silvest Valley,"""""","{""x"":1373,""y"":1434}","""""","""""","""""",""""""
js/labels.js,landmarks,1,"""""","""""",Proudblood Valley,"""""","""""",Battle Plains,"""""","{""x"":1751,""y"":3403}","""""","""""","""""",""""""
js/labels.js,landmarks,2,"""""","""""",Death Tyrant Valley,"""""","""""",Highlands,"""""","{""x"":3596,""y"":2452}","""""","""""","""""",""""""
js/labels.js,landmarks,3,"""""","""""",Resource Valley,"""""","""""",Highlands,"""""","{""x"":3411,""y"":3258}","""""","""""","""""",""""""
js/labels.js,landmarks,4,"""""","""""",Rock Troll Coast,"""""","""""",Highlands,"""""","{""x"":3745,""y"":3503}","""""","""""","""""",""""""
js/labels.js,landmarks,5,"""""","""""",Valley of Giants,"""""","""""",Valley of Giants,"""""","{""x"":3066,""y"":2942}","""""","""""","""""",""""""
js/labels.js,landmarks,6,"""""","""""",Badlands,"""""","""""",Badlands,"""""","{""x"":2785,""y"":2764}","""""","""""","""""",""""""
js/labels.js,cities,1,"""""","""""",Jeel,"""""","""""",Krythan,"""""","{""x"":289,""y"":806}","""""","""""","""""",""""""
js/labels.js,cities,2,"""""","""""",Hothbra,"""""","""""",Krythan,"""""","{""x"":521,""y"":1057}","""""","""""","""""",""""""
js/labels.js,cities,3,"""""","""""",Varg,"""""","""""",Krythan,"""""","{""x"":787,""y"":1170}","""""","""""","""""",""""""
js/labels.js,cities,5,"""""","""""",Vrethpool,"""""","""""",Krythan,"""""","{""x"":669,""y"":1669}","""""","""""","""""",""""""
js/labels.js,cities,6,"""""","""""",Lotor's Castle,"""""","""""",Silvest Valley,"""""","{""x"":246,""y"":1115}","""""","""""","""""",""""""
js/labels.js,cities,7,"""""","""""",Cliffside,"""""","""""",Silvest Valley,"""""","{""x"":1065,""y"":1150}","""""","""""","""""",""""""
js/labels.js,cities,8,"""""","""""",Silvest,"""""","""""",Silvest Valley,"""""","{""x"":1085,""y"":1344}","""""","""""","""""",""""""
js/labels.js,cities,9,"""""","""""",Fort Eastwatch,"""""","""""",Silvest Valley,"""""","{""x"":1343,""y"":1281}","""""","""""","""""",""""""
js/labels.js,cities,10,"""""","""""",Redwake,"""""","""""",Darkwoods,"""""","{""x"":455,""y"":2824}","""""","""""","""""",""""""
js/labels.js,cities,11,"""""","""""",Whisperdale,"""""","""""",Darkwoods,"""""","{""x"":404,""y"":3417}","""""","""""","""""",""""""
js/labels.js,cities,12,"""""","""""",Autumn,"""""","""""",Darkwoods,"""""","{""x"":591,""y"":3388}","""""","""""","""""",""""""
js/labels.js,cities,13,"""""","""""",Darkfell,"""""","""""",Darkwoods,"""""","{""x"":900,""y"":3063}","""""","""""","""""",""""""
js/labels.js,cities,14,"""""","""""",Dunmarrow,"""""","""""",Darkwoods,"""""","{""x"":1383,""y"":3150}","""""","""""","""""",""""""
js/labels.js,cities,15,"""""","""""",Josody,"""""","""""",Darkwoods,"""""","{""x"":1320,""y"":2476}","""""","""""","""""",""""""
js/labels.js,cities,16,"""""","""""",Gulley,"""""","""""",Darkwoods,"""""","{""x"":1104,""y"":2752}","""""","""""","""""",""""""
js/labels.js,cities,17,"""""","""""",Grell,"""""","""""",Highlands,"""""","{""x"":3239,""y"":3606}","""""","""""","""""",""""""
js/labels.js,cities,18,"""""","""""",Arda,"""""","""""",Highlands,"""""","{""x"":3400,""y"":3443}","""""","""""","""""",""""""
js/labels.js,cities,19,"""""","""""",Parian,"""""","""""",Highlands,"""""","{""x"":3461,""y"":2939}","""""","""""","""""",""""""
js/labels.js,cities,20,"""""","""""",Ethera Palace,"""""","""""",Highlands,"""""","{""x"":3535,""y"":3642}","""""","""""","""""",""""""
js/labels.js,cities,21,"""""","""""",Darushk,"""""","""""",Highlands,"""""","{""x"":3745,""y"":2710}","""""","""""","""""",""""""
js/labels.js,cities,22,"""""","""""",Desprail,"""""","""""",Battle Plains,"""""","{""x"":2219,""y"":3234}","""""","""""","""""",""""""
js/labels.js,cities,23,"""""","""""",Chlera,"""""","""""",Battle Plains,"""""","{""x"":2402,""y"":3547}","""""","""""","""""",""""""
js/labels.js,cities,24,"""""","""""",Chaos Island,"""""","""""",Battle Plains,"""""","{""x"":1822,""y"":3054}","""""","""""","""""",""""""
js/labels.js,cities,25,"""""","""""",Samad,"""""","""""",Black Swamp,"""""","{""x"":2635,""y"":3496}","""""","""""","""""",""""""
js/labels.js,cities,26,"""""","""""",Dawat,"""""","""""",Black Swamp,"""""","{""x"":3087,""y"":3355}","""""","""""","""""",""""""
js/labels.js,cities,27,"""""","""""",Krog,"""""","""""",Black Swamp,"""""","{""x"":3075,""y"":3717}","""""","""""","""""",""""""
js/labels.js,cities,28,"""""","""""",Maraket,"""""","""""",Black Swamp,"""""","{""x"":3063,""y"":3977}","""""","""""","""""",""""""
js/labels.js,cities,29,"""""","""""",Hammerfist,"""""","""""",Tundria,"""""","{""x"":2792,""y"":848}","""""","""""","""""",""""""
js/labels.js,cities,30,"""""","""""",Duremar,"""""","""""",Tundria,"""""","{""x"":3648,""y"":929}","""""","""""","""""",""""""
js/labels.js,cities,31,"""""","""""",Maroven,"""""","""""",Tundria,"""""","{""x"":1942,""y"":1240}","""""","""""","""""",""""""
js/labels.js,cities,32,"""""","""""",Ringhaven Citadel,"""""","""""",Tundria,"""""","{""x"":2197,""y"":1205}","""""","""""","""""",""""""
js/labels.js,cities,33,"""""","""""",Farstead Keep,"""""","""""",Tundria,"""""","{""x"":2821,""y"":1253}","""""","""""","""""",""""""
js/labels.js,cities,34,"""""","""""",Valmond,"""""","""""",Heartwood Coast,"""""","{""x"":2625,""y"":2105}","""""","""""","""""",""""""
js/labels.js,cities,35,"""""","""""",Teylan,"""""","""""",Heartwood Coast,"""""","{""x"":2496,""y"":1615}","""""","""""","""""",""""""
js/labels.js,cities,36,"""""","""""",Syldural,"""""","""""",Heartwood Coast,"""""","{""x"":3276,""y"":1636}","""""","""""","""""",""""""
js/labels.js,cities,37,"""""","""""",Khafra,"""""","""""",Sands of Creation,"""""","{""x"":247,""y"":2743}","""""","""""","""""",""""""
js/labels.js,cities,38,"""""","""""",Ruhura,"""""","""""",Sands of Creation,"""""","{""x"":380,""y"":3978}","""""","""""","""""",""""""
js/labels.js,cities,39,"""""","""""",Roycroft,"""""","""""",Breakwater,"""""","{""x"":2447,""y"":2335}","""""","""""","""""",""""""
js/labels.js,cities,40,"""""","""""",New Town,"""""","""""",Breakwater,"""""","{""x"":1960,""y"":1884}","""""","""""","""""",""""""
js/labels.js,cities,41,"""""","""""",New Royale,"""""","""""",Breakwater,"""""","{""x"":1392,""y"":1897}","""""","""""","""""",""""""
js/labels.js,cities,42,"""""","""""",Broken Finger Town,"""""","""""",Broken Finger,"""""","{""x"":1152,""y"":3711}","""""","""""","""""",""""""
js/labels.js,islands,0,"""""","""""",GM Island,"""""","""""",Special,"""""","{""x"":149,""y"":69}","""""","""""","""""",""""""
js/labels.js,islands,1,"""""","""""",Minotaur Island,"""""","""""",Western Isles,"""""","{""x"":136,""y"":229}","""""","""""","""""",""""""
js/labels.js,islands,3,"""""","""""",Lotor's Prison,"""""","""""",Western Isles,"""""","{""x"":1544,""y"":545}","""""","""""","""""",""""""
js/labels.js,islands,5,"""""","""""",Real Estate Island,"""""","""""",Western Isles,"""""","{""x"":662,""y"":629}","""""","""""","""""",""""""
js/labels.js,islands,6,"""""","""""",Guild Arena Island,"""""","""""",Western Isles,"""""","{""x"":87,""y"":941}","""""","""""","""""",""""""
js/labels.js,islands,7,"""""","""""",Valinor Island,"""""","""""",Valinor,"""""","{""x"":939,""y"":59}","""""","""""","""""",""""""
js/labels.js,islands,8,"""""","""""",Krythan Island,"""""","""""",Krythan Island,"""""","{""x"":1089,""y"":991}","""""","""""","""""",""""""
js/labels.js,islands,9,"""""","""""",Lycanth,"""""","""""",Western Isles,"""""","{""x"":259,""y"":2632}","""""","""""","""""",""""""
js/labels.js,islands,10,"""""","""""",Monk Island,"""""","""""",Western Isles,"""""","{""x"":560,""y"":656}","""""","""""","""""",""""""
js/labels.js,islands,11,"""""","""""",Lopal,"""""","""""",Western Isles,"""""","{""x"":389,""y"":2182}","""""","""""","""""",""""""
js/labels.js,islands,12,"""""","""""",Scorched Island,"""""","""""",Western Isles,"""""","{""x"":794,""y"":2091}","""""","""""","""""",""""""
js/labels.js,islands,13,"""""","""""",Hell,"""""","""""",Western Isles,"""""","{""x"":1129,""y"":3194}","""""","""""","""""",""""""
js/labels.js,islands,14,"""""","""""",Deserted Island,"""""","""""",Western Isles,"""""","{""x"":222,""y"":424}","""""","""""","""""",""""""
js/labels.js,islands,15,"""""","""""",Scarab Island,"""""","""""",Western Isles,"""""","{""x"":258,""y"":2047}","""""","""""","""""",""""""
js/labels.js,islands,16,"""""","""""",Werewolf Island,"""""","""""",Western Isles,"""""","{""x"":463,""y"":2501}","""""","""""","""""",""""""
js/labels.js,islands,17,"""""","""""",Dragoon Island,"""""","""""",Western Isles,"""""","{""x"":349,""y"":3237}","""""","""""","""""",""""""
js/labels.js,islands,18,"""""","""""",Obelisk Island,"""""","""""",Western Isles,"""""","{""x"":2116,""y"":2703}","""""","""""","""""",""""""
js/labels.js,islands,19,"""""","""""",Ettin Island,"""""","""""",Western Isles,"""""","{""x"":1671,""y"":1680}","""""","""""","""""",""""""
js/labels.js,islands,20,"""""","""""",PvP Island,"""""","""""",Western Isles,"""""","{""x"":3892,""y"":1687}","""""","""""","""""",""""""
js/labels.js,islands,21,"""""","""""",Greater Dragon Island,"""""","""""",Sands of Creation,"""""","{""x"":159,""y"":3791}","""""","""""","""""",""""""
js/labels.js,islands,22,"""""","""""",Northern Frost Giant Island,"""""","""""",Tundria,"""""","{""x"":3335,""y"":255}","""""","""""","""""",""""""
js/labels.js,islands,23,"""""","""""",Artonian Island,"""""","""""",Sands of Creation,"""""","{""x"":247,""y"":3375}","""""","""""","""""",""""""
js/labels.js,islands,24,"""""","""""",Vel Dran,"""""","""""",Highlands,"""""","{""x"":3152,""y"":3191}","""""","""""","""""",""""""
js/labels.js,islands,25,"""""","""""",Test Island,"""""","""""",Western Isles,"""""","{""x"":3922,""y"":3727}","""""","""""","""""",""""""
js/labels.js,islands,26,"""""","""""",Unnamed Island,"""""","""""",Tundria,"""""","{""x"":3798,""y"":974}","""""","""""","""""",""""""
js/labels.js,islands,27,"""""","""""",Crab Island,"""""","""""",Breakwater,"""""","{""x"":1062,""y"":1950}","""""","""""","""""",""""""
js/labels.js,dungeons,0,"""""","""""",Cultist Lair,"""""","""""",Krythan,"""""","{""x"":873,""y"":1376}","""""","""""","""""",""""""
js/labels.js,dungeons,1,"""""","""""",Bonesnarl's Lair,"""""","""""",Valinor,"""""","{""x"":865,""y"":301}","""""","""""","""""",""""""
js/labels.js,caves,0,"""""","""""",Minion Cave,"""""","""""",Krythan,"""""","{""x"":503,""y"":684}","""""","""""","""""",""""""
js/labels.js,caves,1,"""""","""""",Minion Cave,"""""","""""",Krythan,"""""","{""x"":439,""y"":760}","""""","""""","""""",""""""
js/labels.js,caves,2,"""""","""""",Flataga Mines,"""""","""""",Krythan,"""""","{""x"":390,""y"":1317}","""""","""""","""""",""""""
js/labels.js,caves,3,"""""","""""",Silvest Mines,"""""","""""",Silvest Valley,"""""","{""x"":1016,""y"":1108}","""""","""""","""""",""""""
js/labels.js,caves,4,"""""","""""",Dalvon Mining Company,"""""","""""",Silvest Valley,"""""","{""x"":1415,""y"":1389}","""""","""""","""""",""""""
js/labels.js,caves,5,"""""","""""",Dalvon Mines,"""""","""""",Silvest Valley,"""""","{""x"":1440,""y"":1396}","""""","""""","""""",""""""
js/labels.js,caves,6,"""""","""""",Orc Cave,"""""","""""",Silvest Valley,"""""","{""x"":1180,""y"":1300}","""""","""""","""""",""""""
js/labels.js,caves,7,"""""","""""",Ivogur's Mine,"""""","""""",Black Swamp,"""""","{""x"":2962,""y"":3909}","""""","""""","""""",""""""
js/labels.js,interests,0,"""""","""""",Duncan's Cottage,"""""","""""",Valinor,"""""","{""x"":650,""y"":173}","""""","""""","""""",""""""
js/labels.js,interests,1,"""""","""""",Ruined Temple,"""""","""""",Valinor,"""""","{""x"":569,""y"":312}","""""","""""","""""",""""""
js/labels.js,interests,2,"""""","""""",Lanore,"""""","""""",Valinor,"""""","{""x"":640,""y"":361}","""""","""""","""""",""""""
js/labels.js,interests,3,"""""","""""",Ecclain's Caravan,"""""","""""",Valinor,"""""","{""x"":1082,""y"":467}","""""","""""","""""",""""""
js/labels.js,interests,4,"""""","""""",Valinor Ant Hill,"""""","""""",Valinor,"""""","{""x"":1042,""y"":281}","""""","""""","""""",""""""
js/labels.js,interests,5,"""""","""""",Hermit's Hut,"""""","""""",Valinor,"""""","{""x"":964,""y"":122}","""""","""""","""""",""""""
js/labels.js,interests,6,"""""","""""",Gideon Cottage,"""""","""""",Krythan,"""""","{""x"":508,""y"":573}","""""","""""","""""",""""""
js/labels.js,interests,7,"""""","""""",Mirthik's Dwelling,"""""","""""",Krythan,"""""","{""x"":507,""y"":639}","""""","""""","""""",""""""
js/labels.js,interests,8,"""""","""""",Jeel Ruins,"""""","""""",Krythan,"""""","{""x"":503,""y"":752}","""""","""""","""""",""""""
js/labels.js,interests,9,"""""","""""",Crypt of Kargoth,"""""","""""",Krythan,"""""","{""x"":435,""y"":849}","""""","""""","""""",""""""
js/labels.js,interests,10,"""""","""""",Ruins of Tal S'kar,"""""","""""",Krythan,"""""","{""x"":189,""y"":988}","""""","""""","""""",""""""
js/labels.js,interests,11,"""""","""""",Holendar's Mansion,"""""","""""",Krythan,"""""","{""x"":831,""y"":1034}","""""","""""","""""",""""""
js/labels.js,interests,12,"""""","""""",Krythan Cemetary,"""""","""""",Krythan,"""""","{""x"":894,""y"":1022}","""""","""""","""""",""""""
js/labels.js,interests,13,"""""","""""",Scalo's Den,"""""","""""",Krythan,"""""","{""x"":835,""y"":1278}","""""","""""","""""",""""""
js/labels.js,interests,14,"""""","""""",Kobold Castle,"""""","""""",Krythan,"""""","{""x"":1278,""y"":1122}","""""","""""","""""",""""""
js/labels.js,interests,15,"""""","""""",Karzak Cove,"""""","""""",Krythan,"""""","{""x"":1375,""y"":1076}","""""","""""","""""",""""""
js/labels.js,interests,16,"""""","""""",Tallem'im house,"""""","""""",Krythan,"""""","{""x"":87,""y"":1502}","""""","""""","""""",""""""
js/labels.js,interests,17,"""""","""""",Wasp Hive,"""""","""""",Krythan,"""""","{""x"":515,""y"":1301}","""""","""""","""""",""""""
js/labels.js,interests,18,"""""","""""",Orc Fort,"""""","""""",Krythan,"""""","{""x"":781,""y"":1531}","""""","""""","""""",""""""
js/labels.js,interests,19,"""""","""""",Minion's of Talazar's Stronghold,"""""","""""",Hell,"""""","{""x"":1199,""y"":3340}","""""","""""","""""",""""""
js/labels.js,interests,20,"""""","""""",Josody Theif Fort,"""""","""""",Darkwoods,"""""","{""x"":935,""y"":2575}","""""","""""","""""",""""""
js/labels.js,interests,21,"""""","""""",Crypt of Ryonkah,"""""","""""",Darkwoods,"""""","{""x"":1029,""y"":2976}","""""","""""","""""",""""""
js/labels.js,interests,22,"""""","""""",Lord Vezryl's Estate,"""""","""""",Darkwoods,"""""","{""x"":554,""y"":3157}","""""","""""","""""",""""""
js/labels.js,interests,23,"""""","""""",Burslord's Hunting Lodge,"""""","""""",Darkwoods,"""""","{""x"":682,""y"":3388}","""""","""""","""""",""""""
js/labels.js,interests,24,"""""","""""",Mnemmon,"""""","""""",Darkwoods,"""""","{""x"":910,""y"":3215}","""""","""""","""""",""""""
js/labels.js,interests,25,"""""","""""",Mnemmon Gaol,"""""","""""",Darkwoods,"""""","{""x"":880,""y"":3389}","""""","""""","""""",""""""
js/labels.js,interests,26,"""""","""""",Necropolis,"""""","""""",Necropolis,"""""","{""x"":1357,""y"":2907}","""""","""""","""""",""""""
js/labels.js,interests,27,"""""","""""",Astari Ruin Shelter,"""""","""""",Darkwoods,"""""","{""x"":814,""y"":3222}","""""","""""","""""",""""""
js/labels.js,interests,28,"""""","""""",Tuvok,"""""","""""",Darkwoods,"""""","{""x"":1031,""y"":2890}","""""","""""","""""",""""""
js/labels.js,interests,29,"""""","""""",Warg Pen,"""""","""""",Darkwoods,"""""","{""x"":1368,""y"":2736}","""""","""""","""""",""""""
js/labels.js,interests,30,"""""","""""",Gadros Ruins,"""""","""""",Darkwoods,"""""","{""x"":1488,""y"":2480}","""""","""""","""""",""""""
js/labels.js,interests,31,"""""","""""",Shadow Forest,"""""","""""",Darkwoods,"""""","{""x"":1462,""y"":2709}","""""","""""","""""",""""""
js/labels.js,interests,32,"""""","""""",Termigon Mound,"""""","""""",Darkwoods,"""""","{""x"":676,""y"":3519}","""""","""""","""""",""""""
js/labels.js,interests,33,"""""","""""",Wasp Hive,"""""","""""",Battle Plains,"""""","{""x"":1656,""y"":2958}","""""","""""","""""",""""""
js/labels.js,interests,34,"""""","""""",Drakkan,"""""","""""",Black Swamp,"""""","{""x"":2805,""y"":3806}","""""","""""","""""",""""""
js/labels.js,interests,35,"""""","""""",Kobold Camp,"""""","""""",Black Swamp,"""""","{""x"":3247,""y"":3817}","""""","""""","""""",""""""
js/labels.js,interests,36,"""""","""""",Medosk Mountain Pass,"""""","""""",Black Swamp,"""""","{""x"":3230,""y"":3775}","""""","""""","""""",""""""
js/labels.js,interests,37,"""""","""""",Kobold Village,"""""","""""",Black Swamp,"""""","{""x"":2832,""y"":3924}","""""","""""","""""",""""""
js/labels.js,interests,38,"""""","""""",Temple of Agon,"""""","""""",Black Swamp,"""""","{""x"":3114,""y"":3634}","""""","""""","""""",""""""
js/labels.js,interests,39,"""""","""""",Scorpion Pit,"""""","""""",Black Swamp,"""""","{""x"":3130,""y"":3656}","""""","""""","""""",""""""
js/labels.js,interests,40,"""""","""""",Sogrun Mine,"""""","""""",Black Swamp,"""""","{""x"":3153,""y"":3733}","""""","""""","""""",""""""
js/labels.js,interests,41,"""""","""""","Old Ale Warehouse
(Closed)","""""","""""",Black Swamp,"""""","{""x"":2816,""y"":3260}","""""","""""","""""",""""""
js/labels.js,interests,42,"""""","""""",Valekar's Fortress,"""""","""""",Black Swamp,"""""","{""x"":3100,""y"":3487}","""""","""""","""""",""""""
js/labels.js,interests,43,"""""","""""",Emporium Abbey,"""""","""""",Highlands,"""""","{""x"":2768,""y"":3165}","""""","""""","""""",""""""
js/labels.js,interests,44,"""""","""""",Ancient Site of Minos,"""""","""""",Highlands,"""""","{""x"":2929,""y"":3168}","""""","""""","""""",""""""
js/labels.js,interests,45,"""""","""""",Minotaur Maze,"""""","""""",Highlands,"""""","{""x"":3000,""y"":3039}","""""","""""","""""",""""""
js/labels.js,interests,46,"""""","""""",Thief Fort,"""""","""""",Highlands,"""""","{""x"":3176,""y"":3068}","""""","""""","""""",""""""
js/labels.js,interests,47,"""""","""""",Supply Shelter,"""""","""""",Highlands,"""""","{""x"":3367,""y"":2957}","""""","""""","""""",""""""
js/labels.js,interests,48,"""""","""""",Third Book Temple,"""""","""""",Highlands,"""""","{""x"":2983,""y"":2700}","""""","""""","""""",""""""
js/labels.js,interests,49,"""""","""""",Horibus's Camp,"""""","""""",Highlands,"""""","{""x"":3467,""y"":2642}","""""","""""","""""",""""""
js/labels.js,interests,50,"""""","""""","Cave
(NO ENTRY)","""""","""""",Highlands,"""""","{""x"":3561,""y"":1923}","""""","""""","""""",""""""
js/labels.js,interests,51,"""""","""""",Ethera Mining Company,"""""","""""",Highlands,"""""","{""x"":3609,""y"":3620}","""""","""""","""""",""""""
js/labels.js,interests,52,"""""","""""",Warg Pen,"""""","""""",Highlands,"""""","{""x"":3335,""y"":3733}","""""","""""","""""",""""""
js/labels.js,interests,53,"""""","""""",Infiltrator Camp,"""""","""""",Heartwood Coast,"""""","{""x"":2471,""y"":1505}","""""","""""","""""",""""""
js/labels.js,interests,54,"""""","""""",Gnobol Manor,"""""","""""",Heartwood Coast,"""""","{""x"":3095,""y"":1474}","""""","""""","""""",""""""
js/labels.js,interests,55,"""""","""""",Gnobol Mauseleum,"""""","""""",Heartwood Coast,"""""","{""x"":3095,""y"":1568}","""""","""""","""""",""""""
js/labels.js,interests,56,"""""","""""",Hunter's Lodge,"""""","""""",Heartwood Coast,"""""","{""x"":2938,""y"":1844}","""""","""""","""""",""""""
js/labels.js,interests,57,"""""","""""",Talazarian Fort,"""""","""""",Heartwood Coast,"""""","{""x"":2918,""y"":2256}","""""","""""","""""",""""""
js/labels.js,interests,58,"""""","""""",Temple of Kuthos,"""""","""""",Heartwood Coast,"""""","{""x"":2758,""y"":2396}","""""","""""","""""",""""""
js/labels.js,interests,59,"""""","""""",Orc Raider Camp,"""""","""""",Tundria,"""""","{""x"":2944,""y"":1223}","""""","""""","""""",""""""
js/labels.js,interests,60,"""""","""""",Elsinea Manor,"""""","""""",Tundria,"""""","{""x"":2615,""y"":1248}","""""","""""","""""",""""""
js/labels.js,interests,61,"""""","""""",Frost Troll Coast,"""""","""""",Tundria,"""""","{""x"":2574,""y"":1128}","""""","""""","""""",""""""
js/labels.js,interests,62,"""""","""""",Trapper Grayth's Dwelling,"""""","""""",Tundria,"""""","{""x"":3399,""y"":818}","""""","""""","""""",""""""
js/labels.js,interests,63,"""""","""""",Infiltrator Camp,"""""","""""",Tundria,"""""","{""x"":3607,""y"":1038}","""""","""""","""""",""""""
js/labels.js,interests,64,"""""","""""",Altargrade,"""""","""""",Tundria,"""""","{""x"":3238,""y"":754}","""""","""""","""""",""""""
js/labels.js,interests,65,"""""","""""",Orc Raider Fort,"""""","""""",Tundria,"""""","{""x"":3110,""y"":860}","""""","""""","""""",""""""
js/labels.js,interests,66,"""""","""""",Hammerfist Mine Camp,"""""","""""",Tundria,"""""","{""x"":2761,""y"":614}","""""","""""","""""",""""""
js/labels.js,interests,67,"""""","""""",Stormholde,"""""","""""",Tundria,"""""","{""x"":2562,""y"":928}","""""","""""","""""",""""""
js/labels.js,interests,68,"""""","""""",Ruins of Osgarl,"""""","""""",Tundria,"""""","{""x"":2542,""y"":413}","""""","""""","""""",""""""
js/labels.js,interests,69,"""""","""""",Castle of Artraxis,"""""","""""",Tundria,"""""","{""x"":2878,""y"":412}","""""","""""","""""",""""""
js/labels.js,interests,70,"""""","""""",Pirate Raider's Camp,"""""","""""",Breakwater,"""""","{""x"":1350,""y"":1761}","""""","""""","""""",""""""
js/labels.js,interests,71,"""""","""""",Athropiniax's Temple,"""""","""""",Breakwater,"""""","{""x"":1783,""y"":2430}","""""","""""","""""",""""""
js/labels.js,interests,72,"""""","""""",Undead Dwarven Fort,"""""","""""",Breakwater,"""""","{""x"":1923,""y"":1731}","""""","""""","""""",""""""
js/labels.js,interests,73,"""""","""""",Deadwing's Lair,"""""","""""",Breakwater,"""""","{""x"":1944,""y"":1691}","""""","""""","""""",""""""
js/labels.js,interests,74,"""""","""""",Dwarf Fortress,"""""","""""",Breakwater,"""""","{""x"":2172,""y"":1509}","""""","""""","""""",""""""
js/labels.js,interests,75,"""""","""""",Sea Pirate Shack,"""""","""""",Breakwater,"""""","{""x"":2214,""y"":2252}","""""","""""","""""",""""""
js/labels.js,interests,76,"""""","""""",Talazar's Castle,"""""","""""",Hell,"""""","{""x"":1103,""y"":3291}","""""","""""","""""",""""""
js/labels.js,interests,77,"""""","""""",Ruhura Outpost,"""""","""""",Sands of Creation,"""""","{""x"":942,""y"":3986}","""""","""""","""""",""""""
js/labels.js,interests,78,"""""","""""",Sand Golem Crypt,"""""","""""",Sands of Creation,"""""","{""x"":841,""y"":3923}","""""","""""","""""",""""""
js/labels.js,interests,79,"""""","""""",Lupinsix's Lair,"""""","""""",Sands of Creation,"""""","{""x"":792,""y"":3842}","""""","""""","""""",""""""
js/labels.js,interests,80,"""""","""""",Tomna's House,"""""","""""",Sands of Creation,"""""","{""x"":719,""y"":3681}","""""","""""","""""",""""""
js/labels.js,interests,81,"""""","""""",Artonian Fort,"""""","""""",Sands of Creation,"""""","{""x"":555,""y"":3667}","""""","""""","""""",""""""
js/labels.js,interests,82,"""""","""""",Artonian Cave,"""""","""""",Sands of Creation,"""""","{""x"":489,""y"":3651}","""""","""""","""""",""""""
js/labels.js,interests,83,"""""","""""",The GateKeeper,"""""","""""",Sands of Creation,"""""","{""x"":421,""y"":3685}","""""","""""","""""",""""""
js/labels.js,interests,84,"""""","""""",Dragon Lair,"""""","""""",Sands of Creation,"""""","{""x"":113,""y"":3468}","""""","""""","""""",""""""
js/labels.js,interests,85,"""""","""""",Sandwurm Valley,"""""","""""",Sands of Creation,"""""","{""x"":182,""y"":3625}","""""","""""","""""",""""""
js/labels.js,interests,86,"""""","""""",New Dragon Coast,"""""","""""",Sands of Creation,"""""","{""x"":51,""y"":3514}","""""","""""","""""",""""""
js/labels.js,interests,87,"""""","""""",Umbral Landing,"""""","""""",Sands of Creation,"""""","{""x"":56,""y"":3724}","""""","""""","""""",""""""
js/labels.js,interests,88,"""""","""""",Khafra Fishing Outpost,"""""","""""",Sands of Creation,"""""","{""x"":87,""y"":2725}","""""","""""","""""",""""""
js/labels.js,interests,89,"""""","""""",Baniti's Family Crypt,"""""","""""",Sands of Creation,"""""","{""x"":312,""y"":2978}","""""","""""","""""",""""""
js/labels.js,interests,90,"""""","""""",Blacktail's Crypt,"""""","""""",Sands of Creation,"""""","{""x"":55,""y"":3025}","""""","""""","""""",""""""
js/labels.js,interests,91,"""""","""""",The Guardian,"""""","""""",Sands of Creation,"""""","{""x"":168,""y"":3157}","""""","""""","""""",""""""
js/labels.js,interests,92,"""""","""""",Undead Artonian Crypt,"""""","""""",Sands of Creation,"""""","{""x"":262,""y"":3249}","""""","""""","""""",""""""
js/labels.js,interests,93,"""""","""""",Ancient Artonian Swordsman Dungeon,"""""","""""",Sands of Creation,"""""","{""x"":141,""y"":3328}","""""","""""","""""",""""""
js/labels.js,waterBodies,0,"""""","""""",Gut Rot Swamp,"""""","""""",Valinor,"""""","{""x"":1176,""y"":412}","""""","""""","""""",""""""
js/labels.js,waterBodies,1,"""""","""""",Lake Silvest,"""""","""""",Krythan,"""""","{""x"":1266,""y"":1219}","""""","""""","""""",""""""
js/labels.js,waterBodies,2,"""""","""""",Chokecherry Pond,"""""","""""",Krythan,"""""","{""x"":1039,""y"":1217}","""""","""""","""""",""""""
js/labels.js,waterBodies,3,"""""","""""",Queen's Lake,"""""","""""",Krythan,"""""","{""x"":389,""y"":1089}","""""","""""","""""",""""""
js/labels.js,waterBodies,4,"""""","""""",Crow Lake,"""""","""""",Krythan,"""""","{""x"":848,""y"":1155}","""""","""""","""""",""""""
js/labels.js,waterBodies,5,"""""","""""",Krythan Swamp,"""""","""""",Krythan,"""""","{""x"":189,""y"":1765}","""""","""""","""""",""""""
js/labels.js,waterBodies,6,"""""","""""",Cairn Lake,"""""","""""",Darkwoods,"""""","{""x"":1014,""y"":2868}","""""","""""","""""",""""""
js/labels.js,waterBodies,7,"""""","""""",Lake Mraya,"""""","""""",Darkwoods,"""""","{""x"":777,""y"":2987}","""""","""""","""""",""""""
js/labels.js,waterBodies,8,"""""","""""",Josody Swamp,"""""","""""",Darkwoods,"""""","{""x"":1128,""y"":2675}","""""","""""","""""",""""""
js/labels.js,waterBodies,9,"""""","""""",Greenteeth Swamp,"""""","""""",Darkwoods,"""""","{""x"":1639,""y"":2599}","""""","""""","""""",""""""
js/labels.js,waterBodies,10,"""""","""""",Darkfell Marsh,"""""","""""",Darkwoods,"""""","{""x"":1010,""y"":3091}","""""","""""","""""",""""""
js/labels.js,waterBodies,11,"""""","""""",Proudblood Sound,"""""","""""",Battle Plains,"""""","{""x"":2271,""y"":3769}","""""","""""","""""",""""""
js/labels.js,waterBodies,12,"""""","""""",Chlera Bay,"""""","""""",Battle Plains,"""""","{""x"":2557,""y"":3712}","""""","""""","""""",""""""
js/labels.js,waterBodies,13,"""""","""""",Vorda Swamp,"""""","""""",Black Swamp,"""""","{""x"":2786,""y"":3681}","""""","""""","""""",""""""
js/labels.js,waterBodies,14,"""""","""""",Canis Lake,"""""","""""",Black Swamp,"""""","{""x"":2829,""y"":3508}","""""","""""","""""",""""""
js/labels.js,waterBodies,15,"""""","""""",Lake Dresta,"""""","""""",Black Swamp,"""""","{""x"":2918,""y"":3649}","""""","""""","""""",""""""
js/labels.js,waterBodies,16,"""""","""""",Key Marsh,"""""","""""",Black Swamp,"""""","{""x"":3398,""y"":3923}","""""","""""","""""",""""""
js/labels.js,waterBodies,17,"""""","""""",West Lake,"""""","""""",Highlands,"""""","{""x"":3376,""y"":2979}","""""","""""","""""",""""""
js/labels.js,waterBodies,18,"""""","""""",Parian Lake,"""""","""""",Highlands,"""""","{""x"":3511,""y"":2951}","""""","""""","""""",""""""
js/labels.js,waterBodies,19,"""""","""""",Town Lake,"""""","""""",Highlands,"""""","{""x"":3586,""y"":3114}","""""","""""","""""",""""""
js/labels.js,waterBodies,20,"""""","""""",Kor's Lake,"""""","""""",Highlands,"""""","{""x"":3575,""y"":3233}","""""","""""","""""",""""""
js/labels.js,waterBodies,21,"""""","""""",Lake Ulthien,"""""","""""",Highlands,"""""","{""x"":3032,""y"":3228}","""""","""""","""""",""""""
js/labels.js,waterBodies,22,"""""","""""",Glutton Lake,"""""","""""",Highlands,"""""","{""x"":3460,""y"":2701}","""""","""""","""""",""""""
js/labels.js,waterBodies,23,"""""","""""",Lake Kallon,"""""","""""",Highlands,"""""","{""x"":3545,""y"":3411}","""""","""""","""""",""""""
js/labels.js,waterBodies,24,"""""","""""",Orc Pond,"""""","""""",Highlands,"""""","{""x"":3182,""y"":3600}","""""","""""","""""",""""""
js/labels.js,waterBodies,25,"""""","""""",Greenmead Lake,"""""","""""",Valley of Giants,"""""","{""x"":3111,""y"":2843}","""""","""""","""""",""""""
js/labels.js,waterBodies,26,"""""","""""",The Choke,"""""","""""",Breakwater,"""""","{""x"":2269,""y"":2176}","""""","""""","""""",""""""
js/labels.js,waterBodies,27,"""""","""""",Broken Lake,"""""","""""",Broken Finger,"""""","{""x"":1447,""y"":3752}","""""","""""","""""",""""""
js/labels.js,waterBodies,28,"""""","""""",Obsidian Lake,"""""","""""",Broken Finger,"""""","{""x"":1353,""y"":3512}","""""","""""","""""",""""""
js/labels.js,waterBodies,29,"""""","""""",Khafra Oasis,"""""","""""",Sands of Creation,"""""","{""x"":217,""y"":3015}","""""","""""","""""",""""""
js/labels.js,waterBodies,30,"""""","""""",Chomper's Oasis,"""""","""""",Sands of Creation,"""""","{""x"":90,""y"":3266}","""""","""""","""""",""""""
js/labels.js,mountains,0,"""""","""""",Medosk Mountains,"""""","""""",Black Swamp,"""""","[{""x"":2980,""y"":3532},{""x"":3150,""y"":3846},{""x"":3482,""y"":3653},{""x"":3764,""y"":3416}]","""""","""""","""""",""""""
js/labels.js,mountains,1,"""""","""""",Eastern Mountains,"""""","""""",Highlands,"""""","[{""x"":3134,""y"":2570},{""x"":3530,""y"":2878},{""x"":3241,""y"":2062},{""x"":3482,""y"":1765},{""x"":3693,""y"":3075}]","""""","""""","""""",""""""
js/underworld-labels.js,upperstairs,0,"""""","""""",Hariab's House,"""""","""""",Sands of Creation,"""""","{""x"":407,""y"":4015}","""""","""""","""""",""""""
js/underworld-labels.js,cities,0,"""""","""""",Grell,"""""","""""",Highlands,"""""","{""x"":2859,""y"":3474}","""""","""""","""""",""""""
js/underworld-labels.js,dungeons,0,"""""","""""",Minotaur Maze,"""""","""""",Highlands,"""""","{""x"":3465,""y"":3101}","""""","""""","""""",""""""
js/underworld-labels.js,dungeons,1,"""""","""""",Mukarramma Dungeon,"""""","""""",Sands of Creation,"""""","{""x"":207,""y"":3795}","""""","""""","""""",""""""
js/underworld-labels.js,crypts,0,"""""","""""",Crypt of Kargoth,"""""","""""",Krythan,"""""","{""x"":435,""y"":847}","""""","""""","""""",""""""
js/underworld-labels.js,crypts,1,"""""","""""",Krythan Crypt,"""""","""""",Krythan,"""""","{""x"":950,""y"":957}","""""","""""","""""",""""""
js/underworld-labels.js,caves,0,"""""","""""",Galen's Hideout,"""""","""""",Silvest Valley,"""""","{""x"":863,""y"":74}","""""","""""","""""",""""""
js/underworld-labels.js,caves,1,"""""","""""",Vel Dran Cave,"""""","""""",Highlands,"""""","{""x"":3145,""y"":3063}","""""","""""","""""",""""""
js/underworld-labels.js,caves,2,"""""","""""",Spore Cave,"""""","""""",Highlands,"""""","{""x"":453,""y"":2507}","""""","""""","""""",""""""
js/underworld-labels.js,caves,3,"""""","""""",Spore Cave Level 2,"""""","""""",Highlands,"""""","{""x"":679,""y"":2410}","""""","""""","""""",""""""
js/underworld-labels.js,caves,4,"""""","""""",Spore Cave Level 3,"""""","""""",Highlands,"""""","{""x"":1526,""y"":2922}","""""","""""","""""",""""""
js/underworld-labels.js,caves,5,"""""","""""",Spore Cave Level 4,"""""","""""",Highlands,"""""","{""x"":1814,""y"":2812}","""""","""""","""""",""""""
js/underworld-labels.js,caves,6,"""""","""""",Elemental Cave Ruhura Side,"""""","""""",Sands of Creation,"""""","{""x"":371,""y"":3660}","""""","""""","""""",""""""
js/underworld-labels.js,caves,7,"""""","""""",Artonian Cave,"""""","""""",Sands of Creation,"""""","{""x"":483,""y"":3583}","""""","""""","""""",""""""
js/underworld-labels.js,caves,8,"""""","""""",Lupinsix's Lair,"""""","""""",Sands of Creation,"""""","{""x"":1452,""y"":3867}","""""","""""","""""",""""""
js/underworld-labels.js,caves,9,"""""","""""",Elemental Cave Khafra Side,"""""","""""",Sands of Creation,"""""","{""x"":126,""y"":3565}","""""","""""","""""",""""""
js/underworld-labels.js,mines,0,"""""","""""",Silvest Mines,"""""","""""",Silvest Valley,"""""","{""x"":1157,""y"":1130}","""""","""""","""""",""""""
js/underworld-labels.js,mines,1,"""""","""""",Dalvon Mines,"""""","""""",Silvest Valley,"""""","{""x"":1426,""y"":1385}","""""","""""","""""",""""""
js/underworld-labels.js,mines,2,"""""","""""",Dalvon Mines Level 2,"""""","""""",Silvest Valley,"""""","{""x"":1460,""y"":1546}","""""","""""","""""",""""""
js/underworld-labels.js,mines,3,"""""","""""",Ethera Palace Mine,"""""","""""",Highlands,"""""","{""x"":3687,""y"":3554}","""""","""""","""""",""""""
js/underworld-labels.js,mines,4,"""""","""""",Ethera Palace Mine (Level 2),"""""","""""",Highlands,"""""","{""x"":3710,""y"":3759}","""""","""""","""""",""""""
js/underworld-labels.js,basements,0,"""""","""""",Silvest Library Basement,"""""","""""",Silvest Valley,"""""","{""x"":1145,""y"":1341}","""""","""""","""""",""""""
js/underworld-labels.js,basements,1,"""""","""""",Coenred's Provisioner Shop Basement,"""""","""""",Silvest Valley,"""""","{""x"":1127,""y"":1358}","""""","""""","""""",""""""
js/underworld-labels.js,basements,2,"""""","""""",Holendar's Mansion Basement,"""""","""""",Krythan,"""""","{""x"":853,""y"":1011}","""""","""""","""""",""""""
js/underworld-labels.js,basements,3,"""""","""""",Whisperdale Library Basement,"""""","""""",Darkwoods,"""""","{""x"":430,""y"":3425}","""""","""""","""""",""""""
js/underworld-labels.js,basements,4,"""""","""""",Emporium Abbey Basement,"""""","""""",Highlands,"""""","{""x"":2767,""y"":3167}","""""","""""","""""",""""""
js/underworld-labels.js,basements,5,"""""","""""",Leather Shop Basement,"""""","""""",Sands of Creation,"""""","{""x"":375,""y"":4051}","""""","""""","""""",""""""
js/underworld-labels.js,catacombs,0,"""""","""""",Jeel Catacombs,"""""","""""",Krythan,"""""","{""x"":292,""y"":806}","""""","""""","""""",""""""
js/underworld-labels.js,catacombs,1,"""""","""""",Chlera Catacombs,"""""","""""",Battle Plains,"""""","{""x"":2422,""y"":3513}","""""","""""","""""",""""""
js/underworld-labels.js,tunnels,0,"""""","""""",Desprail Tunnels,"""""","""""",Battle Plains,"""""","{""x"":2180,""y"":3211}","""""","""""","""""",""""""
js/underworld-labels.js,tunnels,1,"""""","""""",Necropolis Maze Tunnel,"""""","""""",Darkwoods,"""""","{""x"":1363,""y"":2870}","""""","""""","""""",""""""
js/underworld-labels.js,tunnels,2,"""""","""""",Necropolis Basement,"""""","""""",Darkwoods,"""""","{""x"":1363,""y"":2924}","""""","""""","""""",""""""
js/underworld-labels.js,tunnels,3,"""""","""""",Werewolf Island Pass Exit,"""""","""""",Western Isles,"""""","{""x"":472,""y"":2628}","""""","""""","""""",""""""
js/underworld-labels.js,tunnels,4,"""""","""""",Valmond Tunnels,"""""","""""",Western Isles,"""""","{""x"":2674,""y"":2205}","""""","""""","""""",""""""
js/underworld-labels.js,pits,0,"""""","""""",Termigon Pit,"""""","""""",Darkwoods,"""""","{""x"":855,""y"":3341}","""""","""""","""""",""""""
js/underworld-labels.js,pits,1,"""""","""""",Fire Ant Pit,"""""","""""",Darkwoods,"""""","{""x"":831,""y"":3262}","""""","""""","""""",""""""
js/underworld-labels.js,pits,2,"""""","""""",Fire Ant Pit Level 2,"""""","""""",Darkwoods,"""""","{""x"":986,""y"":3246}","""""","""""","""""",""""""
js/underworld-labels.js,pits,3,"""""","""""",Termigon Pit Level 2,"""""","""""",Darkwoods,"""""","{""x"":920,""y"":3278}","""""","""""","""""",""""""
js/underworld-labels.js,pits,4,"""""","""""",Termigon Pit Level 3,"""""","""""",Darkwoods,"""""","{""x"":1025,""y"":3280}","""""","""""","""""",""""""
js/underworld-labels.js,pits,5,"""""","""""",Triddle Cave Level 2,"""""","""""",Darkwoods,"""""","{""x"":980,""y"":3347}","""""","""""","""""",""""""
js/underworld-labels.js,pits,6,"""""","""""",Termigon Pit Level 4,"""""","""""",Darkwoods,"""""","{""x"":1030,""y"":3357}","""""","""""","""""",""""""
js/underworld-labels.js,pits,7,"""""","""""",Termigon Pit Level 5,"""""","""""",Darkwoods,"""""","{""x"":1079,""y"":3277}","""""","""""","""""",""""""
js/underworld-labels.js,pits,8,"""""","""""",Underground Connector,"""""","""""",Darkwoods,"""""","{""x"":800,""y"":3280}","""""","""""","""""",""""""
js/underworld-labels.js,pits,9,"""""","""""",Triddle Cave,"""""","""""",Darkwoods,"""""","{""x"":800,""y"":3326}","""""","""""","""""",""""""
js/underworld-labels.js,pits,10,"""""","""""",Astari Rune Shelter,"""""","""""",Darkwoods,"""""","{""x"":802,""y"":3212}","""""","""""","""""",""""""
js/underworld-labels.js,question,0,"""""","""""",Unknown Underground Place,"""""","""""",Krythan,"""""","{""x"":214,""y"":846}","""""","""""","""""",""""""
